1.588240E+02 9.173288E+01 6.615671E+01 5.291417E+01 4.496211E+01 3.973873E+01 3.609108E+01 3.342849E+01 3.142132E+01 2.987205E+01 1.849072E+01 1.449193E+01 1.285156E+01 6.998766E+00 5.863511E+00 5.277953E+00 4.761198E+00 4.460279E+00 4.319284E+00 3.977996E+00 3.406697E+00 2.741087E+00 2.252330E+00 1.914809E+00 1.664395E+00 1.460527E+00 1.293423E+00 1.185760E+00 6.478612E-01 
9.070506E+01 5.089562E+01 3.658771E+01 2.942633E+01 2.522065E+01 2.249604E+01 2.060930E+01 1.924103E+01 1.821675E+01 1.743363E+01 1.082245E+01 8.639980E+00 7.610738E+00 3.893460E+00 3.311444E+00 2.993420E+00 2.779169E+00 2.650539E+00 2.577454E+00 2.420620E+00 2.095939E+00 1.672847E+00 1.374503E+00 1.177076E+00 1.025676E+00 9.017362E-01 8.038029E-01 7.397967E-01 3.838317E-01 
1.083967E+02 6.126567E+01 4.402433E+01 3.530572E+01 3.015420E+01 2.680539E+01 2.448191E+01 2.279369E+01 2.152635E+01 2.055332E+01 1.274242E+01 1.011726E+01 8.918751E+00 4.639373E+00 3.923950E+00 3.534883E+00 3.248133E+00 3.075780E+00 2.981236E+00 2.780196E+00 2.395238E+00 1.913149E+00 1.569172E+00 1.338374E+00 1.162863E+00 1.019550E+00 9.052729E-01 8.306271E-01 4.827232E-01 
1.110245E+02 6.281224E+01 4.515220E+01 3.621852E+01 3.094301E+01 2.751840E+01 2.514642E+01 2.342630E+01 2.213766E+01 2.115062E+01 1.314867E+01 1.049197E+01 9.292836E+00 4.869668E+00 4.134225E+00 3.734776E+00 3.452694E+00 3.285733E+00 3.194420E+00 2.991248E+00 2.583062E+00 2.059635E+00 1.689070E+00 1.444199E+00 1.257856E+00 1.105403E+00 9.848328E-01 9.062694E-01 4.582353E-01 
2.746864E+02 1.646207E+02 1.200993E+02 9.628282E+01 8.166031E+01 7.191564E+01 6.505415E+01 6.002769E+01 5.623736E+01 5.331761E+01 3.321733E+01 2.572392E+01 2.325241E+01 1.395850E+01 1.170995E+01 1.067623E+01 9.601134E+00 8.997561E+00 8.789748E+00 8.084595E+00 6.912116E+00 5.512818E+00 4.497559E+00 3.835152E+00 3.367718E+00 2.988175E+00 2.681105E+00 2.491349E+00 5.796388E-01 
9.322109E+01 5.242271E+01 3.767964E+01 3.027204E+01 2.590571E+01 2.306645E+01 2.109379E+01 1.965865E+01 1.858112E+01 1.775521E+01 1.103174E+01 8.759257E+00 7.686141E+00 3.995677E+00 3.400948E+00 3.072113E+00 2.859365E+00 2.727250E+00 2.651803E+00 2.496636E+00 2.165571E+00 1.736050E+00 1.431356E+00 1.226166E+00 1.067045E+00 9.367857E-01 8.334999E-01 7.655236E-01 4.408949E-01 
1.497297E+02 8.612471E+01 6.212592E+01 4.977725E+01 4.240751E+01 3.759921E+01 3.426564E+01 3.185129E+01 3.004599E+01 2.866717E+01 1.799391E+01 1.444479E+01 1.297212E+01 7.234425E+00 6.196844E+00 5.643592E+00 5.258443E+00 5.029637E+00 4.922104E+00 4.623467E+00 3.991632E+00 3.184504E+00 2.610260E+00 2.231494E+00 1.953874E+00 1.727728E+00 1.545853E+00 1.429699E+00 4.663845E-01 
1.017772E+02 5.751692E+01 4.132816E+01 3.312587E+01 2.825497E+01 2.506597E+01 2.283624E+01 2.120457E+01 1.997239E+01 1.902236E+01 1.177955E+01 9.245780E+00 8.065862E+00 4.253325E+00 3.602433E+00 3.241825E+00 2.997338E+00 2.842702E+00 2.753590E+00 2.583327E+00 2.237732E+00 1.808050E+00 1.497196E+00 1.278859E+00 1.109062E+00 9.701036E-01 8.578900E-01 7.831396E-01 5.503645E-01 
6.214745E+01 3.440317E+01 2.477639E+01 2.005340E+01 1.730587E+01 1.552994E+01 1.429968E+01 1.340760E+01 1.274084E+01 1.223237E+01 7.504086E+00 5.958000E+00 5.157673E+00 2.470346E+00 2.085138E+00 1.870251E+00 1.708733E+00 1.610464E+00 1.553103E+00 1.436960E+00 1.227130E+00 9.700094E-01 7.886263E-01 6.674454E-01 5.775019E-01 5.044894E-01 4.460800E-01 4.075464E-01 2.763498E-01 
1.071229E+02 6.042975E+01 4.341287E+01 3.482476E+01 2.975758E+01 2.646707E+01 2.418707E+01 2.253204E+01 2.129009E+01 2.033760E+01 1.250429E+01 9.885562E+00 8.714700E+00 4.362041E+00 3.641223E+00 3.264205E+00 2.911941E+00 2.717709E+00 2.623490E+00 2.400769E+00 2.049008E+00 1.637889E+00 1.338417E+00 1.135130E+00 9.851669E-01 8.634453E-01 7.642125E-01 7.001639E-01 4.322419E-01 
1.328999E+02 7.588665E+01 5.464377E+01 4.379063E+01 3.734275E+01 3.314393E+01 3.023360E+01 2.812381E+01 2.654438E+01 2.533602E+01 1.577250E+01 1.256362E+01 1.121226E+01 6.007684E+00 5.101645E+00 4.626447E+00 4.261056E+00 4.059412E+00 3.960236E+00 3.710146E+00 3.215452E+00 2.576608E+00 2.120113E+00 1.819864E+00 1.593380E+00 1.407366E+00 1.259773E+00 1.165233E+00 4.708239E-01 
2.016531E+02 1.184501E+02 8.592619E+01 6.885206E+01 5.851378E+01 5.169908E+01 4.694277E+01 4.347952E+01 4.088035E+01 3.888560E+01 2.449893E+01 1.952328E+01 1.760089E+01 1.047015E+01 9.026095E+00 8.262309E+00 7.743677E+00 7.427430E+00 7.294775E+00 6.886753E+00 5.959285E+00 4.769581E+00 3.919370E+00 3.353793E+00 2.941738E+00 2.608558E+00 2.337166E+00 2.163521E+00 5.754133E-01 
1.430833E+02 8.209977E+01 5.919886E+01 4.744595E+01 4.044437E+01 3.588106E+01 3.271956E+01 3.043212E+01 2.872281E+01 2.741633E+01 1.719683E+01 1.379259E+01 1.236617E+01 6.842909E+00 5.857744E+00 5.335483E+00 4.965944E+00 4.741823E+00 4.638115E+00 4.356844E+00 3.761843E+00 3.002683E+00 2.462193E+00 2.104373E+00 1.841870E+00 1.628428E+00 1.456332E+00 1.346206E+00 4.660266E-01 
1.915339E+02 1.119076E+02 8.098373E+01 6.480609E+01 5.503009E+01 4.858754E+01 4.408440E+01 4.080237E+01 3.833327E+01 3.643183E+01 2.268808E+01 1.788818E+01 1.602392E+01 9.098609E+00 7.665558E+00 6.937779E+00 6.281945E+00 5.879347E+00 5.714430E+00 5.245935E+00 4.448343E+00 3.548751E+00 2.889449E+00 2.434052E+00 2.114895E+00 1.859828E+00 1.644725E+00 1.507652E+00 6.289560E-01 
1.147672E+02 6.507837E+01 4.680925E+01 3.754864E+01 3.207345E+01 2.851630E+01 2.605296E+01 2.426734E+01 2.293011E+01 2.190635E+01 1.366666E+01 1.092885E+01 9.701211E+00 5.169860E+00 4.411570E+00 3.996033E+00 3.725190E+00 3.562088E+00 3.471633E+00 3.269808E+00 2.833954E+00 2.261055E+00 1.857041E+00 1.591662E+00 1.388438E+00 1.221790E+00 1.090758E+00 1.005576E+00 4.685856E-01 
2.328855E+02 1.381513E+02 1.005058E+02 8.055542E+01 6.839229E+01 6.032987E+01 5.468006E+01 5.055846E+01 4.745902E+01 4.507395E+01 2.836008E+01 2.245464E+01 2.025822E+01 1.226623E+01 1.051774E+01 9.619989E+00 8.923876E+00 8.480529E+00 8.309618E+00 7.765305E+00 6.651919E+00 5.303647E+00 4.332869E+00 3.676778E+00 3.213922E+00 2.845695E+00 2.538266E+00 2.342002E+00 6.016041E-01 
1.869288E+02 1.091553E+02 7.897198E+01 6.319718E+01 5.366705E+01 4.738524E+01 4.299274E+01 3.978538E+01 3.736719E+01 3.550035E+01 2.203445E+01 1.724930E+01 1.541305E+01 8.677818E+00 7.312908E+00 6.621400E+00 6.017390E+00 5.686533E+00 5.543846E+00 5.158949E+00 4.458647E+00 3.594380E+00 2.965148E+00 2.542075E+00 2.224470E+00 1.963746E+00 1.754040E+00 1.620331E+00 6.766478E-01 
1.551026E+02 8.931758E+01 6.442907E+01 5.160039E+01 4.393492E+01 3.892977E+01 3.545989E+01 3.294792E+01 3.106992E+01 2.963319E+01 1.853596E+01 1.482666E+01 1.331271E+01 7.365865E+00 6.264882E+00 5.690676E+00 5.235880E+00 4.958213E+00 4.833922E+00 4.492686E+00 3.844932E+00 3.058405E+00 2.493127E+00 2.115475E+00 1.846696E+00 1.629104E+00 1.450506E+00 1.336990E+00 4.678552E-01 
1.247052E+02 7.110167E+01 5.115570E+01 4.096642E+01 3.490066E+01 3.093585E+01 2.817318E+01 2.615818E+01 2.463977E+01 2.346939E+01 1.459101E+01 1.153868E+01 1.018112E+01 5.486286E+00 4.653788E+00 4.198345E+00 3.880578E+00 3.681849E+00 3.573823E+00 3.342961E+00 2.881346E+00 2.313124E+00 1.903837E+00 1.621555E+00 1.408495E+00 1.234503E+00 1.093358E+00 1.000443E+00 5.767512E-01 
1.019604E+02 5.752438E+01 4.131764E+01 3.312846E+01 2.828263E+01 2.512207E+01 2.292033E+01 2.131412E+01 2.010391E+01 1.917214E+01 1.188132E+01 9.385536E+00 8.212164E+00 4.309898E+00 3.653675E+00 3.286989E+00 3.047576E+00 2.892852E+00 2.799895E+00 2.623917E+00 2.261870E+00 1.810107E+00 1.487976E+00 1.264723E+00 1.094279E+00 9.556315E-01 8.434301E-01 7.673388E-01 5.157604E-01 
1.074701E+02 6.070498E+01 4.365615E+01 3.505638E+01 2.999007E+01 2.670823E+01 2.443974E+01 2.279901E+01 2.157378E+01 2.063841E+01 1.285001E+01 1.029672E+01 9.147168E+00 4.759148E+00 4.045990E+00 3.665461E+00 3.383578E+00 3.222280E+00 3.139907E+00 2.936617E+00 2.536052E+00 2.023468E+00 1.659130E+00 1.419735E+00 1.240538E+00 1.094216E+00 9.778532E-01 9.027440E-01 3.935639E-01 
1.044897E+02 5.896176E+01 4.237169E+01 3.400313E+01 2.906869E+01 2.586557E+01 2.364569E+01 2.203453E+01 2.082659E+01 1.990099E+01 1.236127E+01 9.845023E+00 8.687729E+00 4.522149E+00 3.838471E+00 3.464720E+00 3.204940E+00 3.048563E+00 2.960182E+00 2.772639E+00 2.395502E+00 1.911754E+00 1.568941E+00 1.341282E+00 1.167042E+00 1.024502E+00 9.116236E-01 8.379137E-01 4.580340E-01 
9.383708E+01 5.271585E+01 3.785374E+01 3.038300E+01 2.597620E+01 2.310718E+01 2.111053E+01 1.965522E+01 1.856000E+01 1.771801E+01 1.093039E+01 8.618802E+00 7.522643E+00 3.831995E+00 3.228270E+00 2.896370E+00 2.648232E+00 2.496640E+00 2.410554E+00 2.239450E+00 1.925432E+00 1.542331E+00 1.266802E+00 1.077558E+00 9.330998E-01 8.151504E-01 7.202876E-01 6.577050E-01 4.704206E-01 
1.005035E+02 5.652651E+01 4.058989E+01 3.257784E+01 2.786567E+01 2.481326E+01 2.270119E+01 2.117011E+01 2.002291E+01 1.914400E+01 1.188627E+01 9.502404E+00 8.369670E+00 4.328570E+00 3.671512E+00 3.303127E+00 3.065545E+00 2.910662E+00 2.815251E+00 2.631677E+00 2.257417E+00 1.782940E+00 1.450764E+00 1.228871E+00 1.062483E+00 9.276521E-01 8.196409E-01 7.460737E-01 4.116573E-01 
9.022436E+01 5.054479E+01 3.628840E+01 2.915258E+01 2.496024E+01 2.224111E+01 2.035495E+01 1.898397E+01 1.795463E+01 1.716489E+01 1.062207E+01 8.442803E+00 7.382100E+00 3.770213E+00 3.192008E+00 2.866542E+00 2.656239E+00 2.518467E+00 2.432271E+00 2.273210E+00 1.952577E+00 1.547301E+00 1.262504E+00 1.070386E+00 9.244736E-01 8.060475E-01 7.112508E-01 6.466459E-01 4.112375E-01 
8.564062E+01 4.792018E+01 3.442950E+01 2.769493E+01 2.374430E+01 2.118354E+01 1.940805E+01 1.811858E+01 1.715187E+01 1.641178E+01 1.014447E+01 8.060838E+00 7.056527E+00 3.555373E+00 3.008543E+00 2.706848E+00 2.491473E+00 2.360697E+00 2.286176E+00 2.132979E+00 1.836924E+00 1.463634E+00 1.198928E+00 1.021795E+00 8.868557E-01 7.767506E-01 6.891643E-01 6.315786E-01 3.930108E-01 
1.682090E+02 9.731648E+01 7.028473E+01 5.628750E+01 4.789785E+01 4.241183E+01 3.860430E+01 3.584698E+01 3.378527E+01 3.220912E+01 2.016355E+01 1.612820E+01 1.453179E+01 8.153973E+00 6.939264E+00 6.312860E+00 5.796229E+00 5.482016E+00 5.353319E+00 4.967170E+00 4.238808E+00 3.367121E+00 2.739872E+00 2.320679E+00 2.026542E+00 1.790286E+00 1.594577E+00 1.470857E+00 4.684449E-01 
2.022632E+02 1.184478E+02 8.577466E+01 6.865302E+01 5.829064E+01 5.145945E+01 4.668941E+01 4.321639E+01 4.060725E+01 3.860121E+01 2.396528E+01 1.880560E+01 1.692846E+01 9.555325E+00 8.022071E+00 7.274032E+00 6.551191E+00 6.162846E+00 6.009844E+00 5.542803E+00 4.757727E+00 3.805966E+00 3.115979E+00 2.661389E+00 2.330776E+00 2.061064E+00 1.843665E+00 1.707058E+00 5.763589E-01 
1.081982E+02 6.116890E+01 4.396896E+01 3.527233E+01 3.013424E+01 2.679453E+01 2.447743E+01 2.279442E+01 2.153174E+01 2.056348E+01 1.276474E+01 1.015528E+01 8.973434E+00 4.676122E+00 3.963763E+00 3.578483E+00 3.299663E+00 3.135052E+00 3.045267E+00 2.849944E+00 2.464220E+00 1.971955E+00 1.621457E+00 1.387458E+00 1.208767E+00 1.062101E+00 9.456205E-01 8.697579E-01 4.579339E-01 
1.221930E+02 6.919704E+01 4.973372E+01 3.987377E+01 3.405681E+01 3.029374E+01 2.770106E+01 2.583265E+01 2.444071E+01 2.337992E+01 1.441066E+01 1.151277E+01 1.029309E+01 5.160455E+00 4.296807E+00 3.862207E+00 3.412314E+00 3.171217E+00 3.064996E+00 2.772909E+00 2.342270E+00 1.848969E+00 1.491303E+00 1.256805E+00 1.093094E+00 9.608344E-01 8.525206E-01 7.841982E-01 3.541224E-01 
8.030932E+01 4.478757E+01 3.217848E+01 2.591411E+01 2.225083E+01 1.988124E+01 1.824060E+01 1.705043E+01 1.615915E+01 1.547756E+01 9.527692E+00 7.572780E+00 6.616851E+00 3.247803E+00 2.734960E+00 2.453595E+00 2.236749E+00 2.109557E+00 2.037874E+00 1.888323E+00 1.618889E+00 1.285234E+00 1.048771E+00 8.912667E-01 7.724225E-01 6.757009E-01 5.987015E-01 5.481664E-01 3.529165E-01 
1.113750E+02 6.301155E+01 4.532560E+01 3.638922E+01 3.112041E+01 2.770777E+01 2.535180E+01 2.364831E+01 2.237589E+01 2.140489E+01 1.333302E+01 1.068734E+01 9.514024E+00 4.975596E+00 4.232167E+00 3.837316E+00 3.541269E+00 3.370472E+00 3.286245E+00 3.075359E+00 2.656236E+00 2.117335E+00 1.735413E+00 1.485239E+00 1.298352E+00 1.145572E+00 1.024427E+00 9.464520E-01 3.937748E-01 
1.966893E+02 1.148540E+02 8.313734E+01 6.656562E+01 5.656511E+01 4.999108E+01 4.541417E+01 4.209207E+01 3.960406E+01 3.769760E+01 2.350181E+01 1.861640E+01 1.683641E+01 9.554511E+00 8.077157E+00 7.350839E+00 6.673197E+00 6.301423E+00 6.161895E+00 5.702539E+00 4.889881E+00 3.894550E+00 3.177387E+00 2.711404E+00 2.379329E+00 2.107713E+00 1.889409E+00 1.752980E+00 4.834621E-01 
9.709075E+01 5.461158E+01 3.922165E+01 3.147913E+01 2.691468E+01 2.394757E+01 2.188638E+01 2.038656E+01 1.925914E+01 1.839316E+01 1.140232E+01 9.050723E+00 7.932273E+00 4.114073E+00 3.488676E+00 3.139083E+00 2.911490E+00 2.764102E+00 2.675179E+00 2.504516E+00 2.154553E+00 1.715400E+00 1.404526E+00 1.191710E+00 1.030881E+00 9.003191E-01 7.948157E-01 7.229830E-01 4.536379E-01 
1.685916E+02 9.761752E+01 7.045528E+01 5.636441E+01 4.789883E+01 4.234355E+01 3.847300E+01 3.565749E+01 3.354170E+01 3.191454E+01 1.981262E+01 1.562187E+01 1.395534E+01 7.681885E+00 6.461781E+00 5.836720E+00 5.290849E+00 4.980937E+00 4.841045E+00 4.474601E+00 3.839099E+00 3.073505E+00 2.518025E+00 2.145761E+00 1.871596E+00 1.648155E+00 1.466930E+00 1.351408E+00 5.782131E-01 
9.800425E+01 5.521388E+01 3.965886E+01 3.181223E+01 2.717206E+01 2.414567E+01 2.203661E+01 2.049758E+01 1.933814E+01 1.844584E+01 1.142969E+01 9.022451E+00 7.883421E+00 4.125967E+00 3.499964E+00 3.150424E+00 2.924536E+00 2.778979E+00 2.690807E+00 2.524577E+00 2.180510E+00 1.747549E+00 1.438833E+00 1.225498E+00 1.061192E+00 9.273180E-01 8.195014E-01 7.466794E-01 5.068636E-01 
1.169725E+02 6.628353E+01 4.766861E+01 3.824349E+01 3.268393E+01 2.908558E+01 2.660390E+01 2.481257E+01 2.347591E+01 2.245645E+01 1.402696E+01 1.128905E+01 1.007178E+01 5.335305E+00 4.550557E+00 4.124418E+00 3.834634E+00 3.660346E+00 3.565292E+00 3.344845E+00 2.886514E+00 2.287632E+00 1.867575E+00 1.596562E+00 1.393107E+00 1.226596E+00 1.095878E+00 1.011576E+00 4.100328E-01 
1.003358E+02 5.666186E+01 4.072935E+01 3.267414E+01 2.790195E+01 2.478608E+01 2.261240E+01 2.102544E+01 1.982987E+01 1.891023E+01 1.173771E+01 9.259392E+00 8.109761E+00 4.276708E+00 3.636455E+00 3.282381E+00 3.054170E+00 2.914168E+00 2.833462E+00 2.672075E+00 2.324748E+00 1.875708E+00 1.554554E+00 1.334744E+00 1.161821E+00 1.019485E+00 9.065381E-01 8.319894E-01 5.098554E-01 
1.554505E+02 8.980084E+01 6.483912E+01 5.193769E+01 4.420635E+01 3.914352E+01 3.561980E+01 3.305715E+01 3.113318E+01 2.965705E+01 1.861572E+01 1.483247E+01 1.325820E+01 7.504221E+00 6.434915E+00 5.863432E+00 5.478332E+00 5.241017E+00 5.129275E+00 4.837414E+00 4.190355E+00 3.364730E+00 2.772771E+00 2.372588E+00 2.075814E+00 1.834916E+00 1.638775E+00 1.511801E+00 5.727595E-01 
1.642763E+02 9.504044E+01 6.859626E+01 5.489631E+01 4.667031E+01 4.126973E+01 3.750393E+01 3.476054E+01 3.269637E+01 3.110598E+01 1.925956E+01 1.511261E+01 1.347805E+01 7.370586E+00 6.199615E+00 5.603741E+00 5.075247E+00 4.792669E+00 4.668065E+00 4.338469E+00 3.750354E+00 3.023190E+00 2.493706E+00 2.137952E+00 1.870006E+00 1.649089E+00 1.472181E+00 1.358636E+00 6.180853E-01 
1.049306E+02 5.919167E+01 4.251969E+01 3.410710E+01 2.914417E+01 2.592182E+01 2.368792E+01 2.206574E+01 2.084858E+01 1.991493E+01 1.237662E+01 9.867972E+00 8.694951E+00 4.548378E+00 3.861862E+00 3.479014E+00 3.230407E+00 3.069699E+00 2.973664E+00 2.783902E+00 2.392402E+00 1.899075E+00 1.551064E+00 1.315537E+00 1.138964E+00 9.957601E-01 8.802212E-01 8.019750E-01 4.541614E-01 
9.946578E+01 5.603850E+01 4.027996E+01 3.234999E+01 2.768009E+01 2.465060E+01 2.255155E+01 2.102844E+01 1.988706E+01 1.901324E+01 1.183800E+01 9.450821E+00 8.337456E+00 4.361095E+00 3.717481E+00 3.361616E+00 3.133290E+00 2.990805E+00 2.908801E+00 2.736860E+00 2.368730E+00 1.889227E+00 1.551221E+00 1.327179E+00 1.155152E+00 1.014628E+00 9.037011E-01 8.310599E-01 4.414643E-01 
6.703098E+01 3.721735E+01 2.679138E+01 2.165385E+01 1.865893E+01 1.672161E+01 1.537922E+01 1.440563E+01 1.367797E+01 1.312317E+01 8.101729E+00 6.448886E+00 5.611468E+00 2.776302E+00 2.360904E+00 2.129709E+00 1.980594E+00 1.887120E+00 1.831023E+00 1.717556E+00 1.482271E+00 1.176415E+00 9.628829E-01 8.220273E-01 7.136872E-01 6.255979E-01 5.562933E-01 5.104185E-01 3.102175E-01 
1.511194E+02 8.711398E+01 6.281605E+01 5.026874E+01 4.274936E+01 3.781776E+01 3.437822E+01 3.187116E+01 2.998286E+01 2.852774E+01 1.776616E+01 1.402334E+01 1.245206E+01 6.889450E+00 5.848831E+00 5.290924E+00 4.885226E+00 4.647246E+00 4.524590E+00 4.246290E+00 3.682953E+00 2.963982E+00 2.446954E+00 2.098828E+00 1.831461E+00 1.611570E+00 1.436596E+00 1.322931E+00 6.475085E-01 
1.424609E+02 8.173559E+01 5.890472E+01 4.717695E+01 4.017929E+01 3.560838E+01 3.243252E+01 3.012450E+01 2.839155E+01 2.706005E+01 1.692371E+01 1.351040E+01 1.204584E+01 6.677652E+00 5.709080E+00 5.179234E+00 4.828674E+00 4.608313E+00 4.494106E+00 4.222881E+00 3.636156E+00 2.902477E+00 2.378312E+00 2.018479E+00 1.755770E+00 1.543335E+00 1.367727E+00 1.248277E+00 5.376505E-01 
1.112340E+02 6.283904E+01 4.517229E+01 3.625992E+01 3.101691E+01 2.763119E+01 2.530059E+01 2.362106E+01 2.237035E+01 2.141796E+01 1.338272E+01 1.081512E+01 9.648189E+00 5.061169E+00 4.313797E+00 3.903179E+00 3.625242E+00 3.448681E+00 3.352828E+00 3.131283E+00 2.677849E+00 2.108110E+00 1.708216E+00 1.444790E+00 1.255417E+00 1.102209E+00 9.782071E-01 8.965193E-01 3.596588E-01 
1.107174E+02 6.259610E+01 4.499787E+01 3.610483E+01 3.085944E+01 2.745876E+01 2.510801E+01 2.340658E+01 2.213422E+01 2.116140E+01 1.317283E+01 1.055898E+01 9.375409E+00 4.890013E+00 4.146726E+00 3.744358E+00 3.447363E+00 3.262082E+00 3.164901E+00 2.940154E+00 2.512013E+00 1.991699E+00 1.620803E+00 1.370671E+00 1.190474E+00 1.044530E+00 9.249593E-01 8.471007E-01 4.034949E-01 
1.891732E+02 1.109046E+02 8.038258E+01 6.438803E+01 5.470440E+01 4.830591E+01 4.382645E+01 4.055237E+01 3.808212E+01 3.617588E+01 2.268159E+01 1.788647E+01 1.598794E+01 9.305817E+00 7.945811E+00 7.240985E+00 6.701756E+00 6.376155E+00 6.240889E+00 5.856518E+00 5.067868E+00 4.096970E+00 3.387163E+00 2.900445E+00 2.540952E+00 2.247036E+00 2.006626E+00 1.853086E+00 7.292797E-01 
8.775080E+01 4.918001E+01 3.531427E+01 2.836319E+01 2.426644E+01 2.159822E+01 1.973976E+01 1.838384E+01 1.736311E+01 1.657842E+01 1.024399E+01 8.081275E+00 7.031289E+00 3.611364E+00 3.057880E+00 2.747005E+00 2.544446E+00 2.412158E+00 2.330460E+00 2.181866E+00 1.880076E+00 1.502168E+00 1.233633E+00 1.047954E+00 9.054451E-01 7.895780E-01 6.962053E-01 6.325455E-01 4.531887E-01 
1.859640E+02 1.084072E+02 7.840042E+01 6.274319E+01 5.329785E+01 4.708162E+01 4.274261E+01 3.957976E+01 3.719938E+01 3.536655E+01 2.193638E+01 1.720660E+01 1.542072E+01 8.618083E+00 7.253312E+00 6.571362E+00 5.952757E+00 5.624572E+00 5.487117E+00 5.096054E+00 4.400593E+00 3.538593E+00 2.912935E+00 2.497103E+00 2.187458E+00 1.932420E+00 1.728438E+00 1.598597E+00 6.192192E-01 
1.198674E+02 6.806964E+01 4.895949E+01 3.925352E+01 3.350965E+01 2.977890E+01 2.719653E+01 2.532568E+01 2.392531E+01 2.285346E+01 1.424566E+01 1.139146E+01 1.012993E+01 5.392707E+00 4.591697E+00 4.157483E+00 3.859931E+00 3.684439E+00 3.588271E+00 3.369397E+00 2.914820E+00 2.323494E+00 1.905921E+00 1.632183E+00 1.423866E+00 1.253190E+00 1.118614E+00 1.031405E+00 4.706247E-01 
1.122612E+02 6.372478E+01 4.585844E+01 3.678915E+01 3.141278E+01 2.790776E+01 2.547049E+01 2.369706E+01 2.236534E+01 2.134405E+01 1.333124E+01 1.060305E+01 9.374717E+00 5.047988E+00 4.318838E+00 3.921122E+00 3.673420E+00 3.522862E+00 3.439712E+00 3.256350E+00 2.839543E+00 2.286933E+00 1.893313E+00 1.629669E+00 1.425262E+00 1.257027E+00 1.123934E+00 1.037482E+00 4.917640E-01 
1.655694E+02 9.596148E+01 6.928579E+01 5.543906E+01 4.711000E+01 4.163266E+01 3.780571E+01 3.501297E+01 3.290748E+01 3.128257E+01 1.938850E+01 1.517306E+01 1.348532E+01 7.436134E+00 6.259135E+00 5.656205E+00 5.139870E+00 4.853257E+00 4.721215E+00 4.395502E+00 3.804642E+00 3.074092E+00 2.541683E+00 2.179584E+00 1.903612E+00 1.677379E+00 1.495295E+00 1.378037E+00 6.754213E-01 
1.404656E+02 8.059821E+01 5.806931E+01 4.648837E+01 3.956918E+01 3.503991E+01 3.188392E+01 2.958443E+01 2.785455E+01 2.652262E+01 1.653856E+01 1.311186E+01 1.162805E+01 6.390257E+00 5.429408E+00 4.909512E+00 4.535433E+00 4.297103E+00 4.174903E+00 3.893501E+00 3.336010E+00 2.672758E+00 2.191599E+00 1.852973E+00 1.607214E+00 1.409651E+00 1.243718E+00 1.132904E+00 5.860259E-01 
8.937263E+01 4.998355E+01 3.591444E+01 2.891119E+01 2.482665E+01 2.219994E+01 2.039426E+01 1.909341E+01 1.812505E+01 1.738838E+01 1.076842E+01 8.672143E+00 7.675084E+00 3.792886E+00 3.202347E+00 2.882889E+00 2.631203E+00 2.484611E+00 2.406472E+00 2.225286E+00 1.899075E+00 1.493440E+00 1.208455E+00 1.024231E+00 8.897725E-01 7.806181E-01 6.939269E-01 6.379951E-01 3.051738E-01 
1.710532E+02 9.920502E+01 7.164539E+01 5.733421E+01 4.872817E+01 4.307475E+01 3.913355E+01 3.626285E+01 3.410246E+01 3.243936E+01 2.010758E+01 1.577750E+01 1.409137E+01 7.765597E+00 6.534802E+00 5.913704E+00 5.361262E+00 5.063151E+00 4.932197E+00 4.585527E+00 3.963326E+00 3.191069E+00 2.630770E+00 2.255535E+00 1.972779E+00 1.741605E+00 1.555822E+00 1.437206E+00 6.183723E-01 
5.071433E+01 2.795503E+01 2.017479E+01 1.637578E+01 1.415952E+01 1.271859E+01 1.171534E+01 1.098557E+01 1.043900E+01 1.002106E+01 6.085825E+00 4.767296E+00 4.063130E+00 1.932678E+00 1.629539E+00 1.457585E+00 1.334236E+00 1.256964E+00 1.208842E+00 1.119882E+00 9.575426E-01 7.579376E-01 6.177178E-01 5.229100E-01 4.509102E-01 3.926049E-01 3.461507E-01 3.149824E-01 2.621153E-01 
8.816110E+01 4.928837E+01 3.541747E+01 2.851380E+01 2.448504E+01 2.189138E+01 2.010602E+01 1.881791E+01 1.785757E+01 1.712631E+01 1.057587E+01 8.489465E+00 7.499560E+00 3.672413E+00 3.091234E+00 2.778997E+00 2.517572E+00 2.369157E+00 2.291655E+00 2.108796E+00 1.796819E+00 1.417114E+00 1.147725E+00 9.717015E-01 8.439032E-01 7.403599E-01 6.573340E-01 6.037668E-01 3.049665E-01 
1.090655E+02 6.170715E+01 4.438326E+01 3.562448E+01 3.045234E+01 2.709415E+01 2.476805E+01 2.308146E+01 2.181851E+01 2.085151E+01 1.299701E+01 1.038887E+01 9.208299E+00 4.858465E+00 4.138063E+00 3.747596E+00 3.472030E+00 3.301595E+00 3.214702E+00 3.009470E+00 2.590197E+00 2.067629E+00 1.694675E+00 1.442165E+00 1.255956E+00 1.104970E+00 9.820667E-01 9.019213E-01 4.289187E-01 
1.404604E+02 8.043772E+01 5.792421E+01 4.637909E+01 3.950300E+01 3.502015E+01 3.191163E+01 2.965827E+01 2.797059E+01 2.667706E+01 1.666357E+01 1.330945E+01 1.187255E+01 6.488963E+00 5.522862E+00 5.001765E+00 4.631414E+00 4.404482E+00 4.285613E+00 4.007438E+00 3.449481E+00 2.745854E+00 2.245568E+00 1.914708E+00 1.668624E+00 1.467681E+00 1.307085E+00 1.203607E+00 5.286902E-01 
1.078668E+02 6.092165E+01 4.378896E+01 3.514012E+01 3.004107E+01 2.673527E+01 2.444892E+01 2.279333E+01 2.155466E+01 2.060723E+01 1.281896E+01 1.025648E+01 9.085556E+00 4.720361E+00 3.999568E+00 3.608226E+00 3.316825E+00 3.136527E+00 3.043067E+00 2.825008E+00 2.412806E+00 1.916019E+00 1.560579E+00 1.319255E+00 1.144999E+00 1.004180E+00 8.885825E-01 8.129908E-01 4.033590E-01 
1.083708E+02 6.136795E+01 4.411627E+01 3.537089E+01 3.018787E+01 2.680630E+01 2.445169E+01 2.273521E+01 2.144289E+01 2.044866E+01 1.270826E+01 1.005632E+01 8.840997E+00 4.700906E+00 3.998926E+00 3.611243E+00 3.359848E+00 3.204864E+00 3.115022E+00 2.933598E+00 2.546218E+00 2.045603E+00 1.689201E+00 1.447975E+00 1.259684E+00 1.105201E+00 9.828790E-01 9.022877E-01 5.419385E-01 
1.018681E+02 5.746262E+01 4.130136E+01 3.315389E+01 2.834853E+01 2.522657E+01 2.306067E+01 2.148719E+01 2.030669E+01 1.940183E+01 1.206995E+01 9.609174E+00 8.468044E+00 4.441434E+00 3.782362E+00 3.419016E+00 3.183707E+00 3.038674E+00 2.954168E+00 2.779662E+00 2.408855E+00 1.925758E+00 1.584153E+00 1.356794E+00 1.181043E+00 1.037094E+00 9.234391E-01 8.489786E-01 4.678872E-01 
1.224349E+02 6.964772E+01 5.010638E+01 4.015969E+01 3.426280E+01 3.042654E+01 2.776720E+01 2.583786E+01 2.439161E+01 2.328294E+01 1.451928E+01 1.158712E+01 1.029070E+01 5.523749E+00 4.705766E+00 4.259220E+00 3.957464E+00 3.775847E+00 3.676845E+00 3.455094E+00 2.990067E+00 2.386946E+00 1.959706E+00 1.677953E+00 1.463036E+00 1.286766E+00 1.147594E+00 1.057247E+00 5.040514E-01 
1.259806E+02 7.179525E+01 5.165647E+01 4.138067E+01 3.527339E+01 3.129104E+01 2.852430E+01 2.651277E+01 2.500179E+01 2.384108E+01 1.484493E+01 1.180175E+01 1.046104E+01 5.613948E+00 4.764910E+00 4.304991E+00 3.974013E+00 3.770965E+00 3.663363E+00 3.424341E+00 2.951896E+00 2.361884E+00 1.939457E+00 1.654552E+00 1.440457E+00 1.265199E+00 1.124364E+00 1.032932E+00 5.277355E-01 
9.938547E+01 5.594924E+01 4.020451E+01 3.228471E+01 2.762165E+01 2.459664E+01 2.250052E+01 2.097933E+01 1.983926E+01 1.896626E+01 1.175538E+01 9.359186E+00 8.249124E+00 4.220979E+00 3.567856E+00 3.214182E+00 2.945841E+00 2.785686E+00 2.700139E+00 2.508865E+00 2.154262E+00 1.718328E+00 1.406361E+00 1.196014E+00 1.039478E+00 9.119561E-01 8.089582E-01 7.419934E-01 4.080609E-01 
9.740850E+01 5.484291E+01 3.940832E+01 3.163962E+01 2.705755E+01 2.407778E+01 2.200744E+01 2.050111E+01 1.936950E+01 1.850116E+01 1.147082E+01 9.094391E+00 7.981659E+00 4.142579E+00 3.517311E+00 3.172911E+00 2.941154E+00 2.799607E+00 2.717482E+00 2.552119E+00 2.210970E+00 1.770759E+00 1.458322E+00 1.248418E+00 1.085277E+00 9.517772E-01 8.461881E-01 7.766031E-01 4.694438E-01 
1.870379E+02 1.095662E+02 7.937518E+01 6.355841E+01 5.398077E+01 4.765715E+01 4.322793E+01 3.998957E+01 3.754464E+01 3.565601E+01 2.232015E+01 1.758958E+01 1.569293E+01 9.127017E+00 7.795818E+00 7.087715E+00 6.583935E+00 6.283884E+00 6.144494E+00 5.778542E+00 5.011124E+00 4.043795E+00 3.343484E+00 2.867039E+00 2.508554E+00 2.215300E+00 1.978044E+00 1.825866E+00 7.289770E-01 
1.554608E+02 8.962526E+01 6.466467E+01 5.178108E+01 4.407156E+01 3.902897E+01 3.552361E+01 3.297653E+01 3.106649E+01 2.960137E+01 1.854628E+01 1.483286E+01 1.327667E+01 7.474999E+00 6.402379E+00 5.817775E+00 5.430770E+00 5.188464E+00 5.066122E+00 4.760310E+00 4.096032E+00 3.263579E+00 2.670152E+00 2.264818E+00 1.971054E+00 1.734631E+00 1.538690E+00 1.405399E+00 5.383830E-01 
1.409113E+02 8.080160E+01 5.822164E+01 4.662928E+01 3.971409E+01 3.519724E+01 3.205845E+01 2.977790E+01 2.806700E+01 2.675404E+01 1.673815E+01 1.335485E+01 1.189514E+01 6.581221E+00 5.624192E+00 5.101386E+00 4.758027E+00 4.539154E+00 4.421651E+00 4.154320E+00 3.578651E+00 2.857233E+00 2.341845E+00 1.988055E+00 1.728879E+00 1.519509E+00 1.346492E+00 1.229190E+00 5.375764E-01 
1.244857E+02 7.086392E+01 5.100461E+01 4.089196E+01 3.489514E+01 3.099425E+01 2.829027E+01 2.632923E+01 2.486052E+01 2.373531E+01 1.478550E+01 1.179713E+01 1.049756E+01 5.594346E+00 4.745992E+00 4.295039E+00 3.937825E+00 3.724624E+00 3.625284E+00 3.367136E+00 2.884110E+00 2.302670E+00 1.882735E+00 1.597471E+00 1.391372E+00 1.224110E+00 1.086869E+00 9.984474E-01 4.662007E-01 
2.032102E+02 1.196218E+02 8.679993E+01 6.953243E+01 5.905626E+01 5.213258E+01 4.728237E+01 4.373722E+01 4.106526E+01 3.900558E+01 2.446329E+01 1.932228E+01 1.732944E+01 1.023350E+01 8.763414E+00 7.991596E+00 7.432736E+00 7.106268E+00 6.966102E+00 6.560006E+00 5.691560E+00 4.582367E+00 3.782034E+00 3.247807E+00 2.850383E+00 2.523595E+00 2.261268E+00 2.094518E+00 6.802309E-01 
1.261246E+02 7.177840E+01 5.165876E+01 4.142229E+01 3.536426E+01 3.143565E+01 2.872367E+01 2.676541E+01 2.530474E+01 2.419053E+01 1.515756E+01 1.221245E+01 1.092217E+01 5.904084E+00 5.051472E+00 4.586779E+00 4.281651E+00 4.093631E+00 3.992712E+00 3.753299E+00 3.238723E+00 2.568309E+00 2.097392E+00 1.791722E+00 1.564169E+00 1.378470E+00 1.231687E+00 1.137080E+00 4.304052E-01 
1.101125E+02 6.231450E+01 4.480561E+01 3.594922E+01 3.071970E+01 2.732422E+01 2.497224E+01 2.326655E+01 2.198876E+01 2.101034E+01 1.309990E+01 1.046500E+01 9.267823E+00 4.909811E+00 4.187192E+00 3.790735E+00 3.533212E+00 3.375757E+00 3.286090E+00 3.093272E+00 2.680263E+00 2.139005E+00 1.757137E+00 1.505429E+00 1.312205E+00 1.153696E+00 1.029101E+00 9.477549E-01 4.683649E-01 
1.474257E+02 8.458422E+01 6.092244E+01 4.876183E+01 4.150798E+01 3.677523E+01 3.349264E+01 3.111256E+01 2.932975E+01 2.796324E+01 1.740377E+01 1.385069E+01 1.237634E+01 6.724450E+00 5.698342E+00 5.155371E+00 4.738966E+00 4.501605E+00 4.381091E+00 4.089300E+00 3.525813E+00 2.808842E+00 2.299362E+00 1.965859E+00 1.715456E+00 1.510282E+00 1.348030E+00 1.243390E+00 5.332403E-01 
1.191503E+02 6.750425E+01 4.853580E+01 3.893171E+01 3.327151E+01 2.961439E+01 2.709790E+01 2.528601E+01 2.393784E+01 2.291173E+01 1.433691E+01 1.160669E+01 1.038902E+01 5.511026E+00 4.701804E+00 4.258144E+00 3.958644E+00 3.768238E+00 3.665479E+00 3.424157E+00 2.927452E+00 2.301531E+00 1.863009E+00 1.575676E+00 1.369907E+00 1.203725E+00 1.069384E+00 9.811035E-01 3.600026E-01 
1.252791E+02 7.146526E+01 5.141092E+01 4.115410E+01 3.503949E+01 3.103611E+01 2.824152E+01 2.620013E+01 2.465939E+01 2.347017E+01 1.458982E+01 1.151408E+01 1.013297E+01 5.497020E+00 4.669550E+00 4.209859E+00 3.909112E+00 3.714955E+00 3.602025E+00 3.382487E+00 2.922100E+00 2.347956E+00 1.935425E+00 1.647686E+00 1.428204E+00 1.249549E+00 1.103966E+00 1.005279E+00 6.062465E-01 
1.321980E+02 7.555735E+01 5.436644E+01 4.351037E+01 3.703741E+01 3.280381E+01 2.985408E+01 2.770347E+01 2.608343E+01 2.483482E+01 1.542052E+01 1.216972E+01 1.074363E+01 5.802836E+00 4.910417E+00 4.426287E+00 4.074387E+00 3.861240E+00 3.745482E+00 3.499450E+00 3.020520E+00 2.424066E+00 1.995569E+00 1.704377E+00 1.481411E+00 1.298810E+00 1.152774E+00 1.057367E+00 6.280828E-01 
1.200137E+02 6.827652E+01 4.908738E+01 3.930052E+01 3.347738E+01 2.966921E+01 2.701340E+01 2.507440E+01 2.361159E+01 2.248305E+01 1.396432E+01 1.102173E+01 9.683957E+00 5.219573E+00 4.431883E+00 3.992577E+00 3.708002E+00 3.525124E+00 3.416627E+00 3.207968E+00 2.771368E+00 2.222349E+00 1.829730E+00 1.558534E+00 1.350374E+00 1.180730E+00 1.043802E+00 9.514757E-01 6.061737E-01 
1.797013E+02 1.049056E+02 7.594881E+01 6.083207E+01 5.170942E+01 4.570218E+01 4.150507E+01 3.844547E+01 3.614389E+01 3.437256E+01 2.157047E+01 1.708123E+01 1.528384E+01 8.862774E+00 7.599692E+00 6.931403E+00 6.474373E+00 6.204289E+00 6.079531E+00 5.746702E+00 5.005628E+00 4.034942E+00 3.338620E+00 2.874657E+00 2.523003E+00 2.233596E+00 2.003363E+00 1.856186E+00 6.511276E-01 
1.165534E+02 6.606706E+01 4.752673E+01 3.813590E+01 3.259148E+01 2.899814E+01 2.651594E+01 2.472139E+01 2.338137E+01 2.235930E+01 1.393564E+01 1.118265E+01 9.971429E+00 5.233745E+00 4.444853E+00 4.026872E+00 3.702979E+00 3.517001E+00 3.426428E+00 3.191161E+00 2.744239E+00 2.184778E+00 1.785795E+00 1.523162E+00 1.330403E+00 1.173412E+00 1.047425E+00 9.667605E-01 3.982328E-01 
1.426217E+02 8.190900E+01 5.903520E+01 4.727151E+01 4.024231E+01 3.564076E+01 3.243568E+01 3.010158E+01 2.834569E+01 2.699386E+01 1.678655E+01 1.326774E+01 1.178859E+01 6.423161E+00 5.439002E+00 4.919870E+00 4.509235E+00 4.269416E+00 4.156965E+00 3.877760E+00 3.346320E+00 2.692940E+00 2.219101E+00 1.897071E+00 1.655662E+00 1.458296E+00 1.298577E+00 1.195779E+00 5.773397E-01 
9.414799E+01 5.274950E+01 3.789856E+01 3.048733E+01 2.616023E+01 2.337821E+01 2.146782E+01 2.009299E+01 1.907060E+01 1.829341E+01 1.134102E+01 9.145644E+00 8.116624E+00 4.033689E+00 3.405977E+00 3.068277E+00 2.797663E+00 2.640452E+00 2.557561E+00 2.362127E+00 2.014260E+00 1.583004E+00 1.279617E+00 1.084084E+00 9.423616E-01 8.272312E-01 7.356871E-01 6.768433E-01 3.053470E-01 
1.285438E+02 7.335362E+01 5.277670E+01 4.225647E+01 3.599432E+01 3.190388E+01 2.905741E+01 2.698467E+01 2.542494E+01 2.422426E+01 1.508288E+01 1.196227E+01 1.057480E+01 5.737675E+00 4.877994E+00 4.403197E+00 4.083811E+00 3.879998E+00 3.766096E+00 3.528639E+00 3.039399E+00 2.430090E+00 1.994544E+00 1.696503E+00 1.472569E+00 1.290451E+00 1.142862E+00 1.045037E+00 5.859688E-01 
1.323156E+02 7.555592E+01 5.438849E+01 4.356943E+01 3.714023E+01 3.295419E+01 3.005302E+01 2.794969E+01 2.637422E+01 2.516718E+01 1.573727E+01 1.259008E+01 1.121850E+01 6.117319E+00 5.221729E+00 4.732127E+00 4.408345E+00 4.208597E+00 4.100118E+00 3.852543E+00 3.327264E+00 2.649824E+00 2.170663E+00 1.855032E+00 1.617278E+00 1.422716E+00 1.268513E+00 1.168603E+00 5.180781E-01 
1.073963E+02 6.061409E+01 4.356008E+01 3.495367E+01 2.988039E+01 2.659123E+01 2.431544E+01 2.266643E+01 2.143151E+01 2.048619E+01 1.267863E+01 1.010891E+01 8.948239E+00 4.567623E+00 3.846613E+00 3.462787E+00 3.142059E+00 2.956162E+00 2.864229E+00 2.644507E+00 2.261206E+00 1.799402E+00 1.467821E+00 1.245705E+00 1.083109E+00 9.504853E-01 8.432746E-01 7.742328E-01 3.988277E-01 
1.356443E+02 7.738373E+01 5.572608E+01 4.467697E+01 3.812999E+01 3.388768E+01 3.096438E+01 2.885913E+01 2.729381E+01 2.610360E+01 1.636807E+01 1.325220E+01 1.192851E+01 6.476963E+00 5.533423E+00 5.029734E+00 4.657324E+00 4.418528E+00 4.307206E+00 4.004624E+00 3.399945E+00 2.674845E+00 2.159984E+00 1.810707E+00 1.572926E+00 1.384193E+00 1.223897E+00 1.117150E+00 3.603323E-01 
8.490846E+01 4.747580E+01 3.410142E+01 2.742704E+01 2.351059E+01 2.097041E+01 1.920780E+01 1.792664E+01 1.696522E+01 1.622838E+01 9.992528E+00 7.913990E+00 6.912682E+00 3.441641E+00 2.900354E+00 2.603602E+00 2.379166E+00 2.247867E+00 2.173629E+00 2.020986E+00 1.739379E+00 1.387742E+00 1.137592E+00 9.694526E-01 8.407721E-01 7.357988E-01 6.522862E-01 5.972427E-01 3.940231E-01 
1.978883E+02 1.160205E+02 8.405609E+01 6.729496E+01 5.714780E+01 5.045254E+01 4.577046E+01 4.235462E+01 3.978174E+01 3.779837E+01 2.355690E+01 1.851284E+01 1.660373E+01 9.535224E+00 8.079603E+00 7.340351E+00 6.717185E+00 6.369348E+00 6.224810E+00 5.810322E+00 5.022152E+00 4.038971E+00 3.327081E+00 2.853223E+00 2.500826E+00 2.212122E+00 1.980121E+00 1.833298E+00 6.498280E-01 
1.239453E+02 7.054038E+01 5.075083E+01 4.067349E+01 3.469795E+01 3.081067E+01 2.811693E+01 2.616404E+01 2.470077E+01 2.357962E+01 1.471553E+01 1.175259E+01 1.044450E+01 5.616751E+00 4.786495E+00 4.334762E+00 4.029694E+00 3.845302E+00 3.743631E+00 3.516635E+00 3.042342E+00 2.427623E+00 1.992386E+00 1.705656E+00 1.487458E+00 1.308524E+00 1.167205E+00 1.075583E+00 5.041557E-01 
1.588758E+02 9.175696E+01 6.619943E+01 5.297939E+01 4.505096E+01 3.985290E+01 3.623171E+01 3.359559E+01 3.161368E+01 3.008977E+01 1.872759E+01 1.480410E+01 1.320355E+01 7.292695E+00 6.175384E+00 5.588482E+00 5.127486E+00 4.866586E+00 4.741802E+00 4.430588E+00 3.830252E+00 3.075633E+00 2.532685E+00 2.170047E+00 1.896118E+00 1.670792E+00 1.491074E+00 1.375767E+00 5.886109E-01 
9.910929E+01 5.572649E+01 4.002026E+01 3.212667E+01 2.748325E+01 2.447391E+01 2.239016E+01 2.087875E+01 1.974644E+01 1.887886E+01 1.172356E+01 9.362991E+00 8.239279E+00 4.259722E+00 3.614138E+00 3.252493E+00 3.018009E+00 2.864957E+00 2.771627E+00 2.592114E+00 2.225443E+00 1.761408E+00 1.435396E+00 1.215927E+00 1.051433E+00 9.181550E-01 8.108193E-01 7.372742E-01 4.114621E-01 
1.484650E+02 8.559172E+01 6.173652E+01 4.942064E+01 4.203537E+01 3.718572E+01 3.379778E+01 3.132236E+01 2.945361E+01 2.800930E+01 1.740599E+01 1.367952E+01 1.212236E+01 6.689760E+00 5.672457E+00 5.133466E+00 4.726652E+00 4.497765E+00 4.386343E+00 4.117408E+00 3.580755E+00 2.898967E+00 2.404185E+00 2.066619E+00 1.806107E+00 1.591503E+00 1.419980E+00 1.308760E+00 6.562795E-01 
1.664399E+02 9.622502E+01 6.948241E+01 5.564739E+01 4.735911E+01 4.193982E+01 3.818043E+01 3.545839E+01 3.342241E+01 3.186488E+01 1.994294E+01 1.595828E+01 1.437874E+01 8.048653E+00 6.847172E+00 6.227441E+00 5.713037E+00 5.404349E+00 5.278478E+00 4.892916E+00 4.174434E+00 3.316136E+00 2.697718E+00 2.283925E+00 1.994318E+00 1.761019E+00 1.568144E+00 1.445802E+00 4.683595E-01 
1.634496E+02 9.469978E+01 6.837942E+01 5.472456E+01 4.651513E+01 4.111946E+01 3.735229E+01 3.460457E+01 3.253416E+01 3.093764E+01 1.924266E+01 1.513276E+01 1.346485E+01 7.499040E+00 6.348759E+00 5.748119E+00 5.277254E+00 5.008576E+00 4.878240E+00 4.562820E+00 3.954795E+00 3.190978E+00 2.637121E+00 2.262806E+00 1.977925E+00 1.743919E+00 1.556270E+00 1.435300E+00 6.478177E-01 
1.562049E+02 8.999877E+01 6.493391E+01 5.201275E+01 4.429076E+01 3.924785E+01 3.575026E+01 3.321672E+01 3.132310E+01 2.987549E+01 1.867384E+01 1.490501E+01 1.339293E+01 7.397118E+00 6.291974E+00 5.723066E+00 5.266507E+00 5.007550E+00 4.893296E+00 4.570084E+00 3.944947E+00 3.150682E+00 2.582799E+00 2.211328E+00 1.938551E+00 1.714920E+00 1.536814E+00 1.423774E+00 4.774498E-01 
9.486746E+01 5.337769E+01 3.833406E+01 3.075410E+01 2.627198E+01 2.334683E+01 2.130656E+01 1.981659E+01 1.869323E+01 1.782825E+01 1.103214E+01 8.689859E+00 7.574834E+00 3.952270E+00 3.350747E+00 3.013622E+00 2.795548E+00 2.654615E+00 2.569107E+00 2.411020E+00 2.083847E+00 1.671943E+00 1.377791E+00 1.173852E+00 1.016078E+00 8.874192E-01 7.838980E-01 7.139426E-01 5.066764E-01 
9.052547E+01 5.076643E+01 3.648920E+01 2.935131E+01 2.516589E+01 2.245849E+01 2.058636E+01 1.923034E+01 1.821621E+01 1.744169E+01 1.083839E+01 8.671703E+00 7.642796E+00 3.911465E+00 3.328683E+00 3.008269E+00 2.796714E+00 2.668126E+00 2.594189E+00 2.435723E+00 2.104933E+00 1.673939E+00 1.371502E+00 1.172841E+00 1.020815E+00 8.966805E-01 7.990612E-01 7.350611E-01 3.839875E-01 
1.099408E+02 6.229207E+01 4.477498E+01 3.588353E+01 3.060713E+01 2.716078E+01 2.475813E+01 2.300422E+01 2.168233E+01 2.066417E+01 1.280638E+01 1.010086E+01 8.869437E+00 4.673711E+00 3.955313E+00 3.563524E+00 3.283827E+00 3.113569E+00 3.018417E+00 2.824660E+00 2.444297E+00 1.968405E+00 1.625613E+00 1.390162E+00 1.208379E+00 1.059232E+00 9.395707E-01 8.609976E-01 5.390904E-01 
2.583275E+02 1.548589E+02 1.130519E+02 9.070416E+01 7.699424E+01 6.786001E+01 6.142794E+01 5.671791E+01 5.316447E+01 5.042355E+01 3.178020E+01 2.499909E+01 2.252377E+01 1.396604E+01 1.200766E+01 1.101078E+01 1.026314E+01 9.819977E+00 9.648327E+00 9.080446E+00 7.869024E+00 6.321917E+00 5.205796E+00 4.469180E+00 3.932749E+00 3.493867E+00 3.140766E+00 2.920050E+00 6.837820E-01 
1.183304E+02 6.717998E+01 4.830174E+01 3.870533E+01 3.301549E+01 2.930933E+01 2.673518E+01 2.486371E+01 2.345856E+01 2.237936E+01 1.387450E+01 1.099972E+01 9.726251E+00 5.096584E+00 4.302209E+00 3.876456E+00 3.545454E+00 3.352671E+00 3.252911E+00 3.029013E+00 2.611592E+00 2.092270E+00 1.719135E+00 1.467891E+00 1.277431E+00 1.121579E+00 9.967377E-01 9.156095E-01 4.985154E-01 
1.501104E+02 8.642406E+01 6.229437E+01 4.984917E+01 4.240079E+01 3.752305E+01 3.412696E+01 3.165510E+01 2.979585E+01 2.836491E+01 1.768858E+01 1.400987E+01 1.245299E+01 6.905029E+00 5.874611E+00 5.318048E+00 4.929183E+00 4.696685E+00 4.571700E+00 4.291953E+00 3.716641E+00 2.978837E+00 2.452075E+00 2.100859E+00 1.832152E+00 1.611461E+00 1.436552E+00 1.322936E+00 6.477206E-01 
1.297959E+02 7.396292E+01 5.320642E+01 4.261654E+01 3.633084E+01 3.224125E+01 2.940804E+01 2.735401E+01 2.581528E+01 2.463601E+01 1.532629E+01 1.222117E+01 1.087642E+01 5.803237E+00 4.916944E+00 4.441650E+00 4.085099E+00 3.875377E+00 3.766517E+00 3.513098E+00 3.024733E+00 2.408103E+00 1.969634E+00 1.680830E+00 1.464154E+00 1.286890E+00 1.146088E+00 1.055173E+00 4.993908E-01 
1.001789E+02 5.654752E+01 4.063213E+01 3.258649E+01 2.781975E+01 2.470545E+01 2.253240E+01 2.094509E+01 1.974820E+01 1.882650E+01 1.166931E+01 9.191291E+00 8.034549E+00 4.237009E+00 3.598586E+00 3.244155E+00 3.014517E+00 2.871394E+00 2.786744E+00 2.623605E+00 2.278865E+00 1.835485E+00 1.518480E+00 1.301404E+00 1.130380E+00 9.900999E-01 8.787480E-01 8.049793E-01 5.414726E-01 
9.496611E+01 5.346766E+01 3.843886E+01 3.087776E+01 2.641591E+01 2.351135E+01 2.149133E+01 2.002088E+01 1.891600E+01 1.806815E+01 1.122211E+01 8.899907E+00 7.815180E+00 4.081711E+00 3.476807E+00 3.145017E+00 2.925940E+00 2.791382E+00 2.717296E+00 2.560042E+00 2.223181E+00 1.787098E+00 1.476639E+00 1.266548E+00 1.103824E+00 9.706079E-01 8.647345E-01 7.951923E-01 4.406713E-01 
8.598697E+01 4.806173E+01 3.452469E+01 2.777697E+01 2.382528E+01 2.126759E+01 1.949724E+01 1.821345E+01 1.725215E+01 1.651687E+01 1.015471E+01 8.070397E+00 7.075203E+00 3.459783E+00 2.903016E+00 2.602450E+00 2.350343E+00 2.207350E+00 2.130198E+00 1.962043E+00 1.678193E+00 1.334455E+00 1.088572E+00 9.240757E-01 8.016353E-01 7.017146E-01 6.215510E-01 5.693170E-01 3.528989E-01 
1.431402E+02 8.212030E+01 5.916284E+01 4.736713E+01 4.032899E+01 3.573209E+01 3.253853E+01 3.021881E+01 2.847821E+01 2.714285E+01 1.692605E+01 1.346607E+01 1.200289E+01 6.552880E+00 5.563526E+00 5.035375E+00 4.641716E+00 4.407028E+00 4.289226E+00 4.008333E+00 3.457509E+00 2.764650E+00 2.268521E+00 1.938289E+00 1.690745E+00 1.488110E+00 1.326153E+00 1.221821E+00 5.411409E-01 
1.174357E+02 6.657558E+01 4.788531E+01 3.841795E+01 3.283026E+01 2.921120E+01 2.671359E+01 2.490979E+01 2.356404E+01 2.253748E+01 1.407084E+01 1.131439E+01 1.009642E+01 5.332537E+00 4.540058E+00 4.112340E+00 3.806478E+00 3.625534E+00 3.532730E+00 3.305214E+00 2.846794E+00 2.259373E+00 1.845093E+00 1.575159E+00 1.374757E+00 1.211168E+00 1.081228E+00 9.978114E-01 3.985680E-01 
1.772262E+02 1.028122E+02 7.424933E+01 5.941007E+01 5.048783E+01 4.463266E+01 4.055544E+01 3.759207E+01 3.536879E+01 3.366280E+01 2.085259E+01 1.640814E+01 1.472610E+01 8.070150E+00 6.764739E+00 6.120172E+00 5.504825E+00 5.179289E+00 5.041128E+00 4.649618E+00 3.995156E+00 3.199052E+00 2.621549E+00 2.240168E+00 1.959905E+00 1.730958E+00 1.546736E+00 1.429924E+00 5.485897E-01 
1.322156E+02 7.555596E+01 5.437483E+01 4.352974E+01 3.706922E+01 3.284950E+01 2.991475E+01 2.777877E+01 2.617224E+01 2.493604E+01 1.553964E+01 1.233476E+01 1.091912E+01 5.948795E+00 5.059269E+00 4.569707E+00 4.239133E+00 4.027875E+00 3.910110E+00 3.661921E+00 3.152698E+00 2.519299E+00 2.066438E+00 1.757025E+00 1.525297E+00 1.336920E+00 1.184175E+00 1.082955E+00 5.861554E-01 
1.695871E+02 9.830285E+01 7.099683E+01 5.682599E+01 4.831018E+01 4.271945E+01 3.882038E+01 3.598273E+01 3.385016E+01 3.220961E+01 2.001287E+01 1.578441E+01 1.412213E+01 7.820301E+00 6.598657E+00 5.976036E+00 5.437008E+00 5.141692E+00 5.013407E+00 4.657934E+00 4.017942E+00 3.227124E+00 2.654074E+00 2.271641E+00 1.987181E+00 1.753978E+00 1.566764E+00 1.447382E+00 5.889040E-01 
8.384209E+01 4.691019E+01 3.370183E+01 2.710308E+01 2.322439E+01 2.070364E+01 1.895127E+01 1.767572E+01 1.671771E+01 1.598322E+01 9.885201E+00 7.825978E+00 6.823762E+00 3.472231E+00 2.942415E+00 2.647670E+00 2.448033E+00 2.320514E+00 2.245250E+00 2.098704E+00 1.806756E+00 1.442502E+00 1.183464E+00 1.006302E+00 8.715227E-01 7.617958E-01 6.736571E-01 6.149880E-01 4.157637E-01 
1.557316E+02 8.982051E+01 6.477349E+01 5.183404E+01 4.408375E+01 3.900824E+01 3.547599E+01 3.290685E+01 3.097562E+01 2.949023E+01 1.839909E+01 1.458927E+01 1.299947E+01 7.236557E+00 6.157386E+00 5.576919E+00 5.161967E+00 4.915057E+00 4.785946E+00 4.488954E+00 3.883067E+00 3.106832E+00 2.553137E+00 2.186018E+00 1.907237E+00 1.678639E+00 1.497459E+00 1.380355E+00 6.316378E-01 
1.150887E+02 6.526310E+01 4.691601E+01 3.760324E+01 3.208723E+01 2.849647E+01 2.600379E+01 2.419211E+01 2.283147E+01 2.178668E+01 1.353712E+01 1.075137E+01 9.494997E+00 5.015733E+00 4.252102E+00 3.836411E+00 3.539866E+00 3.360071E+00 3.260740E+00 3.048334E+00 2.630440E+00 2.103452E+00 1.727353E+00 1.475045E+00 1.282876E+00 1.125572E+00 1.000242E+00 9.184930E-01 5.142906E-01 
1.248138E+02 7.101004E+01 5.108556E+01 4.094492E+01 3.493748E+01 3.103487E+01 2.833537E+01 2.638132E+01 2.491972E+01 2.380169E+01 1.486399E+01 1.190627E+01 1.060531E+01 5.694776E+00 4.853563E+00 4.396921E+00 4.086469E+00 3.899393E+00 3.797430E+00 3.563616E+00 3.077705E+00 2.448336E+00 2.004540E+00 1.714429E+00 1.495261E+00 1.315799E+00 1.174411E+00 1.082927E+00 4.763441E-01 
1.033581E+02 5.821532E+01 4.181680E+01 3.355948E+01 2.869790E+01 2.554760E+01 2.336841E+01 2.178900E+01 2.060590E+01 1.969966E+01 1.224736E+01 9.795232E+00 8.641036E+00 4.501377E+00 3.824004E+00 3.445931E+00 3.201496E+00 3.043269E+00 2.947375E+00 2.757005E+00 2.366545E+00 1.872861E+00 1.525891E+00 1.291886E+00 1.118116E+00 9.773704E-01 8.632914E-01 7.848995E-01 4.115333E-01 
1.548703E+02 8.922185E+01 6.432715E+01 5.148181E+01 4.379674E+01 3.876924E+01 3.527455E+01 3.273645E+01 3.083222E+01 2.937010E+01 1.832245E+01 1.456367E+01 1.300489E+01 7.205770E+00 6.128925E+00 5.551782E+00 5.132127E+00 4.885148E+00 4.758406E+00 4.457994E+00 3.851731E+00 3.074833E+00 2.522079E+00 2.158277E+00 1.884077E+00 1.659154E+00 1.481040E+00 1.366254E+00 5.888076E-01 
1.085707E+02 6.136595E+01 4.410718E+01 3.538588E+01 3.023845E+01 2.689716E+01 2.458270E+01 2.290386E+01 2.164573E+01 2.068175E+01 1.285126E+01 1.024679E+01 9.063454E+00 4.737341E+00 4.021441E+00 3.631249E+00 3.357124E+00 3.194025E+00 3.104387E+00 2.907837E+00 2.512148E+00 2.003642E+00 1.643429E+00 1.405182E+00 1.223399E+00 1.074582E+00 9.569380E-01 8.802791E-01 4.581222E-01 
1.423565E+02 8.162654E+01 5.885857E+01 4.718653E+01 4.024046E+01 3.571885E+01 3.258885E+01 3.032331E+01 2.863136E+01 2.733975E+01 1.714725E+01 1.378807E+01 1.239473E+01 6.848846E+00 5.872500E+00 5.354918E+00 4.994940E+00 4.792397E+00 4.700120E+00 4.429933E+00 3.843410E+00 3.069544E+00 2.521482E+00 2.166474E+00 1.902268E+00 1.685061E+00 1.513867E+00 1.404819E+00 4.386581E-01 
1.338668E+02 7.658731E+01 5.513372E+01 4.413597E+01 3.757725E+01 3.328849E+01 3.030155E+01 2.812516E+01 2.648679E+01 2.522502E+01 1.570313E+01 1.244039E+01 1.101522E+01 5.988668E+00 5.081677E+00 4.589613E+00 4.238923E+00 4.019750E+00 3.902635E+00 3.646782E+00 3.140686E+00 2.517351E+00 2.068756E+00 1.761414E+00 1.531042E+00 1.343460E+00 1.191101E+00 1.091408E+00 5.869436E-01 
1.766968E+02 1.026124E+02 7.408840E+01 5.924245E+01 5.030337E+01 4.442853E+01 4.033103E+01 3.734662E+01 3.510170E+01 3.337266E+01 2.074903E+01 1.635883E+01 1.459832E+01 8.168584E+00 6.891523E+00 6.223695E+00 5.675705E+00 5.350543E+00 5.195588E+00 4.816238E+00 4.129862E+00 3.296787E+00 2.696318E+00 2.294745E+00 1.997843E+00 1.755656E+00 1.560547E+00 1.435422E+00 6.718270E-01 
2.776054E+02 1.664948E+02 1.215021E+02 9.742087E+01 8.263291E+01 7.277165E+01 6.582565E+01 6.073671E+01 5.689990E+01 5.394421E+01 3.360113E+01 2.598891E+01 2.350039E+01 1.411550E+01 1.182776E+01 1.078590E+01 9.678924E+00 9.055253E+00 8.846756E+00 8.126585E+00 6.943230E+00 5.534992E+00 4.514093E+00 3.847579E+00 3.379031E+00 2.998129E+00 2.690769E+00 2.500491E+00 5.797709E-01 
1.179380E+02 6.703273E+01 4.819673E+01 3.860485E+01 3.290557E+01 2.918358E+01 2.659066E+01 2.469983E+01 2.327533E+01 2.217796E+01 1.377913E+01 1.089552E+01 9.590689E+00 5.135522E+00 4.357325E+00 3.928504E+00 3.635997E+00 3.451778E+00 3.348225E+00 3.135875E+00 2.705450E+00 2.169616E+00 1.785454E+00 1.521663E+00 1.320692E+00 1.156663E+00 1.024484E+00 9.373065E-01 5.764773E-01 
1.309457E+02 7.472573E+01 5.381611E+01 4.314784E+01 3.681629E+01 3.270218E+01 2.985760E+01 2.780080E+01 2.626477E+01 2.509166E+01 1.572162E+01 1.264511E+01 1.132429E+01 6.166487E+00 5.279418E+00 4.800326E+00 4.486529E+00 4.299542E+00 4.200986E+00 3.957927E+00 3.429440E+00 2.731054E+00 2.239246E+00 1.920488E+00 1.680213E+00 1.483651E+00 1.328935E+00 1.229418E+00 4.382379E-01 
1.564078E+02 9.019477E+01 6.510392E+01 5.216092E+01 4.442373E+01 3.937093E+01 3.586832E+01 3.333359E+01 3.143962E+01 2.999185E+01 1.883641E+01 1.511353E+01 1.359253E+01 7.643246E+00 6.551458E+00 5.973645E+00 5.568759E+00 5.323307E+00 5.209673E+00 4.894846E+00 4.226685E+00 3.370956E+00 2.761511E+00 2.360608E+00 2.068287E+00 1.829751E+00 1.637825E+00 1.515723E+00 4.666141E-01 
1.469676E+02 8.457096E+01 6.095665E+01 4.878227E+01 4.149353E+01 3.671482E+01 3.338226E+01 3.095293E+01 2.912270E+01 2.771195E+01 1.724072E+01 1.360848E+01 1.207547E+01 6.634783E+00 5.625367E+00 5.085000E+00 4.685869E+00 4.450974E+00 4.329937E+00 4.057038E+00 3.515680E+00 2.830741E+00 2.336953E+00 2.003403E+00 1.747492E+00 1.537103E+00 1.369263E+00 1.260318E+00 6.309619E-01 
6.575760E+01 3.644964E+01 2.624073E+01 2.122681E+01 1.831418E+01 1.643611E+01 1.513824E+01 1.419879E+01 1.349741E+01 1.296296E+01 7.973645E+00 6.359839E+00 5.532488E+00 2.661982E+00 2.249062E+00 2.019683E+00 1.849587E+00 1.746401E+00 1.686838E+00 1.562417E+00 1.334152E+00 1.051452E+00 8.529782E-01 7.219462E-01 6.250664E-01 5.465454E-01 4.839536E-01 4.428355E-01 2.766059E-01 
1.514502E+02 8.726628E+01 6.290503E+01 5.032717E+01 4.279102E+01 3.784960E+01 3.440377E+01 3.189102E+01 2.999764E+01 2.853774E+01 1.774759E+01 1.399647E+01 1.241896E+01 6.861450E+00 5.819467E+00 5.259488E+00 4.852766E+00 4.614932E+00 4.489281E+00 4.208921E+00 3.645586E+00 2.928884E+00 2.415020E+00 2.069538E+00 1.804057E+00 1.585835E+00 1.412525E+00 1.299643E+00 6.752633E-01 
9.338866E+01 5.250829E+01 3.771232E+01 3.026524E+01 2.586495E+01 2.299461E+01 2.099364E+01 1.953336E+01 1.843323E+01 1.758690E+01 1.088036E+01 8.576944E+00 7.479891E+00 3.876530E+00 3.282113E+00 2.951622E+00 2.727988E+00 2.584622E+00 2.500109E+00 2.337704E+00 2.014270E+00 1.615880E+00 1.329972E+00 1.130746E+00 9.787637E-01 8.548566E-01 7.544698E-01 6.872873E-01 4.864819E-01 
1.742863E+02 1.011941E+02 7.310339E+01 5.850120E+01 4.971427E+01 4.393962E+01 3.991316E+01 3.698108E+01 3.477509E+01 3.307666E+01 2.050885E+01 1.608995E+01 1.438099E+01 7.948688E+00 6.688777E+00 6.055128E+00 5.488320E+00 5.182581E+00 5.049375E+00 4.693299E+00 4.055713E+00 3.264201E+00 2.690143E+00 2.306371E+00 2.017751E+00 1.781675E+00 1.592114E+00 1.471212E+00 6.185566E-01 
1.168988E+02 6.642054E+01 4.778768E+01 3.831266E+01 3.269161E+01 2.902639E+01 2.647791E+01 2.462342E+01 2.322943E+01 2.215767E+01 1.376398E+01 1.090733E+01 9.644891E+00 5.120818E+00 4.347395E+00 3.931437E+00 3.625996E+00 3.448984E+00 3.359656E+00 3.151126E+00 2.731744E+00 2.199047E+00 1.815873E+00 1.557146E+00 1.359518E+00 1.197211E+00 1.067519E+00 9.832350E-01 5.031091E-01 
1.060792E+02 5.985264E+01 4.302403E+01 3.454617E+01 2.955911E+01 2.633361E+01 2.410761E+01 2.249913E+01 2.129875E+01 2.038292E+01 1.270932E+01 1.021313E+01 9.070889E+00 4.727629E+00 4.023858E+00 3.641142E+00 3.377275E+00 3.216957E+00 3.128964E+00 2.928891E+00 2.522967E+00 2.000981E+00 1.633735E+00 1.394188E+00 1.214651E+00 1.068128E+00 9.522237E-01 8.772314E-01 3.981436E-01 
1.165987E+02 6.614126E+01 4.757104E+01 3.814792E+01 3.256971E+01 2.894227E+01 2.642815E+01 2.460372E+01 2.323515E+01 2.218622E+01 1.376283E+01 1.093751E+01 9.697175E+00 5.076793E+00 4.298197E+00 3.885048E+00 3.567089E+00 3.387405E+00 3.295147E+00 3.079548E+00 2.664686E+00 2.135996E+00 1.757617E+00 1.505914E+00 1.314708E+00 1.158044E+00 1.033355E+00 9.524987E-01 4.539360E-01 
1.740672E+02 1.012059E+02 7.312666E+01 5.850730E+01 4.969610E+01 4.389634E+01 3.984300E+01 3.688351E+01 3.465195E+01 3.292999E+01 2.044217E+01 1.601664E+01 1.426121E+01 7.954067E+00 6.706564E+00 6.065149E+00 5.530520E+00 5.235490E+00 5.097633E+00 4.750452E+00 4.111939E+00 3.318148E+00 2.741485E+00 2.351584E+00 2.055191E+00 1.811649E+00 1.616335E+00 1.490779E+00 6.759393E-01 
1.512649E+02 8.699396E+01 6.273897E+01 5.025631E+01 4.280452E+01 3.794057E+01 3.456817E+01 3.212652E+01 3.030012E+01 2.890330E+01 1.805802E+01 1.441725E+01 1.293756E+01 7.104999E+00 6.041624E+00 5.491983E+00 5.054350E+00 4.807194E+00 4.694957E+00 4.384443E+00 3.784644E+00 3.024852E+00 2.480313E+00 2.123485E+00 1.860916E+00 1.645694E+00 1.473842E+00 1.364984E+00 4.771938E-01 
1.080180E+02 6.103244E+01 4.386728E+01 3.519740E+01 3.008242E+01 2.676344E+01 2.446520E+01 2.279867E+01 2.155018E+01 2.059370E+01 1.280039E+01 1.021332E+01 9.036837E+00 4.723487E+00 4.012501E+00 3.624459E+00 3.355055E+00 3.194786E+00 3.106049E+00 2.912275E+00 2.517361E+00 2.007196E+00 1.646267E+00 1.408175E+00 1.226449E+00 1.077488E+00 9.599013E-01 8.832470E-01 4.539929E-01 
1.135683E+02 6.431075E+01 4.622078E+01 3.705401E+01 3.163316E+01 2.810986E+01 2.566715E+01 2.389405E+01 2.256460E+01 2.154491E+01 1.337300E+01 1.063868E+01 9.405910E+00 4.918669E+00 4.161188E+00 3.751737E+00 3.447389E+00 3.265528E+00 3.167088E+00 2.951316E+00 2.540533E+00 2.026763E+00 1.660388E+00 1.415846E+00 1.231119E+00 1.080190E+00 9.597340E-01 8.814330E-01 4.829075E-01 
1.649008E+02 9.526355E+01 6.872449E+01 5.499137E+01 4.675601E+01 4.136004E+01 3.760499E+01 3.487550E+01 3.282659E+01 3.125395E+01 1.935257E+01 1.524785E+01 1.364654E+01 7.403740E+00 6.212895E+00 5.613970E+00 5.063366E+00 4.770981E+00 4.641920E+00 4.291384E+00 3.693107E+00 2.960087E+00 2.429524E+00 2.077435E+00 1.815916E+00 1.601919E+00 1.430151E+00 1.320776E+00 5.481595E-01 
1.261415E+02 7.192253E+01 5.174606E+01 4.144074E+01 3.531120E+01 3.131027E+01 2.852741E+01 2.650159E+01 2.497771E+01 2.380527E+01 1.483542E+01 1.178138E+01 1.041772E+01 5.662681E+00 4.825852E+00 4.360814E+00 4.065181E+00 3.878229E+00 3.769706E+00 3.548135E+00 3.070061E+00 2.455324E+00 2.018665E+00 1.723966E+00 1.498429E+00 1.314106E+00 1.166835E+00 1.068771E+00 5.735906E-01 
1.239555E+02 7.025647E+01 5.051918E+01 4.051912E+01 3.462538E+01 3.082076E+01 2.820733E+01 2.633001E+01 2.493748E+01 2.388111E+01 1.484688E+01 1.199104E+01 1.078595E+01 5.561933E+00 4.696347E+00 4.248023E+00 3.855508E+00 3.640157E+00 3.541530E+00 3.268375E+00 2.790522E+00 2.194736E+00 1.774509E+00 1.507445E+00 1.316472E+00 1.161278E+00 1.037743E+00 9.597461E-01 3.097400E-01 
1.055904E+02 5.964536E+01 4.284619E+01 3.434858E+01 2.932071E+01 2.604539E+01 2.376675E+01 2.210653E+01 2.085696E+01 1.989565E+01 1.234568E+01 9.776223E+00 8.576010E+00 4.513734E+00 3.828855E+00 3.446887E+00 3.196500E+00 3.034302E+00 2.937150E+00 2.750670E+00 2.368810E+00 1.892294E+00 1.552868E+00 1.318949E+00 1.141589E+00 9.974776E-01 8.806744E-01 8.017056E-01 5.130414E-01 
1.233546E+02 7.023686E+01 5.052663E+01 4.047733E+01 3.450864E+01 3.061748E+01 2.791389E+01 2.594781E+01 2.447046E+01 2.333514E+01 1.454296E+01 1.156480E+01 1.023594E+01 5.524000E+00 4.702941E+00 4.250464E+00 3.949206E+00 3.759824E+00 3.654651E+00 3.430209E+00 2.961589E+00 2.367526E+00 1.944279E+00 1.658829E+00 1.442857E+00 1.266425E+00 1.125036E+00 1.032295E+00 5.491801E-01 
1.589651E+02 9.179738E+01 6.619778E+01 5.294758E+01 4.499317E+01 3.977162E+01 3.612907E+01 3.347296E+01 3.147190E+01 2.992877E+01 1.856538E+01 1.461135E+01 1.298346E+01 7.121196E+00 5.994096E+00 5.403874E+00 4.916316E+00 4.628364E+00 4.488168E+00 4.156560E+00 3.569089E+00 2.863617E+00 2.350907E+00 2.001909E+00 1.741300E+00 1.529087E+00 1.356848E+00 1.245687E+00 6.483507E-01 
1.373157E+02 7.883738E+01 5.679252E+01 4.544789E+01 3.865718E+01 3.419878E+01 3.108143E+01 2.880120E+01 2.707814E+01 2.574642E+01 1.602556E+01 1.260747E+01 1.111091E+01 6.136314E+00 5.217588E+00 4.710921E+00 4.375308E+00 4.164461E+00 4.047694E+00 3.807112E+00 3.297985E+00 2.661576E+00 2.201995E+00 1.881903E+00 1.636012E+00 1.434759E+00 1.271726E+00 1.163635E+00 6.792096E-01 
1.272933E+02 7.262123E+01 5.224333E+01 4.182553E+01 3.562205E+01 3.156755E+01 2.874351E+01 2.668475E+01 2.513385E+01 2.393878E+01 1.486307E+01 1.173645E+01 1.035681E+01 5.572450E+00 4.720932E+00 4.256742E+00 3.924955E+00 3.724412E+00 3.614932E+00 3.384015E+00 2.926375E+00 2.350181E+00 1.936350E+00 1.655749E+00 1.440124E+00 1.263247E+00 1.121993E+00 1.029597E+00 6.073843E-01 
9.452072E+01 5.296575E+01 3.805371E+01 3.061043E+01 2.626412E+01 2.346941E+01 2.154960E+01 2.016751E+01 1.913956E+01 1.835799E+01 1.137773E+01 9.175542E+00 8.146045E+00 4.049190E+00 3.418083E+00 3.078817E+00 2.806120E+00 2.648480E+00 2.566365E+00 2.370393E+00 2.020999E+00 1.587928E+00 1.283474E+00 1.087272E+00 9.450669E-01 8.296671E-01 7.378965E-01 6.789445E-01 3.053541E-01 
9.445966E+01 5.320458E+01 3.821060E+01 3.063704E+01 2.614376E+01 2.320046E+01 2.114011E+01 1.963113E+01 1.849092E+01 1.761141E+01 1.087823E+01 8.509959E+00 7.387743E+00 3.873259E+00 3.279055E+00 2.947378E+00 2.727215E+00 2.587046E+00 2.503180E+00 2.348746E+00 2.034949E+00 1.644246E+00 1.362246E+00 1.163711E+00 1.007746E+00 8.801372E-01 7.774639E-01 7.087372E-01 5.499715E-01 
9.701047E+01 5.450365E+01 3.916603E+01 3.148017E+01 2.697307E+01 2.406198E+01 2.205354E+01 2.060197E+01 1.951821E+01 1.869132E+01 1.161636E+01 9.319808E+00 8.245901E+00 4.208818E+00 3.570924E+00 3.223286E+00 2.973865E+00 2.823199E+00 2.739997E+00 2.555313E+00 2.196070E+00 1.739522E+00 1.417945E+00 1.207597E+00 1.050435E+00 9.222764E-01 8.207437E-01 7.548647E-01 3.732542E-01 
1.490180E+02 8.519658E+01 6.135127E+01 4.914721E+01 4.190101E+01 3.720312E+01 3.396996E+01 3.164585E+01 2.992211E+01 2.861520E+01 1.775583E+01 1.426298E+01 1.291987E+01 6.779090E+00 5.687170E+00 5.152974E+00 4.603224E+00 4.310551E+00 4.193069E+00 3.823086E+00 3.241347E+00 2.547305E+00 2.050640E+00 1.735203E+00 1.517972E+00 1.342379E+00 1.200427E+00 1.112503E+00 3.103156E-01 
1.066834E+02 6.029652E+01 4.331775E+01 3.472397E+01 2.963719E+01 2.632217E+01 2.401550E+01 2.233466E+01 2.106910E+01 2.009516E+01 1.246903E+01 9.874014E+00 8.665859E+00 4.570300E+00 3.877466E+00 3.491024E+00 3.238286E+00 3.075307E+00 2.978574E+00 2.791192E+00 2.404950E+00 1.921496E+00 1.577147E+00 1.340000E+00 1.160009E+00 1.013692E+00 8.952465E-01 8.151183E-01 5.160778E-01 
1.052299E+02 5.949398E+01 4.277643E+01 3.432471E+01 2.932860E+01 2.607765E+01 2.381945E+01 2.217712E+01 2.094362E+01 1.999711E+01 1.245455E+01 9.906705E+00 8.733850E+00 4.634330E+00 3.953275E+00 3.576688E+00 3.340620E+00 3.194164E+00 3.109722E+00 2.933758E+00 2.547317E+00 2.040493E+00 1.681711E+00 1.442143E+00 1.256074E+00 1.103509E+00 9.831801E-01 9.042956E-01 4.917589E-01 
9.725065E+01 5.469892E+01 3.932376E+01 3.161016E+01 2.708073E+01 2.415090E+01 2.212595E+01 2.066049E+01 1.956463E+01 1.872795E+01 1.165310E+01 9.339579E+00 8.264956E+00 4.264531E+00 3.631506E+00 3.285904E+00 3.053958E+00 2.915950E+00 2.839308E+00 2.667380E+00 2.306656E+00 1.835530E+00 1.504547E+00 1.287934E+00 1.122922E+00 9.879976E-01 8.817177E-01 8.125874E-01 3.842574E-01 
1.299486E+02 7.427240E+01 5.345750E+01 4.279432E+01 3.642965E+01 3.225965E+01 2.934835E+01 2.722142E+01 2.561514E+01 2.437464E+01 1.507551E+01 1.182687E+01 1.042149E+01 5.563488E+00 4.684565E+00 4.216881E+00 3.839959E+00 3.621207E+00 3.512441E+00 3.268063E+00 2.822132E+00 2.281929E+00 1.886920E+00 1.612907E+00 1.403346E+00 1.231882E+00 1.092785E+00 1.002297E+00 6.067002E-01 
1.450528E+02 8.335291E+01 6.010436E+01 4.814948E+01 4.101276E+01 3.635036E+01 3.311345E+01 3.076405E+01 2.900196E+01 2.765023E+01 1.729859E+01 1.379322E+01 1.232186E+01 6.813336E+00 5.812763E+00 5.281657E+00 4.896736E+00 4.662198E+00 4.551169E+00 4.266431E+00 3.682426E+00 2.947825E+00 2.421512E+00 2.068340E+00 1.807654E+00 1.594873E+00 1.423173E+00 1.312625E+00 5.182971E-01 
1.154816E+02 6.569638E+01 4.722940E+01 3.780164E+01 3.217687E+01 2.848348E+01 2.589604E+01 2.399877E+01 2.256206E+01 2.145020E+01 1.328734E+01 1.038853E+01 9.062162E+00 4.901003E+00 4.156238E+00 3.740501E+00 3.469384E+00 3.296196E+00 3.193179E+00 3.003203E+00 2.606368E+00 2.108860E+00 1.748877E+00 1.495520E+00 1.296307E+00 1.133070E+00 1.001723E+00 9.139050E-01 6.779446E-01 
1.246066E+02 7.092650E+01 5.104486E+01 4.092110E+01 3.491644E+01 3.100870E+01 2.829926E+01 2.633351E+01 2.486037E+01 2.373296E+01 1.474928E+01 1.173639E+01 1.044040E+01 5.531890E+00 4.692087E+00 4.251008E+00 3.908967E+00 3.721008E+00 3.627452E+00 3.396074E+00 2.943788E+00 2.361984E+00 1.945261E+00 1.669649E+00 1.460983E+00 1.289361E+00 1.153387E+00 1.065745E+00 4.702959E-01 
1.117315E+02 6.324628E+01 4.546359E+01 3.646039E+01 3.113991E+01 2.768368E+01 2.528848E+01 2.355058E+01 2.224777E+01 2.124977E+01 1.322269E+01 1.054606E+01 9.330718E+00 4.910800E+00 4.169560E+00 3.765764E+00 3.482679E+00 3.309435E+00 3.214151E+00 3.005666E+00 2.590320E+00 2.065158E+00 1.692166E+00 1.443703E+00 1.255981E+00 1.102662E+00 9.804966E-01 9.009699E-01 4.732506E-01 
1.883839E+02 1.101450E+02 7.978901E+01 6.392009E+01 5.434051E+01 4.803728E+01 4.364107E+01 4.044255E+01 3.804245E+01 3.620231E+01 2.280179E+01 1.819940E+01 1.637993E+01 9.614007E+00 8.276978E+00 7.569233E+00 7.093009E+00 6.803171E+00 6.673164E+00 6.294203E+00 5.447477E+00 4.363774E+00 3.587014E+00 3.068666E+00 2.691094E+00 2.383720E+00 2.134307E+00 1.973939E+00 5.746816E-01 
9.226606E+01 5.175243E+01 3.717676E+01 2.987932E+01 2.559550E+01 2.282130E+01 2.090071E+01 1.950780E+01 1.846450E+01 1.766632E+01 1.093761E+01 8.716266E+00 7.661849E+00 3.877790E+00 3.278180E+00 2.950323E+00 2.709152E+00 2.563681E+00 2.482581E+00 2.309553E+00 1.983199E+00 1.576632E+00 1.288292E+00 1.095981E+00 9.512613E-01 8.333386E-01 7.393460E-01 6.778363E-01 3.984682E-01 
1.359379E+02 7.788853E+01 5.610554E+01 4.492611E+01 3.825336E+01 3.388861E+01 3.084899E+01 2.863368E+01 2.696599E+01 2.568204E+01 1.602852E+01 1.271524E+01 1.126711E+01 6.214328E+00 5.303926E+00 4.802495E+00 4.483781E+00 4.283411E+00 4.170211E+00 3.929537E+00 3.404105E+00 2.731416E+00 2.251364E+00 1.923444E+00 1.674371E+00 1.470987E+00 1.306699E+00 1.196497E+00 5.737711E-01 
1.891780E+02 1.105844E+02 8.005058E+01 6.408332E+01 5.442958E+01 4.806674E+01 4.361981E+01 4.037653E+01 3.793448E+01 3.605259E+01 2.246053E+01 1.766684E+01 1.582234E+01 9.004989E+00 7.623666E+00 6.919228E+00 6.330159E+00 6.005127E+00 5.864821E+00 5.470256E+00 4.731015E+00 3.806394E+00 3.137006E+00 2.690395E+00 2.356610E+00 2.082899E+00 1.863304E+00 1.723791E+00 6.493057E-01 
1.249201E+02 7.115698E+01 5.118754E+01 4.100118E+01 3.494944E+01 3.100334E+01 2.826141E+01 2.626716E+01 2.476851E+01 2.361659E+01 1.471988E+01 1.171013E+01 1.036491E+01 5.607400E+00 4.775858E+00 4.315351E+00 4.015186E+00 3.823939E+00 3.715008E+00 3.488464E+00 3.009145E+00 2.401775E+00 1.970214E+00 1.677846E+00 1.457499E+00 1.278177E+00 1.133722E+00 1.037661E+00 5.493579E-01 
2.236200E+02 1.325580E+02 9.640640E+01 7.726637E+01 6.560013E+01 5.786728E+01 5.244259E+01 4.847755E+01 4.548794E+01 4.318326E+01 2.714065E+01 2.142177E+01 1.926015E+01 1.158967E+01 9.941486E+00 9.083295E+00 8.456746E+00 8.092818E+00 7.941744E+00 7.474691E+00 6.481967E+00 5.211411E+00 4.296931E+00 3.689980E+00 3.241113E+00 2.873732E+00 2.578595E+00 2.392423E+00 6.815432E-01 
1.295537E+02 7.401563E+01 5.326755E+01 4.264407E+01 3.631073E+01 3.216774E+01 2.928016E+01 2.717409E+01 2.558671E+01 2.436295E+01 1.515809E+01 1.199482E+01 1.059614E+01 5.752843E+00 4.884526E+00 4.408980E+00 4.082030E+00 3.873301E+00 3.757994E+00 3.517176E+00 3.028550E+00 2.429357E+00 1.997876E+00 1.697787E+00 1.473495E+00 1.290912E+00 1.141260E+00 1.041807E+00 5.857540E-01 
1.321931E+02 7.558143E+01 5.441766E+01 4.358054E+01 3.712464E+01 3.290782E+01 2.997474E+01 2.784046E+01 2.623630E+01 2.500352E+01 1.559687E+01 1.239497E+01 1.099583E+01 5.985163E+00 5.091819E+00 4.605556E+00 4.268383E+00 4.058435E+00 3.947943E+00 3.700918E+00 3.193567E+00 2.558336E+00 2.102895E+00 1.793439E+00 1.561168E+00 1.371697E+00 1.218552E+00 1.118513E+00 5.523535E-01 
1.226708E+02 6.974910E+01 5.015100E+01 4.017083E+01 3.424983E+01 3.039418E+01 2.771816E+01 2.577401E+01 2.431400E+01 2.319246E+01 1.444243E+01 1.150863E+01 1.018761E+01 5.468488E+00 4.649584E+00 4.195594E+00 3.896635E+00 3.704450E+00 3.594064E+00 3.365716E+00 2.891950E+00 2.299642E+00 1.879674E+00 1.593831E+00 1.381399E+00 1.209351E+00 1.069462E+00 9.750100E-01 5.138988E-01 
1.372212E+02 7.855105E+01 5.659554E+01 4.535079E+01 3.865927E+01 3.429922E+01 3.127677E+01 2.908576E+01 2.744580E+01 2.619028E+01 1.640258E+01 1.314669E+01 1.175462E+01 6.456540E+00 5.521070E+00 5.016732E+00 4.673465E+00 4.465405E+00 4.362676E+00 4.103119E+00 3.547115E+00 2.831429E+00 2.323697E+00 1.987934E+00 1.738208E+00 1.533550E+00 1.370153E+00 1.265106E+00 4.657811E-01 
8.988968E+01 5.042345E+01 3.620947E+01 2.907794E+01 2.487470E+01 2.213843E+01 2.023325E+01 1.884436E+01 1.779898E+01 1.699528E+01 1.050936E+01 8.302412E+00 7.236360E+00 3.725000E+00 3.155289E+00 2.835286E+00 2.626759E+00 2.490898E+00 2.407834E+00 2.254252E+00 1.941701E+00 1.550476E+00 1.272424E+00 1.080437E+00 9.339265E-01 8.147447E-01 7.184473E-01 6.528216E-01 4.531952E-01 
1.666226E+02 9.621365E+01 6.947319E+01 5.565997E+01 4.739777E+01 4.200563E+01 3.827367E+01 3.557654E+01 3.356477E+01 3.203109E+01 2.003205E+01 1.605933E+01 1.453853E+01 8.087197E+00 6.888099E+00 6.282146E+00 5.769573E+00 5.496627E+00 5.388234E+00 5.024879E+00 4.331739E+00 3.444723E+00 2.813645E+00 2.409546E+00 2.117546E+00 1.879341E+00 1.689867E+00 1.571097E+00 4.117983E-01 
1.359498E+02 7.773712E+01 5.601861E+01 4.491752E+01 3.832385E+01 3.403688E+01 3.107272E+01 2.892960E+01 2.732909E+01 2.610566E+01 1.636854E+01 1.317185E+01 1.182141E+01 6.479273E+00 5.548546E+00 5.053338E+00 4.702089E+00 4.495273E+00 4.401213E+00 4.131032E+00 3.563968E+00 2.840062E+00 2.325259E+00 1.986208E+00 1.739127E+00 1.537748E+00 1.375907E+00 1.272390E+00 4.306089E-01 
1.476729E+02 8.483860E+01 6.112959E+01 4.893047E+01 4.164578E+01 3.688656E+01 3.357967E+01 3.117825E+01 2.937626E+01 2.799225E+01 1.744968E+01 1.387062E+01 1.236744E+01 6.794055E+00 5.775704E+00 5.228925E+00 4.832688E+00 4.599797E+00 4.478512E+00 4.196429E+00 3.627092E+00 2.896764E+00 2.377152E+00 2.034520E+00 1.775288E+00 1.562728E+00 1.394428E+00 1.285764E+00 5.771950E-01 
1.247489E+02 7.109740E+01 5.113248E+01 4.093296E+01 3.486075E+01 3.089199E+01 2.812639E+01 2.610906E+01 2.458850E+01 2.341621E+01 1.456174E+01 1.151255E+01 1.013808E+01 5.491900E+00 4.667312E+00 4.208147E+00 3.910402E+00 3.718597E+00 3.605005E+00 3.383917E+00 2.921839E+00 2.340214E+00 1.924730E+00 1.638885E+00 1.420777E+00 1.242978E+00 1.099448E+00 1.002736E+00 6.064886E-01 
1.157912E+02 6.566450E+01 4.719440E+01 3.781458E+01 3.225693E+01 2.863771E+01 2.612393E+01 2.429585E+01 2.292198E+01 2.186605E+01 1.360081E+01 1.081707E+01 9.545107E+00 5.084742E+00 4.320223E+00 3.895094E+00 3.617401E+00 3.438713E+00 3.334156E+00 3.124289E+00 2.688781E+00 2.141756E+00 1.753470E+00 1.488994E+00 1.290206E+00 1.128806E+00 9.982359E-01 9.102237E-01 5.166920E-01 
1.086094E+02 6.140316E+01 4.415188E+01 3.544067E+01 3.030480E+01 2.697607E+01 2.467444E+01 2.300825E+01 2.176226E+01 2.080993E+01 1.299215E+01 1.041592E+01 9.242115E+00 4.884664E+00 4.169844E+00 3.777809E+00 3.524495E+00 3.368433E+00 3.280289E+00 3.086762E+00 2.671275E+00 2.126263E+00 1.742989E+00 1.492180E+00 1.301018E+00 1.144431E+00 1.021463E+00 9.413976E-01 4.372174E-01 
1.229486E+02 7.011836E+01 5.043160E+01 4.036158E+01 3.435295E+01 3.041371E+01 2.765937E+01 2.564350E+01 2.411930E+01 2.294096E+01 1.421867E+01 1.114448E+01 9.764983E+00 5.271302E+00 4.462956E+00 4.018602E+00 3.710460E+00 3.520557E+00 3.411764E+00 3.199456E+00 2.774249E+00 2.241407E+00 1.856080E+00 1.588921E+00 1.379635E+00 1.207847E+00 1.070289E+00 9.794363E-01 6.738728E-01 
9.133950E+01 5.124085E+01 3.683149E+01 2.962531E+01 2.540034E+01 2.266802E+01 2.077936E+01 1.941191E+01 1.838893E+01 1.760772E+01 1.094392E+01 8.758085E+00 7.721827E+00 3.956271E+00 3.367818E+00 3.044229E+00 2.829692E+00 2.698742E+00 2.623599E+00 2.463835E+00 2.129540E+00 1.693078E+00 1.386765E+00 1.185817E+00 1.032109E+00 9.067495E-01 8.081369E-01 7.436322E-01 3.840418E-01 
1.353873E+02 7.742889E+01 5.580092E+01 4.474258E+01 3.817348E+01 3.390103E+01 3.094545E+01 2.880729E+01 2.721081E+01 2.599248E+01 1.630090E+01 1.310396E+01 1.175279E+01 6.437147E+00 5.515333E+00 5.028086E+00 4.690143E+00 4.496840E+00 4.403887E+00 4.149122E+00 3.600142E+00 2.877651E+00 2.364813E+00 2.031743E+00 1.783536E+00 1.579533E+00 1.418509E+00 1.315960E+00 4.382858E-01 
6.212746E+01 3.443280E+01 2.479728E+01 2.005553E+01 1.728671E+01 1.549034E+01 1.424232E+01 1.333566E+01 1.265740E+01 1.214000E+01 7.468959E+00 5.908636E+00 5.107914E+00 2.517597E+00 2.138765E+00 1.926944E+00 1.789916E+00 1.702879E+00 1.649525E+00 1.546465E+00 1.335582E+00 1.062668E+00 8.714450E-01 7.439179E-01 6.449860E-01 5.645609E-01 5.011441E-01 4.589598E-01 3.099117E-01 
1.080376E+02 6.096526E+01 4.380960E+01 3.516017E+01 3.006965E+01 2.677649E+01 2.450359E+01 2.286079E+01 2.163382E+01 2.069638E+01 1.285887E+01 1.030551E+01 9.145194E+00 4.711912E+00 3.987652E+00 3.596984E+00 3.299362E+00 3.121556E+00 3.027594E+00 2.812661E+00 2.410417E+00 1.909047E+00 1.554008E+00 1.320866E+00 1.148537E+00 1.008339E+00 8.965224E-01 8.242730E-01 3.992502E-01 
8.190190E+01 4.567997E+01 3.282971E+01 2.645276E+01 2.273326E+01 2.033552E+01 1.868142E+01 1.748596E+01 1.659381E+01 1.591379E+01 9.801181E+00 7.834131E+00 6.880368E+00 3.338806E+00 2.807270E+00 2.519414E+00 2.277311E+00 2.140342E+00 2.068124E+00 1.901518E+00 1.620562E+00 1.281254E+00 1.039645E+00 8.800959E-01 7.636954E-01 6.693248E-01 5.933517E-01 5.441318E-01 3.045979E-01 
1.342763E+02 7.678548E+01 5.527423E+01 4.425610E+01 3.769359E+01 3.341030E+01 3.043421E+01 2.827074E+01 2.664549E+01 2.539640E+01 1.585869E+01 1.262641E+01 1.120390E+01 6.147294E+00 5.246497E+00 4.747443E+00 4.430940E+00 4.230528E+00 4.114143E+00 3.871580E+00 3.347681E+00 2.672269E+00 2.193566E+00 1.872839E+00 1.629207E+00 1.430092E+00 1.271205E+00 1.165707E+00 5.741236E-01 
1.401154E+02 8.027467E+01 5.787502E+01 4.640280E+01 3.957996E+01 3.513829E+01 3.206229E+01 2.983832E+01 2.817794E+01 2.690985E+01 1.687519E+01 1.357138E+01 1.219335E+01 6.718235E+00 5.759618E+00 5.250918E+00 4.897985E+00 4.699953E+00 4.608021E+00 4.342043E+00 3.767208E+00 3.008809E+00 2.471991E+00 2.124038E+00 1.864606E+00 1.652092E+00 1.484085E+00 1.377279E+00 4.385405E-01 
1.902656E+02 1.115215E+02 8.084657E+01 6.478189E+01 5.506923E+01 4.866566E+01 4.418992E+01 4.092617E+01 3.846874E+01 3.657453E+01 2.298050E+01 1.821413E+01 1.636086E+01 9.586462E+00 8.231504E+00 7.525657E+00 7.024346E+00 6.740991E+00 6.619963E+00 6.252575E+00 5.447142E+00 4.397911E+00 3.640321E+00 3.136579E+00 2.759190E+00 2.449639E+00 2.201782E+00 2.045346E+00 6.521658E-01 
1.002454E+02 5.655364E+01 4.060060E+01 3.252330E+01 2.772531E+01 2.458174E+01 2.238133E+01 2.076887E+01 1.954903E+01 1.860631E+01 1.144455E+01 8.920102E+00 7.736512E+00 4.005726E+00 3.363387E+00 3.008392E+00 2.740070E+00 2.574688E+00 2.480397E+00 2.303273E+00 1.983845E+00 1.603865E+00 1.325812E+00 1.128057E+00 9.745942E-01 8.490561E-01 7.471077E-01 6.791988E-01 5.772670E-01 
1.934411E+02 1.132931E+02 8.210914E+01 6.578472E+01 5.591842E+01 4.942135E+01 4.488829E+01 4.158972E+01 3.911228E+01 3.720845E+01 2.341742E+01 1.867356E+01 1.682067E+01 9.919338E+00 8.543182E+00 7.810640E+00 7.315341E+00 7.017738E+00 6.890678E+00 6.503125E+00 5.628375E+00 4.507468E+00 3.704890E+00 3.170527E+00 2.781284E+00 2.463594E+00 2.206228E+00 2.040773E+00 5.749270E-01 
1.341525E+02 7.665625E+01 5.517740E+01 4.418808E+01 3.765097E+01 3.339022E+01 3.043419E+01 2.828828E+01 2.667864E+01 2.544353E+01 1.586478E+01 1.263949E+01 1.124182E+01 6.095597E+00 5.183000E+00 4.688822E+00 4.338684E+00 4.126102E+00 4.012668E+00 3.756914E+00 3.241391E+00 2.585450E+00 2.119129E+00 1.810266E+00 1.577208E+00 1.386457E+00 1.235063E+00 1.136935E+00 5.408617E-01 
1.308079E+02 7.463254E+01 5.370485E+01 4.301341E+01 3.666031E+01 3.252241E+01 2.965327E+01 2.757232E+01 2.601229E+01 2.481608E+01 1.550152E+01 1.238934E+01 1.101498E+01 5.994365E+00 5.114093E+00 4.627639E+00 4.313882E+00 4.113951E+00 3.999752E+00 3.755673E+00 3.236428E+00 2.573717E+00 2.105100E+00 1.791420E+00 1.557145E+00 1.366561E+00 1.213451E+00 1.111293E+00 5.163885E-01 
1.257386E+02 7.175940E+01 5.163434E+01 4.133754E+01 3.519487E+01 3.116738E+01 2.835320E+01 2.629570E+01 2.474168E+01 2.354110E+01 1.455220E+01 1.140770E+01 1.003076E+01 5.337181E+00 4.492773E+00 4.041605E+00 3.682753E+00 3.475218E+00 3.369582E+00 3.136177E+00 2.710849E+00 2.194192E+00 1.816024E+00 1.552769E+00 1.350665E+00 1.184453E+00 1.050070E+00 9.621679E-01 6.064114E-01 
1.326646E+02 7.604798E+01 5.477692E+01 4.384758E+01 3.730771E+01 3.301378E+01 3.000852E+01 2.780857E+01 2.614527E+01 2.485888E+01 1.541678E+01 1.207251E+01 1.062324E+01 5.786821E+00 4.902534E+00 4.426831E+00 4.083913E+00 3.881480E+00 3.774367E+00 3.548854E+00 3.090975E+00 2.508853E+00 2.086140E+00 1.793263E+00 1.563776E+00 1.374270E+00 1.222848E+00 1.123637E+00 6.552121E-01 
1.598812E+02 9.174565E+01 6.612164E+01 5.295528E+01 4.511687E+01 4.002368E+01 3.651380E+01 3.398979E+01 3.211838E+01 3.069997E+01 1.904631E+01 1.526390E+01 1.386384E+01 7.342694E+00 6.147677E+00 5.575909E+00 4.954225E+00 4.622946E+00 4.499261E+00 4.086908E+00 3.456148E+00 2.712676E+00 2.180027E+00 1.841854E+00 1.611571E+00 1.426490E+00 1.276003E+00 1.183493E+00 3.106113E-01 
1.598010E+02 9.232983E+01 6.662683E+01 5.333137E+01 4.536360E+01 4.014750E+01 3.652087E+01 3.388648E+01 3.191002E+01 3.039275E+01 1.904453E+01 1.517539E+01 1.356708E+01 7.668980E+00 6.566851E+00 5.968025E+00 5.577277E+00 5.343104E+00 5.216533E+00 4.919782E+00 4.268229E+00 3.411006E+00 2.803850E+00 2.406268E+00 2.103750E+00 1.854861E+00 1.659026E+00 1.532737E+00 6.141097E-01 
1.869537E+02 1.092957E+02 7.915301E+01 6.340154E+01 5.389002E+01 4.762702E+01 4.325445E+01 4.006908E+01 3.767270E+01 3.582827E+01 2.244625E+01 1.777701E+01 1.596427E+01 9.255760E+00 7.929054E+00 7.234270E+00 6.735019E+00 6.460105E+00 6.340655E+00 5.990054E+00 5.218690E+00 4.202558E+00 3.473670E+00 2.994306E+00 2.633114E+00 2.333842E+00 2.097279E+00 1.946736E+00 6.153222E-01 
1.273809E+02 7.269127E+01 5.231772E+01 4.190839E+01 3.571675E+01 3.167633E+01 2.886738E+01 2.682406E+01 2.528836E+01 2.410869E+01 1.505206E+01 1.197277E+01 1.060758E+01 5.785149E+00 4.937024E+00 4.470436E+00 4.171904E+00 3.984996E+00 3.879168E+00 3.653050E+00 3.164087E+00 2.533425E+00 2.085189E+00 1.784480E+00 1.554353E+00 1.365903E+00 1.215922E+00 1.117758E+00 5.714946E-01 
1.434503E+02 8.234212E+01 5.929329E+01 4.743194E+01 4.033953E+01 3.569402E+01 3.245578E+01 3.009512E+01 2.831661E+01 2.694509E+01 1.671663E+01 1.316953E+01 1.165223E+01 6.322499E+00 5.333277E+00 4.804444E+00 4.391758E+00 4.144292E+00 4.015888E+00 3.733320E+00 3.213207E+00 2.578709E+00 2.119759E+00 1.807078E+00 1.570337E+00 1.376950E+00 1.221165E+00 1.119917E+00 6.476009E-01 
1.158815E+02 6.584585E+01 4.735422E+01 3.794136E+01 3.234787E+01 2.869335E+01 2.614641E+01 2.428841E+01 2.288858E+01 2.181108E+01 1.356031E+01 1.072205E+01 9.439081E+00 5.045685E+00 4.283059E+00 3.864401E+00 3.577463E+00 3.397648E+00 3.298479E+00 3.093289E+00 2.674013E+00 2.150356E+00 1.773511E+00 1.513687E+00 1.315366E+00 1.153301E+00 1.022426E+00 9.361363E-01 5.512933E-01 
1.116672E+02 6.314296E+01 4.540216E+01 3.644356E+01 3.116839E+01 2.775724E+01 2.540544E+01 2.370815E+01 2.244269E+01 2.147847E+01 1.341577E+01 1.080709E+01 9.632916E+00 5.065623E+00 4.319393E+00 3.914563E+00 3.639528E+00 3.474326E+00 3.384353E+00 3.173665E+00 2.737200E+00 2.169135E+00 1.770738E+00 1.513265E+00 1.320193E+00 1.162465E+00 1.038384E+00 9.582750E-01 3.941826E-01 
1.478551E+02 8.497320E+01 6.123099E+01 4.900981E+01 4.170876E+01 3.693649E+01 3.361972E+01 3.120979E+01 2.940074E+01 2.801076E+01 1.745838E+01 1.386197E+01 1.234878E+01 6.786996E+00 5.767220E+00 5.220300E+00 4.821895E+00 4.587239E+00 4.465108E+00 4.182746E+00 3.615541E+00 2.890384E+00 2.373483E+00 2.031367E+00 1.772295E+00 1.559829E+00 1.391331E+00 1.282407E+00 5.883778E-01 
5.404695E+01 2.982305E+01 2.150956E+01 1.744895E+01 1.508547E+01 1.355332E+01 1.248899E+01 1.171585E+01 1.113734E+01 1.069539E+01 6.517069E+00 5.134984E+00 4.401982E+00 2.083964E+00 1.756153E+00 1.571015E+00 1.433675E+00 1.349332E+00 1.298200E+00 1.200035E+00 1.024091E+00 8.090258E-01 6.576761E-01 5.559893E-01 4.798582E-01 4.181526E-01 3.688680E-01 3.360302E-01 2.622191E-01 
1.268481E+02 7.227687E+01 5.199817E+01 4.165331E+01 3.551053E+01 3.151049E+01 2.873525E+01 2.672033E+01 2.520874E+01 2.404880E+01 1.498994E+01 1.194169E+01 1.059767E+01 5.701668E+00 4.846106E+00 4.380691E+00 4.053980E+00 3.852686E+00 3.743751E+00 3.502172E+00 3.018469E+00 2.408372E+00 1.973777E+00 1.683704E+00 1.465561E+00 1.287101E+00 1.144718E+00 1.052200E+00 5.279426E-01 
1.389776E+02 7.963675E+01 5.737765E+01 4.596146E+01 3.915921E+01 3.472124E+01 3.164093E+01 2.940540E+01 2.772867E+01 2.644238E+01 1.653477E+01 1.320204E+01 1.177725E+01 6.470370E+00 5.521553E+00 5.008156E+00 4.659037E+00 4.446910E+00 4.337309E+00 4.073328E+00 3.519400E+00 2.812424E+00 2.309073E+00 1.974485E+00 1.723688E+00 1.518157E+00 1.354155E+00 1.248255E+00 5.182447E-01 
8.907958E+01 4.988362E+01 3.581463E+01 2.877616E+01 2.464191E+01 2.195988E+01 2.009894E+01 1.874602E+01 1.773021E+01 1.695086E+01 1.048838E+01 8.330708E+00 7.278119E+00 3.712517E+00 3.143338E+00 2.822908E+00 2.615813E+00 2.479809E+00 2.394187E+00 2.237329E+00 1.921960E+00 1.523942E+00 1.244017E+00 1.054689E+00 9.107676E-01 7.939843E-01 7.003706E-01 6.365429E-01 4.111443E-01 
1.180363E+02 6.697149E+01 4.815563E+01 3.860535E+01 3.295533E+01 2.928544E+01 2.674438E+01 2.490259E+01 2.352312E+01 2.246616E+01 1.399495E+01 1.118291E+01 9.926889E+00 5.264580E+00 4.473551E+00 4.042939E+00 3.739766E+00 3.555355E+00 3.456211E+00 3.232954E+00 2.785365E+00 2.217284E+00 1.814255E+00 1.547709E+00 1.347581E+00 1.183846E+00 1.053634E+00 9.691870E-01 4.736159E-01 
8.697104E+01 4.862647E+01 3.492944E+01 2.810164E+01 2.410554E+01 2.152284E+01 1.973735E+01 1.844402E+01 1.747673E+01 1.673767E+01 1.031252E+01 8.215815E+00 7.212642E+00 3.546519E+00 2.981833E+00 2.675748E+00 2.426364E+00 2.282991E+00 2.205263E+00 2.036229E+00 1.742491E+00 1.382680E+00 1.126645E+00 9.566465E-01 8.300595E-01 7.269323E-01 6.444260E-01 5.906657E-01 3.530771E-01 
8.775619E+01 4.913997E+01 3.531551E+01 2.841152E+01 2.436163E+01 2.173830E+01 1.992128E+01 1.860286E+01 1.761499E+01 1.685860E+01 1.040388E+01 8.270348E+00 7.257437E+00 3.627297E+00 3.060532E+00 2.753819E+00 2.506677E+00 2.365105E+00 2.291612E+00 2.122341E+00 1.820862E+00 1.452731E+00 1.188692E+00 1.010775E+00 8.784887E-01 7.706327E-01 6.838467E-01 6.273075E-01 3.722115E-01 
2.199253E+02 1.302012E+02 9.464935E+01 7.585065E+01 6.440592E+01 5.682422E+01 5.150598E+01 4.761638E+01 4.468324E+01 4.242201E+01 2.664104E+01 2.102497E+01 1.889480E+01 1.133477E+01 9.720724E+00 8.879203E+00 8.263504E+00 7.904065E+00 7.756402E+00 7.304799E+00 6.335164E+00 5.095879E+00 4.202292E+00 3.608527E+00 3.169886E+00 2.809624E+00 2.520403E+00 2.337347E+00 6.812830E-01 
9.545871E+01 5.379929E+01 3.866222E+01 3.102257E+01 2.649726E+01 2.353920E+01 2.147354E+01 1.996361E+01 1.882486E+01 1.794849E+01 1.111869E+01 8.746258E+00 7.634095E+00 4.005997E+00 3.403015E+00 3.068923E+00 2.853797E+00 2.720610E+00 2.642053E+00 2.489861E+00 2.166319E+00 1.749719E+00 1.451115E+00 1.245403E+00 1.082623E+00 9.489371E-01 8.426672E-01 7.723117E-01 5.095268E-01 
1.329461E+02 7.606026E+01 5.475457E+01 4.383017E+01 3.731028E+01 3.304285E+01 3.006726E+01 2.789620E+01 2.625969E+01 2.499794E+01 1.552074E+01 1.224137E+01 1.081499E+01 5.832540E+00 4.928937E+00 4.443215E+00 4.072884E+00 3.850471E+00 3.737412E+00 3.482571E+00 3.000672E+00 2.415459E+00 1.990582E+00 1.697708E+00 1.476355E+00 1.295527E+00 1.148945E+00 1.053458E+00 5.849095E-01 
1.783052E+02 1.036001E+02 7.481219E+01 5.982126E+01 5.079203E+01 4.485697E+01 4.071729E+01 3.770241E+01 3.543508E+01 3.368949E+01 2.095707E+01 1.652916E+01 1.475604E+01 8.271997E+00 6.980629E+00 6.306919E+00 5.754850E+00 5.426345E+00 5.268797E+00 4.882897E+00 4.185366E+00 3.340070E+00 2.731179E+00 2.324193E+00 2.023717E+00 1.778847E+00 1.581439E+00 1.454831E+00 6.719338E-01 
9.420090E+01 5.302062E+01 3.811794E+01 3.062218E+01 2.619950E+01 2.332028E+01 2.131768E+01 1.985982E+01 1.876436E+01 1.792378E+01 1.113053E+01 8.824795E+00 7.746423E+00 4.042592E+00 3.443670E+00 3.114633E+00 2.897009E+00 2.763838E+00 2.691170E+00 2.535336E+00 2.201317E+00 1.770215E+00 1.462884E+00 1.254609E+00 1.093435E+00 9.618094E-01 8.567756E-01 7.879890E-01 4.405919E-01 
1.006331E+02 5.674267E+01 4.076300E+01 3.269866E+01 2.793256E+01 2.482804E+01 2.266785E+01 2.109374E+01 1.990920E+01 1.899854E+01 1.178634E+01 9.331364E+00 8.178824E+00 4.283147E+00 3.634389E+00 3.273541E+00 3.035659E+00 2.883340E+00 2.793863E+00 2.618355E+00 2.257904E+00 1.806293E+00 1.484299E+00 1.263189E+00 1.094634E+00 9.573052E-01 8.466583E-01 7.727464E-01 4.991776E-01 
1.364476E+02 7.814847E+01 5.628923E+01 4.508013E+01 3.839964E+01 3.403797E+01 3.100705E+01 2.880406E+01 2.714975E+01 2.587897E+01 1.617854E+01 1.289010E+01 1.146170E+01 6.319847E+00 5.400820E+00 4.895778E+00 4.572010E+00 4.371582E+00 4.261579E+00 4.015844E+00 3.478454E+00 2.781801E+00 2.287179E+00 1.957616E+00 1.706917E+00 1.501582E+00 1.338407E+00 1.232066E+00 5.720180E-01 
8.805132E+01 4.935938E+01 3.543845E+01 2.845327E+01 2.433145E+01 2.164335E+01 1.976866E+01 1.839988E+01 1.736867E+01 1.657555E+01 1.020592E+01 8.015838E+00 6.962260E+00 3.532770E+00 2.974634E+00 2.666070E+00 2.438601E+00 2.299091E+00 2.218176E+00 2.062482E+00 1.775299E+00 1.425760E+00 1.173891E+00 9.990635E-01 8.642669E-01 7.542332E-01 6.657186E-01 6.068880E-01 4.701039E-01 
1.264654E+02 7.217487E+01 5.193587E+01 4.158505E+01 3.541672E+01 3.137935E+01 2.856405E+01 2.650967E+01 2.496086E+01 2.376675E+01 1.476715E+01 1.166142E+01 1.028727E+01 5.546507E+00 4.699593E+00 4.238546E+00 3.910212E+00 3.704750E+00 3.593714E+00 3.357816E+00 2.894355E+00 2.326787E+00 1.916571E+00 1.632335E+00 1.417946E+00 1.243077E+00 1.100538E+00 1.007030E+00 5.863685E-01 
2.980240E+02 1.797338E+02 1.314495E+02 1.054962E+02 8.950900E+01 7.882269E+01 7.128060E+01 6.574826E+01 6.157330E+01 5.835593E+01 3.634462E+01 2.791108E+01 2.530021E+01 1.528177E+01 1.271053E+01 1.160841E+01 1.027898E+01 9.527519E+00 9.312105E+00 8.475689E+00 7.190792E+00 5.732401E+00 4.663966E+00 3.962462E+00 3.481375E+00 3.093649E+00 2.776334E+00 2.582137E+00 5.809501E-01 
1.056054E+02 5.968492E+01 4.288048E+01 3.437276E+01 2.933284E+01 2.604455E+01 2.375361E+01 2.208225E+01 2.082273E+01 1.985284E+01 1.231126E+01 9.732232E+00 8.531625E+00 4.493774E+00 3.809594E+00 3.429261E+00 3.177447E+00 3.014267E+00 2.917488E+00 2.731783E+00 2.352964E+00 1.884347E+00 1.548912E+00 1.314533E+00 1.137561E+00 9.938388E-01 8.761815E-01 7.961235E-01 5.128056E-01 
1.020869E+02 5.759680E+01 4.137937E+01 3.319051E+01 2.835004E+01 2.519749E+01 2.300447E+01 2.140668E+01 2.020444E+01 1.928014E+01 1.196440E+01 9.478202E+00 8.314982E+00 4.361160E+00 3.701294E+00 3.334631E+00 3.092025E+00 2.936988E+00 2.846602E+00 2.667559E+00 2.299884E+00 1.839375E+00 1.511027E+00 1.285667E+00 1.114325E+00 9.747381E-01 8.621292E-01 7.869531E-01 4.992469E-01 
1.751652E+02 1.017456E+02 7.352196E+01 5.884637E+01 5.001165E+01 4.420691E+01 4.016007E+01 3.721442E+01 3.500039E+01 3.329699E+01 2.070611E+01 1.633249E+01 1.462755E+01 8.155293E+00 6.886301E+00 6.240123E+00 5.683876E+00 5.378088E+00 5.246042E+00 4.876747E+00 4.206763E+00 3.376756E+00 2.776242E+00 2.376481E+00 2.079883E+00 1.836348E+00 1.641038E+00 1.516674E+00 5.892501E-01 
2.079467E+02 1.227008E+02 8.908979E+01 7.136936E+01 6.060061E+01 5.347279E+01 4.847671E+01 4.482541E+01 4.207109E+01 3.994433E+01 2.506080E+01 1.973509E+01 1.766595E+01 1.048488E+01 8.973447E+00 8.182624E+00 7.604543E+00 7.253688E+00 7.102318E+00 6.680962E+00 5.787590E+00 4.662235E+00 3.848712E+00 3.298969E+00 2.890007E+00 2.557139E+00 2.286952E+00 2.114881E+00 7.304143E-01 
2.125322E+02 1.255130E+02 9.119008E+01 7.308507E+01 6.208311E+01 5.480592E+01 4.970932E+01 4.599106E+01 4.319425E+01 4.104250E+01 2.583721E+01 2.044999E+01 1.839164E+01 1.102143E+01 9.483932E+00 8.681176E+00 8.124352E+00 7.798527E+00 7.660676E+00 7.245571E+00 6.309413E+00 5.076614E+00 4.193687E+00 3.612307E+00 3.177817E+00 2.820448E+00 2.536417E+00 2.356726E+00 6.533139E-01 
1.023367E+02 5.773155E+01 4.148998E+01 3.329830E+01 2.846377E+01 2.532121E+01 2.313978E+01 2.155401E+01 2.036346E+01 1.944995E+01 1.207146E+01 9.590588E+00 8.445405E+00 4.405119E+00 3.741712E+00 3.377830E+00 3.131327E+00 2.983310E+00 2.899410E+00 2.723296E+00 2.358969E+00 1.887614E+00 1.553389E+00 1.330140E+00 1.157504E+00 1.016123E+00 9.043919E-01 8.310902E-01 4.697058E-01 
1.522926E+02 8.740599E+01 6.297743E+01 5.042376E+01 4.293362E+01 3.804707E+01 3.465962E+01 3.220670E+01 3.037272E+01 2.896952E+01 1.788202E+01 1.411293E+01 1.265544E+01 6.620387E+00 5.504822E+00 4.961352E+00 4.368463E+00 4.061973E+00 3.940342E+00 3.575529E+00 3.041147E+00 2.428582E+00 1.978274E+00 1.677842E+00 1.463550E+00 1.289649E+00 1.146829E+00 1.057084E+00 4.904659E-01 
6.366505E+01 3.526083E+01 2.539090E+01 2.054902E+01 1.773591E+01 1.592049E+01 1.466469E+01 1.375487E+01 1.307527E+01 1.255721E+01 7.718291E+00 6.146203E+00 5.334846E+00 2.567383E+00 2.170185E+00 1.948629E+00 1.788369E+00 1.689666E+00 1.631658E+00 1.513751E+00 1.294036E+00 1.020367E+00 8.286455E-01 7.018578E-01 6.074529E-01 5.309907E-01 4.701515E-01 4.300293E-01 2.765607E-01 
1.563138E+02 9.013524E+01 6.496441E+01 5.195197E+01 4.414968E+01 3.903273E+01 3.546585E+01 3.286626E+01 3.090849E+01 2.939913E+01 1.824967E+01 1.437934E+01 1.276495E+01 7.005728E+00 5.906691E+00 5.324175E+00 4.860545E+00 4.584819E+00 4.446095E+00 4.127804E+00 3.546329E+00 2.839989E+00 2.330042E+00 1.984881E+00 1.725864E+00 1.514294E+00 1.343950E+00 1.233569E+00 6.708366E-01 
1.175146E+02 6.679175E+01 4.803232E+01 3.848130E+01 3.280703E+01 2.910279E+01 2.652365E+01 2.464360E+01 2.322787E+01 2.213774E+01 1.377289E+01 1.090769E+01 9.609011E+00 5.157456E+00 4.384599E+00 3.956349E+00 3.675073E+00 3.496124E+00 3.394652E+00 3.188065E+00 2.753717E+00 2.207994E+00 1.817612E+00 1.548225E+00 1.343814E+00 1.177354E+00 1.042276E+00 9.518003E-01 5.486804E-01 
1.919471E+02 1.118001E+02 8.085095E+01 6.471778E+01 5.499613E+01 4.860929E+01 4.416104E+01 4.092785E+01 3.850540E+01 3.664881E+01 2.266900E+01 1.778065E+01 1.605056E+01 8.797074E+00 7.326061E+00 6.637533E+00 5.876460E+00 5.483363E+00 5.335800E+00 4.869355E+00 4.161237E+00 3.326268E+00 2.716278E+00 2.314694E+00 2.027131E+00 1.794279E+00 1.604618E+00 1.485912E+00 5.344936E-01 
1.510861E+02 8.644976E+01 6.226162E+01 4.987035E+01 4.250806E+01 3.773091E+01 3.444047E+01 3.207510E+01 3.032102E+01 2.899013E+01 1.799290E+01 1.445584E+01 1.309870E+01 6.900591E+00 5.792617E+00 5.248534E+00 4.695225E+00 4.402086E+00 4.284964E+00 3.910490E+00 3.316921E+00 2.606187E+00 2.098867E+00 1.776837E+00 1.554272E+00 1.374468E+00 1.229414E+00 1.139529E+00 3.103937E-01 
1.415087E+02 8.110035E+01 5.844713E+01 4.683130E+01 3.991320E+01 3.540331E+01 3.227828E+01 3.001493E+01 2.832100E+01 2.702386E+01 1.686061E+01 1.344815E+01 1.203415E+01 6.537845E+00 5.556640E+00 5.045719E+00 4.642600E+00 4.413003E+00 4.308480E+00 4.027506E+00 3.478478E+00 2.782020E+00 2.283876E+00 1.955680E+00 1.711729E+00 1.512766E+00 1.353550E+00 1.252188E+00 4.766870E-01 
1.254011E+02 7.148631E+01 5.141449E+01 4.115800E+01 3.505115E+01 3.105984E+01 2.827889E+01 2.625061E+01 2.472196E+01 2.354350E+01 1.464298E+01 1.157969E+01 1.020049E+01 5.529542E+00 4.699824E+00 4.237870E+00 3.938330E+00 3.745438E+00 3.631298E+00 3.408586E+00 2.942893E+00 2.356649E+00 1.937948E+00 1.650074E+00 1.430564E+00 1.251651E+00 1.107202E+00 1.009900E+00 6.065337E-01 
1.441731E+02 8.283602E+01 5.966058E+01 4.772213E+01 4.057769E+01 3.589483E+01 3.262754E+01 3.024295E+01 2.844442E+01 2.705618E+01 1.681342E+01 1.324387E+01 1.170245E+01 6.417223E+00 5.430300E+00 4.895514E+00 4.502688E+00 4.260097E+00 4.130067E+00 3.852513E+00 3.319005E+00 2.665049E+00 2.192680E+00 1.869107E+00 1.623607E+00 1.423041E+00 1.261133E+00 1.155480E+00 6.859708E-01 
1.289825E+02 7.355076E+01 5.294542E+01 4.243070E+01 3.618695E+01 3.212161E+01 2.930478E+01 2.726237E+01 2.573260E+01 2.456089E+01 1.531935E+01 1.223362E+01 1.089622E+01 5.845420E+00 4.961650E+00 4.492068E+00 4.132744E+00 3.915903E+00 3.810127E+00 3.544766E+00 3.040246E+00 2.426188E+00 1.984454E+00 1.686230E+00 1.469284E+00 1.293252E+00 1.149394E+00 1.056835E+00 4.665403E-01 
8.591062E+01 4.801372E+01 3.449034E+01 2.775314E+01 2.381140E+01 2.126407E+01 1.950297E+01 1.822711E+01 1.727252E+01 1.654272E+01 1.019072E+01 8.117946E+00 7.122782E+00 3.504276E+00 2.948027E+00 2.645672E+00 2.403391E+00 2.264039E+00 2.188048E+00 2.022616E+00 1.731194E+00 1.373051E+00 1.118793E+00 9.501365E-01 8.241587E-01 7.216504E-01 6.398509E-01 5.864017E-01 3.530573E-01 
1.233698E+02 7.026935E+01 5.054232E+01 4.047546E+01 3.448815E+01 3.057791E+01 2.785564E+01 2.587192E+01 2.437829E+01 2.322810E+01 1.444417E+01 1.143067E+01 1.008108E+01 5.425996E+00 4.604931E+00 4.154161E+00 3.842520E+00 3.646080E+00 3.536728E+00 3.310264E+00 2.854871E+00 2.287966E+00 1.881407E+00 1.603520E+00 1.392412E+00 1.220103E+00 1.081423E+00 9.902294E-01 5.864496E-01 
1.107842E+02 6.278233E+01 4.512908E+01 3.617003E+01 3.085724E+01 2.739074E+01 2.497685E+01 2.321663E+01 2.189096E+01 2.087059E+01 1.296705E+01 1.025957E+01 9.018870E+00 4.800168E+00 4.077737E+00 3.678271E+00 3.413245E+00 3.246256E+00 3.150750E+00 2.957404E+00 2.556657E+00 2.050861E+00 1.689249E+00 1.441969E+00 1.252124E+00 1.096980E+00 9.726003E-01 8.904804E-01 5.483146E-01 
1.020470E+02 5.757632E+01 4.136518E+01 3.317900E+01 2.833964E+01 2.518720E+01 2.299384E+01 2.139590E+01 2.019354E+01 1.926910E+01 1.195736E+01 9.471619E+00 8.308721E+00 4.357969E+00 3.698383E+00 3.332016E+00 3.089633E+00 2.934716E+00 2.844312E+00 2.665264E+00 2.297265E+00 1.837444E+00 1.509682E+00 1.284305E+00 1.113094E+00 9.736900E-01 8.611565E-01 7.859442E-01 4.992183E-01 
1.198372E+02 6.812451E+01 4.904169E+01 3.934663E+01 3.360731E+01 2.987855E+01 2.729647E+01 2.542465E+01 2.402348E+01 2.295194E+01 1.434321E+01 1.149443E+01 1.024691E+01 5.502149E+00 4.703662E+00 4.274238E+00 3.981341E+00 3.811737E+00 3.727751E+00 3.513055E+00 3.048298E+00 2.439699E+00 2.007721E+00 1.723898E+00 1.509750E+00 1.333823E+00 1.194618E+00 1.104985E+00 4.374396E-01 
1.729551E+02 1.005209E+02 7.265931E+01 5.816859E+01 4.944906E+01 4.372355E+01 3.973362E+01 3.683057E+01 3.464994E+01 3.297430E+01 2.067299E+01 1.643791E+01 1.472560E+01 8.438708E+00 7.230749E+00 6.580914E+00 6.146815E+00 5.891629E+00 5.761819E+00 5.441477E+00 4.731310E+00 3.794021E+00 3.127016E+00 2.689327E+00 2.356438E+00 2.081529E+00 1.865041E+00 1.726290E+00 6.146872E-01 
1.616952E+02 9.340685E+01 6.736844E+01 5.388857E+01 4.580345E+01 4.050455E+01 3.681565E+01 3.413252E+01 3.211741E+01 3.056765E+01 1.906565E+01 1.512410E+01 1.348436E+01 7.518448E+00 6.378010E+00 5.768288E+00 5.310388E+00 5.026508E+00 4.883337E+00 4.545949E+00 3.899018E+00 3.108690E+00 2.541563E+00 2.160348E+00 1.879485E+00 1.651138E+00 1.466127E+00 1.346865E+00 6.280779E-01 
7.242497E+01 4.024110E+01 2.894956E+01 2.338703E+01 2.015743E+01 1.808060E+01 1.664989E+01 1.561695E+01 1.484719E+01 1.426157E+01 8.808254E+00 7.069494E+00 6.194677E+00 3.002831E+00 2.539002E+00 2.283333E+00 2.092862E+00 1.977690E+00 1.912599E+00 1.771351E+00 1.510775E+00 1.187392E+00 9.610395E-01 8.131130E-01 7.048405E-01 6.171053E-01 5.472467E-01 5.016861E-01 2.769489E-01 
1.472967E+02 8.458424E+01 6.097288E+01 4.883547E+01 4.159399E+01 3.686714E+01 3.358725E+01 3.120866E+01 2.942713E+01 2.806057E+01 1.745303E+01 1.386888E+01 1.241205E+01 6.724473E+00 5.691292E+00 5.158133E+00 4.708643E+00 4.461421E+00 4.352976E+00 4.051388E+00 3.493316E+00 2.797290E+00 2.295801E+00 1.964377E+00 1.719266E+00 1.518088E+00 1.357176E+00 1.254571E+00 4.990478E-01 
1.261669E+02 7.213407E+01 5.191505E+01 4.154727E+01 3.534807E+01 3.127569E+01 2.842377E+01 2.633388E+01 2.475214E+01 2.352829E+01 1.460937E+01 1.144624E+01 1.003347E+01 5.480621E+00 4.651559E+00 4.192486E+00 3.889223E+00 3.697765E+00 3.588764E+00 3.375586E+00 2.927918E+00 2.370279E+00 1.965976E+00 1.681021E+00 1.459529E+00 1.277981E+00 1.130905E+00 1.032870E+00 6.783192E-01 
1.088343E+02 6.155340E+01 4.426090E+01 3.551974E+01 3.036170E+01 2.701415E+01 2.469628E+01 2.301608E+01 2.175811E+01 2.079556E+01 1.296919E+01 1.037580E+01 9.196021E+00 4.847048E+00 4.127775E+00 3.734648E+00 3.469386E+00 3.305516E+00 3.217154E+00 3.016051E+00 2.599545E+00 2.072406E+00 1.698273E+00 1.447805E+00 1.260699E+00 1.107975E+00 9.854383E-01 9.055425E-01 4.291745E-01 
2.205237E+02 1.300263E+02 9.431775E+01 7.547423E+01 6.401555E+01 5.642993E+01 5.111209E+01 4.722831E+01 4.430241E+01 4.204661E+01 2.606867E+01 2.029733E+01 1.820197E+01 1.038559E+01 8.648415E+00 7.815375E+00 6.951689E+00 6.440660E+00 6.243626E+00 5.674351E+00 4.801163E+00 3.832690E+00 3.119049E+00 2.632372E+00 2.290832E+00 2.016056E+00 1.787067E+00 1.643310E+00 6.731975E-01 
1.240839E+02 7.075772E+01 5.090011E+01 4.075055E+01 3.470258E+01 3.074396E+01 2.798152E+01 2.596381E+01 2.444109E+01 2.326566E+01 1.443323E+01 1.135952E+01 9.992794E+00 5.382352E+00 4.561280E+00 4.112322E+00 3.799188E+00 3.610370E+00 3.505000E+00 3.289133E+00 2.852332E+00 2.298426E+00 1.900160E+00 1.627754E+00 1.415485E+00 1.241176E+00 1.102297E+00 1.010951E+00 6.296285E-01 
1.231332E+02 6.994993E+01 5.031877E+01 4.034445E+01 3.444425E+01 3.061648E+01 2.797155E+01 2.605915E+01 2.463089E+01 2.354064E+01 1.467930E+01 1.178025E+01 1.050752E+01 5.556711E+00 4.709450E+00 4.258435E+00 3.902341E+00 3.681655E+00 3.574785E+00 3.303890E+00 2.807058E+00 2.222558E+00 1.802646E+00 1.516916E+00 1.317167E+00 1.156684E+00 1.022583E+00 9.357394E-01 4.038404E-01 
7.715377E+01 4.302440E+01 3.092380E+01 2.490998E+01 2.138641E+01 1.910063E+01 1.751361E+01 1.635994E+01 1.549489E+01 1.483275E+01 9.150064E+00 7.249186E+00 6.311518E+00 3.151944E+00 2.667604E+00 2.399070E+00 2.210327E+00 2.094219E+00 2.026364E+00 1.891543E+00 1.629573E+00 1.299318E+00 1.065363E+00 9.078496E-01 7.871750E-01 6.888619E-01 6.106453E-01 5.589397E-01 3.722080E-01 
1.196457E+02 6.800139E+01 4.891032E+01 3.919439E+01 3.342725E+01 2.966580E+01 2.705135E+01 2.514908E+01 2.371913E+01 2.261976E+01 1.408410E+01 1.120241E+01 9.902234E+00 5.310619E+00 4.515663E+00 4.077302E+00 3.779585E+00 3.588955E+00 3.484372E+00 3.257816E+00 2.794121E+00 2.230305E+00 1.825746E+00 1.541646E+00 1.334535E+00 1.167915E+00 1.028454E+00 9.324759E-01 5.132763E-01 
1.712878E+02 9.933438E+01 7.171056E+01 5.735290E+01 4.871461E+01 4.303887E+01 3.907935E+01 3.619400E+01 3.402238E+01 3.234879E+01 2.009031E+01 1.582433E+01 1.411436E+01 7.832635E+00 6.597396E+00 5.957404E+00 5.419549E+00 5.103618E+00 4.954554E+00 4.586842E+00 3.935974E+00 3.151543E+00 2.583073E+00 2.199770E+00 1.915995E+00 1.684873E+00 1.497546E+00 1.377340E+00 6.426887E-01 
1.814256E+02 1.053802E+02 7.613620E+01 6.092520E+01 5.177332E+01 4.576580E+01 4.158326E+01 3.854625E+01 3.626985E+01 3.452367E+01 2.139496E+01 1.683505E+01 1.513330E+01 8.326678E+00 6.981470E+00 6.322284E+00 5.684780E+00 5.343292E+00 5.202124E+00 4.797454E+00 4.120761E+00 3.294436E+00 2.696633E+00 2.303625E+00 2.016733E+00 1.781457E+00 1.592919E+00 1.473826E+00 5.340529E-01 
2.180317E+02 1.282014E+02 9.294912E+01 7.440543E+01 6.315790E+01 5.572648E+01 5.053312E+01 4.675202E+01 4.391378E+01 4.173337E+01 2.588719E+01 2.026150E+01 1.830694E+01 1.040973E+01 8.716655E+00 7.913147E+00 7.088439E+00 6.652249E+00 6.491630E+00 5.966212E+00 5.109064E+00 4.075284E+00 3.326562E+00 2.838801E+00 2.488949E+00 2.203811E+00 1.974467E+00 1.831253E+00 5.356590E-01 
1.321220E+02 7.544185E+01 5.429597E+01 4.348549E+01 3.705689E+01 3.286690E+01 2.995931E+01 2.784845E+01 2.626501E+01 2.504985E+01 1.561426E+01 1.243333E+01 1.104961E+01 5.974811E+00 5.078067E+00 4.592568E+00 4.247883E+00 4.038489E+00 3.926522E+00 3.675238E+00 3.171339E+00 2.531367E+00 2.075806E+00 1.773314E+00 1.544823E+00 1.357736E+00 1.209134E+00 1.112731E+00 5.407172E-01 
1.146849E+02 6.498661E+01 4.672013E+01 3.746154E+01 3.198777E+01 2.843254E+01 2.597000E+01 2.418440E+01 2.284674E+01 2.182240E+01 1.358937E+01 1.085134E+01 9.616509E+00 5.079921E+00 4.315231E+00 3.898940E+00 3.607549E+00 3.429725E+00 3.332353E+00 3.116645E+00 2.685208E+00 2.138642E+00 1.751098E+00 1.493875E+00 1.300011E+00 1.141666E+00 1.015781E+00 9.338326E-01 4.734425E-01 
1.158338E+02 6.576796E+01 4.728781E+01 3.789287E+01 3.231893E+01 2.868361E+01 2.615465E+01 2.431287E+01 2.292715E+01 2.186125E+01 1.360024E+01 1.078033E+01 9.501041E+00 5.080403E+00 4.318120E+00 3.897971E+00 3.616591E+00 3.438950E+00 3.338040E+00 3.130977E+00 2.704754E+00 2.166933E+00 1.782693E+00 1.521350E+00 1.321856E+00 1.158701E+00 1.028102E+00 9.420860E-01 5.515381E-01 
1.104779E+02 6.255342E+01 4.492915E+01 3.598043E+01 3.066689E+01 2.719353E+01 2.476966E+01 2.299838E+01 2.166116E+01 2.062907E+01 1.272653E+01 9.981197E+00 8.721832E+00 4.544434E+00 3.818083E+00 3.421620E+00 3.114898E+00 2.926817E+00 2.822840E+00 2.616231E+00 2.247241E+00 1.807961E+00 1.488222E+00 1.264609E+00 1.093982E+00 9.546851E-01 8.416774E-01 7.670200E-01 5.780987E-01 
2.553361E+02 1.520892E+02 1.107264E+02 8.871771E+01 7.525894E+01 6.631649E+01 6.003518E+01 5.544269E+01 5.198510E+01 4.932586E+01 3.069988E+01 2.385229E+01 2.155706E+01 1.272397E+01 1.066608E+01 9.712671E+00 8.719734E+00 8.168019E+00 7.974589E+00 7.329993E+00 6.269550E+00 5.001956E+00 4.082366E+00 3.481215E+00 3.055715E+00 2.708841E+00 2.429175E+00 2.255522E+00 5.787790E-01 
1.073104E+02 6.078097E+01 4.367410E+01 3.498367E+01 2.981608E+01 2.643095E+01 2.406352E+01 2.233038E+01 2.102046E+01 2.000907E+01 1.239061E+01 9.720443E+00 8.483320E+00 4.505393E+00 3.814914E+00 3.431081E+00 3.172172E+00 3.005509E+00 2.908039E+00 2.724963E+00 2.354722E+00 1.900073E+00 1.571022E+00 1.338000E+00 1.158629E+00 1.012101E+00 8.926906E-01 8.125630E-01 5.843649E-01 
1.207782E+02 6.859795E+01 4.932141E+01 3.952102E+01 3.371468E+01 2.993833E+01 2.732041E+01 2.542063E+01 2.399594E+01 2.290309E+01 1.422689E+01 1.132217E+01 1.003696E+01 5.301102E+00 4.488918E+00 4.049872E+00 3.724377E+00 3.531372E+00 3.428819E+00 3.199642E+00 2.757090E+00 2.199246E+00 1.801730E+00 1.537754E+00 1.338499E+00 1.175438E+00 1.045630E+00 9.613602E-01 4.989026E-01 
1.898262E+02 1.110933E+02 8.048879E+01 6.447405E+01 5.479868E+01 4.842573E+01 4.397577E+01 4.073332E+01 3.829637E+01 3.642329E+01 2.284407E+01 1.809559E+01 1.625811E+01 9.443645E+00 8.088607E+00 7.388618E+00 6.877320E+00 6.595913E+00 6.471401E+00 6.109828E+00 5.326408E+00 4.290244E+00 3.547011E+00 3.059020E+00 2.691459E+00 2.387966E+00 2.148232E+00 1.995992E+00 6.155583E-01 
1.408232E+02 8.079485E+01 5.823787E+01 4.665553E+01 3.974710E+01 3.523525E+01 3.210069E+01 2.982535E+01 2.811907E+01 2.681024E+01 1.676314E+01 1.335983E+01 1.191622E+01 6.557265E+00 5.591544E+00 5.076256E+00 4.708613E+00 4.484635E+00 4.374389E+00 4.101250E+00 3.541728E+00 2.837624E+00 2.332177E+00 1.992576E+00 1.740832E+00 1.535276E+00 1.369083E+00 1.262198E+00 5.180679E-01 
1.302936E+02 7.400390E+01 5.323419E+01 4.268543E+01 3.645693E+01 3.242965E+01 2.966050E+01 2.767099E+01 2.619455E+01 2.507350E+01 1.553860E+01 1.251317E+01 1.127908E+01 5.801240E+00 4.875932E+00 4.409681E+00 3.956511E+00 3.715960E+00 3.614752E+00 3.310648E+00 2.814806E+00 2.215412E+00 1.787996E+00 1.515467E+00 1.324345E+00 1.169519E+00 1.044989E+00 9.671332E-01 3.097644E-01 
1.297476E+02 7.423455E+01 5.342993E+01 4.275474E+01 3.637261E+01 3.218388E+01 2.925422E+01 2.710969E+01 2.548795E+01 2.423385E+01 1.502205E+01 1.176742E+01 1.033298E+01 5.598389E+00 4.733861E+00 4.262633E+00 3.923336E+00 3.718380E+00 3.606940E+00 3.379616E+00 2.931414E+00 2.372571E+00 1.966621E+00 1.684389E+00 1.464167E+00 1.283258E+00 1.137902E+00 1.042257E+00 6.740906E-01 
1.408636E+02 8.068271E+01 5.810291E+01 4.652164E+01 3.962307E+01 3.512519E+01 3.200589E+01 2.974388E+01 2.804894E+01 2.674920E+01 1.670260E+01 1.333770E+01 1.189983E+01 6.506248E+00 5.536740E+00 5.013145E+00 4.640435E+00 4.413223E+00 4.295892E+00 4.017945E+00 3.459098E+00 2.753315E+00 2.251599E+00 1.919882E+00 1.673073E+00 1.471530E+00 1.310649E+00 1.206907E+00 5.286971E-01 
1.067150E+02 6.036598E+01 4.339730E+01 3.481047E+01 2.973022E+01 2.642186E+01 2.412204E+01 2.244812E+01 2.118951E+01 2.022273E+01 1.258132E+01 9.988654E+00 8.797821E+00 4.666946E+00 3.975232E+00 3.593335E+00 3.348602E+00 3.197606E+00 3.110570E+00 2.931067E+00 2.543888E+00 2.039357E+00 1.681302E+00 1.441255E+00 1.254591E+00 1.101511E+00 9.805986E-01 9.012233E-01 5.104386E-01 
1.273251E+02 7.262412E+01 5.225488E+01 4.184866E+01 3.565870E+01 3.161894E+01 2.880991E+01 2.676585E+01 2.522891E+01 2.404683E+01 1.499365E+01 1.191397E+01 1.054019E+01 5.736200E+00 4.889949E+00 4.420494E+00 4.121877E+00 3.931894E+00 3.820940E+00 3.595831E+00 3.110729E+00 2.486506E+00 2.043589E+00 1.745074E+00 1.516818E+00 1.330428E+00 1.181654E+00 1.082553E+00 5.736939E-01 
1.580688E+02 9.119830E+01 6.579885E+01 5.267705E+01 4.481897E+01 3.967681E+01 3.610305E+01 3.350748E+01 3.156093E+01 3.006774E+01 1.876912E+01 1.492714E+01 1.335723E+01 7.391621E+00 6.266456E+00 5.681085E+00 5.207973E+00 4.924321E+00 4.795612E+00 4.451398E+00 3.814073E+00 3.046790E+00 2.491860E+00 2.117969E+00 1.847689E+00 1.628667E+00 1.449178E+00 1.334714E+00 5.291014E-01 
9.277196E+01 5.209593E+01 3.740646E+01 3.002506E+01 2.567091E+01 2.283538E+01 2.086124E+01 1.942168E+01 1.833777E+01 1.750421E+01 1.079370E+01 8.505963E+00 7.418589E+00 3.777250E+00 3.181943E+00 2.853953E+00 2.609900E+00 2.460979E+00 2.376539E+00 2.209141E+00 1.899984E+00 1.522553E+00 1.251026E+00 1.064260E+00 9.215037E-01 8.049658E-01 7.112228E-01 6.492481E-01 4.703583E-01 
1.082103E+02 6.114964E+01 4.391368E+01 3.518651E+01 3.002061E+01 2.665469E+01 2.431309E+01 2.260662E+01 2.132174E+01 2.033244E+01 1.259677E+01 9.971783E+00 8.745222E+00 4.589597E+00 3.882251E+00 3.486637E+00 3.220563E+00 3.046168E+00 2.942140E+00 2.744196E+00 2.350840E+00 1.871880E+00 1.530197E+00 1.291756E+00 1.114298E+00 9.709636E-01 8.530751E-01 7.721039E-01 5.117136E-01 
1.312252E+02 7.483678E+01 5.386015E+01 4.315627E+01 3.680650E+01 3.268053E+01 2.982667E+01 2.776199E+01 2.621876E+01 2.503885E+01 1.565318E+01 1.255197E+01 1.120808E+01 6.066620E+00 5.174856E+00 4.692112E+00 4.362475E+00 4.164146E+00 4.057531E+00 3.807643E+00 3.287551E+00 2.612934E+00 2.137481E+00 1.828126E+00 1.595444E+00 1.404926E+00 1.254951E+00 1.158088E+00 4.766705E-01 
1.434153E+02 8.230612E+01 5.932807E+01 4.752673E+01 4.048783E+01 3.589253E+01 3.270387E+01 3.039007E+01 2.865606E+01 2.732730E+01 1.706266E+01 1.359240E+01 1.214641E+01 6.644281E+00 5.653670E+00 5.133978E+00 4.741926E+00 4.518396E+00 4.410888E+00 4.132979E+00 3.577987E+00 2.868630E+00 2.360193E+00 2.024072E+00 1.772272E+00 1.565835E+00 1.401151E+00 1.295830E+00 5.047321E-01 
1.504102E+02 8.668497E+01 6.249651E+01 5.000651E+01 4.252267E+01 3.761525E+01 3.419302E+01 3.169770E+01 2.981780E+01 2.836853E+01 1.771274E+01 1.402445E+01 1.244271E+01 6.966542E+00 5.941438E+00 5.377593E+00 5.007958E+00 4.775711E+00 4.647434E+00 4.370112E+00 3.778257E+00 3.028699E+00 2.492871E+00 2.129005E+00 1.852772E+00 1.627124E+00 1.445884E+00 1.326614E+00 6.802533E-01 
1.712296E+02 9.946510E+01 7.187280E+01 5.752540E+01 4.888743E+01 4.320685E+01 3.924015E+01 3.634636E+01 3.416574E+01 3.248309E+01 2.020310E+01 1.589172E+01 1.417855E+01 7.940199E+00 6.720851E+00 6.089229E+00 5.575528E+00 5.287210E+00 5.157762E+00 4.819466E+00 4.172127E+00 3.363755E+00 2.777322E+00 2.382440E+00 2.084360E+00 1.839756E+00 1.643225E+00 1.517570E+00 6.482444E-01 
1.274080E+02 7.264160E+01 5.226239E+01 4.185642E+01 3.567082E+01 3.163733E+01 2.883499E+01 2.679751E+01 2.526697E+01 2.409076E+01 1.502259E+01 1.196051E+01 1.059913E+01 5.751335E+00 4.899392E+00 4.428592E+00 4.122250E+00 3.927867E+00 3.817733E+00 3.584957E+00 3.091558E+00 2.466140E+00 2.022137E+00 1.721865E+00 1.495936E+00 1.312079E+00 1.163998E+00 1.065582E+00 5.494890E-01 
9.329161E+01 5.228203E+01 3.755421E+01 3.019360E+01 2.588456E+01 2.310377E+01 2.118579E+01 1.979940E+01 1.876364E+01 1.797299E+01 1.110296E+01 8.880979E+00 7.836291E+00 3.893754E+00 3.279469E+00 2.947886E+00 2.680942E+00 2.526880E+00 2.444412E+00 2.259943E+00 1.933018E+00 1.528893E+00 1.242763E+00 1.055070E+00 9.160304E-01 8.030815E-01 7.131137E-01 6.547485E-01 3.534716E-01 
1.337778E+02 7.650991E+01 5.505951E+01 4.406364E+01 3.750501E+01 3.321487E+01 3.022587E+01 2.804667E+01 2.640478E+01 2.513878E+01 1.560621E+01 1.231490E+01 1.087902E+01 5.880733E+00 4.975321E+00 4.484430E+00 4.123732E+00 3.905950E+00 3.789401E+00 3.539245E+00 3.054927E+00 2.452261E+00 2.018291E+00 1.723608E+00 1.498647E+00 1.314189E+00 1.166438E+00 1.070000E+00 6.281405E-01 
8.964363E+01 5.023345E+01 3.609188E+01 2.902359E+01 2.487830E+01 2.219519E+01 2.033829E+01 1.899204E+01 1.798417E+01 1.721344E+01 1.066854E+01 8.510792E+00 7.478082E+00 3.788422E+00 3.208563E+00 2.889878E+00 2.661755E+00 2.520603E+00 2.441056E+00 2.273700E+00 1.951886E+00 1.550328E+00 1.265871E+00 1.075854E+00 9.335402E-01 8.176512E-01 7.250879E-01 6.644138E-01 3.865045E-01 
1.044818E+02 5.904626E+01 4.244239E+01 3.404799E+01 2.908323E+01 2.584968E+01 2.360106E+01 2.196396E+01 2.073316E+01 1.978824E+01 1.230697E+01 9.763875E+00 8.587945E+00 4.542771E+00 3.867904E+00 3.495116E+00 3.256671E+00 3.108734E+00 3.022142E+00 2.846350E+00 2.469443E+00 1.980108E+00 1.632915E+00 1.399384E+00 1.217572E+00 1.068534E+00 9.507661E-01 8.731973E-01 5.103244E-01 
6.055988E+01 3.350702E+01 2.413722E+01 1.954261E+01 1.686842E+01 1.513809E+01 1.393837E+01 1.306796E+01 1.241680E+01 1.191995E+01 7.301585E+00 5.783591E+00 4.995883E+00 2.390373E+00 2.016892E+00 1.808270E+00 1.652300E+00 1.557828E+00 1.502270E+00 1.389918E+00 1.187241E+00 9.392740E-01 7.642789E-01 6.469286E-01 5.595381E-01 4.885749E-01 4.318036E-01 3.942595E-01 2.762571E-01 
1.021246E+02 5.751821E+01 4.132816E+01 3.318427E+01 2.839536E+01 2.529568E+01 2.315354E+01 2.160307E+01 2.044353E+01 1.955711E+01 1.216635E+01 9.749611E+00 8.625598E+00 4.459769E+00 3.784648E+00 3.414498E+00 3.153933E+00 2.990720E+00 2.901091E+00 2.703777E+00 2.316114E+00 1.834658E+00 1.493931E+00 1.266564E+00 1.099374E+00 9.636182E-01 8.542671E-01 7.827444E-01 4.033473E-01 
1.096191E+02 6.202028E+01 4.457158E+01 3.573622E+01 3.051026E+01 2.711005E+01 2.474901E+01 2.303218E+01 2.174243E+01 2.075199E+01 1.290749E+01 1.026590E+01 9.049769E+00 4.786102E+00 4.067089E+00 3.668825E+00 3.405681E+00 3.237814E+00 3.141256E+00 2.943562E+00 2.535232E+00 2.022197E+00 1.657561E+00 1.409761E+00 1.222979E+00 1.070964E+00 9.484650E-01 8.670278E-01 4.997652E-01 
1.016524E+02 5.743577E+01 4.126543E+01 3.307312E+01 2.820823E+01 2.502286E+01 2.279608E+01 2.116641E+01 1.993546E+01 1.898606E+01 1.175905E+01 9.232419E+00 8.051382E+00 4.254186E+00 3.605696E+00 3.244508E+00 3.006756E+00 2.853914E+00 2.763847E+00 2.595872E+00 2.247612E+00 1.814007E+00 1.501054E+00 1.279899E+00 1.108700E+00 9.689593E-01 8.553615E-01 7.786256E-01 5.475545E-01 
1.355795E+02 7.764318E+01 5.590173E+01 4.474676E+01 3.808971E+01 3.373361E+01 3.069827E+01 2.848546E+01 2.681862E+01 2.553413E+01 1.587860E+01 1.253878E+01 1.108846E+01 6.039021E+00 5.124714E+00 4.628699E+00 4.276979E+00 4.066035E+00 3.951486E+00 3.706561E+00 3.211221E+00 2.581256E+00 2.129340E+00 1.823882E+00 1.588573E+00 1.395357E+00 1.241495E+00 1.140978E+00 6.304320E-01 
1.014831E+02 5.717899E+01 4.106645E+01 3.294325E+01 2.814846E+01 2.503009E+01 2.286371E+01 2.128733E+01 2.010242E+01 1.919211E+01 1.185706E+01 9.379938E+00 8.228248E+00 4.211064E+00 3.545855E+00 3.183728E+00 2.902807E+00 2.733643E+00 2.641404E+00 2.448593E+00 2.100717E+00 1.679256E+00 1.376114E+00 1.169244E+00 1.013492E+00 8.864733E-01 7.839396E-01 7.167363E-01 4.708173E-01 
1.159651E+02 6.578451E+01 4.730486E+01 3.792437E+01 3.236970E+01 2.875589E+01 2.624867E+01 2.442731E+01 2.306084E+01 2.201266E+01 1.369023E+01 1.090366E+01 9.658969E+00 5.095674E+00 4.321003E+00 3.902838E+00 3.596856E+00 3.411626E+00 3.313634E+00 3.094433E+00 2.666963E+00 2.132192E+00 1.749849E+00 1.493247E+00 1.300223E+00 1.142255E+00 1.015721E+00 9.336768E-01 4.732843E-01 
1.128026E+02 6.395189E+01 4.594084E+01 3.677878E+01 3.132994E+01 2.776313E+01 2.527144E+01 2.344903E+01 2.207206E+01 2.100843E+01 1.294143E+01 1.012338E+01 8.843278E+00 4.589997E+00 3.842418E+00 3.437487E+00 3.106872E+00 2.908197E+00 2.802571E+00 2.586341E+00 2.216819E+00 1.788788E+00 1.473996E+00 1.250694E+00 1.081509E+00 9.434040E-01 8.300823E-01 7.553594E-01 5.779130E-01 
1.473569E+02 8.469359E+01 6.102116E+01 4.883185E+01 4.154495E+01 3.677653E+01 3.345817E+01 3.104374E+01 2.922865E+01 2.783208E+01 1.731487E+01 1.370341E+01 1.218493E+01 6.678151E+00 5.665021E+00 5.122653E+00 4.725538E+00 4.495842E+00 4.374697E+00 4.098203E+00 3.546864E+00 2.842607E+00 2.339354E+00 2.004180E+00 1.747975E+00 1.537573E+00 1.370676E+00 1.262463E+00 6.179634E-01 
2.265326E+02 1.336009E+02 9.700185E+01 7.770244E+01 6.597883E+01 5.822649E+01 5.280871E+01 4.886692E+01 4.591184E+01 4.364543E+01 2.724684E+01 2.148336E+01 1.948244E+01 1.135928E+01 9.598396E+00 8.754223E+00 7.935569E+00 7.484634E+00 7.325398E+00 6.763375E+00 5.788171E+00 4.603031E+00 3.749756E+00 3.197161E+00 2.807555E+00 2.491756E+00 2.236619E+00 2.078592E+00 4.847561E-01 
9.830514E+01 5.531386E+01 3.974917E+01 3.192523E+01 2.731845E+01 2.432937E+01 2.225744E+01 2.075341E+01 1.962645E+01 1.876358E+01 1.161718E+01 9.236828E+00 8.132481E+00 4.141750E+00 3.495399E+00 3.147289E+00 2.870816E+00 2.706614E+00 2.620811E+00 2.426936E+00 2.079342E+00 1.660215E+00 1.358208E+00 1.153135E+00 1.001854E+00 8.787755E-01 7.787650E-01 7.136974E-01 4.077881E-01 
1.191583E+02 6.770122E+01 4.869800E+01 3.903889E+01 3.331628E+01 2.959366E+01 2.701235E+01 2.513889E+01 2.373345E+01 2.265549E+01 1.412054E+01 1.125701E+01 9.980397E+00 5.336536E+00 4.544547E+00 4.112012E+00 3.819363E+00 3.642179E+00 3.544618E+00 3.330559E+00 2.882585E+00 2.302763E+00 1.891908E+00 1.619694E+00 1.411840E+00 1.241474E+00 1.106747E+00 1.019005E+00 5.038564E-01 
1.106882E+02 6.274096E+01 4.509113E+01 3.612560E+01 3.080201E+01 2.732285E+01 2.489595E+01 2.312369E+01 2.178720E+01 2.075713E+01 1.287577E+01 1.014806E+01 8.893380E+00 4.727824E+00 4.007447E+00 3.609443E+00 3.339254E+00 3.167799E+00 3.068984E+00 2.874350E+00 2.482307E+00 1.995653E+00 1.645602E+00 1.403118E+00 1.216767E+00 1.064568E+00 9.417562E-01 8.604324E-01 5.760890E-01 
2.209735E+02 1.308628E+02 9.514959E+01 7.626473E+01 6.476743E+01 5.714963E+01 5.180846E+01 4.790641E+01 4.496718E+01 4.270047E+01 2.682490E+01 2.116213E+01 1.903339E+01 1.142065E+01 9.791956E+00 8.950986E+00 8.316651E+00 7.949767E+00 7.806935E+00 7.342552E+00 6.364554E+00 5.120353E+00 4.221956E+00 3.624327E+00 3.184187E+00 2.824088E+00 2.534278E+00 2.351491E+00 6.814643E-01 
1.166023E+02 6.601300E+01 4.744126E+01 3.803005E+01 3.246702E+01 2.885463E+01 2.635332E+01 2.453999E+01 2.318148E+01 2.213974E+01 1.363073E+01 1.080039E+01 9.571416E+00 4.839664E+00 4.039863E+00 3.626128E+00 3.232444E+00 3.016253E+00 2.915368E+00 2.665014E+00 2.271292E+00 1.811634E+00 1.477292E+00 1.252292E+00 1.087984E+00 9.547057E-01 8.460302E-01 7.763559E-01 4.327700E-01 
1.628014E+02 9.407903E+01 6.785855E+01 5.427982E+01 4.613376E+01 4.079456E+01 3.707771E+01 3.437425E+01 3.234306E+01 3.078062E+01 1.919647E+01 1.522857E+01 1.358345E+01 7.584518E+00 6.435721E+00 5.819528E+00 5.357894E+00 5.072264E+00 4.929662E+00 4.591524E+00 3.939044E+00 3.139754E+00 2.566286E+00 2.181536E+00 1.898357E+00 1.667791E+00 1.481253E+00 1.360921E+00 6.281556E-01 
1.289144E+02 7.356935E+01 5.293173E+01 4.238009E+01 3.609944E+01 3.199809E+01 2.914470E+01 2.706724E+01 2.550437E+01 2.430187E+01 1.511609E+01 1.197633E+01 1.059154E+01 5.712139E+00 4.843581E+00 4.371555E+00 4.035024E+00 3.828230E+00 3.716009E+00 3.473311E+00 2.995019E+00 2.398751E+00 1.971344E+00 1.682058E+00 1.462545E+00 1.283112E+00 1.139219E+00 1.045364E+00 5.851546E-01 
1.631685E+02 9.437966E+01 6.816236E+01 5.459312E+01 4.645925E+01 4.113369E+01 3.743327E+01 3.474936E+01 3.273886E+01 3.119902E+01 1.957033E+01 1.563359E+01 1.403556E+01 7.922639E+00 6.771120E+00 6.166714E+00 5.720089E+00 5.450276E+00 5.327795E+00 4.988471E+00 4.298188E+00 3.435538E+00 2.815909E+00 2.402919E+00 2.103224E+00 1.859112E+00 1.660983E+00 1.534879E+00 5.191762E-01 
1.173915E+02 6.648680E+01 4.778088E+01 3.829866E+01 3.269123E+01 2.904900E+01 2.652632E+01 2.469714E+01 2.332606E+01 2.227461E+01 1.372307E+01 1.087767E+01 9.640859E+00 4.896424E+00 4.092412E+00 3.675473E+00 3.287958E+00 3.073124E+00 2.970970E+00 2.722081E+00 2.323636E+00 1.853157E+00 1.512038E+00 1.282954E+00 1.115300E+00 9.784417E-01 8.675159E-01 7.963172E-01 4.328875E-01 
7.448037E+01 4.148350E+01 2.980322E+01 2.399518E+01 2.058372E+01 1.836303E+01 1.681584E+01 1.568769E+01 1.483945E+01 1.418858E+01 8.705632E+00 6.840855E+00 5.916313E+00 2.935987E+00 2.475382E+00 2.218629E+00 2.033669E+00 1.921431E+00 1.854709E+00 1.728612E+00 1.490898E+00 1.194135E+00 9.824900E-01 8.376746E-01 7.248855E-01 6.329615E-01 5.597278E-01 5.109050E-01 3.935379E-01 
1.895327E+02 1.110324E+02 8.045781E+01 6.444582E+01 5.476175E+01 4.837848E+01 4.391694E+01 4.066258E+01 3.821341E+01 3.632898E+01 2.282466E+01 1.808174E+01 1.620505E+01 9.492128E+00 8.147976E+00 7.436947E+00 6.954571E+00 6.672352E+00 6.540446E+00 6.181639E+00 5.382611E+00 4.337002E+00 3.585779E+00 3.087414E+00 2.711713E+00 2.402267E+00 2.155799E+00 1.999062E+00 6.517796E-01 
1.241613E+02 7.061311E+01 5.079876E+01 4.071885E+01 3.474932E+01 3.087220E+01 2.818998E+01 2.624782E+01 2.479508E+01 2.368375E+01 1.477598E+01 1.183171E+01 1.054253E+01 5.644853E+00 4.809880E+00 4.357060E+00 4.047364E+00 3.864689E+00 3.765986E+00 3.537803E+00 3.060073E+00 2.435668E+00 1.995501E+00 1.708668E+00 1.491021E+00 1.312550E+00 1.172253E+00 1.081477E+00 4.708996E-01 
9.158298E+01 5.137628E+01 3.691110E+01 2.966819E+01 2.541494E+01 2.265915E+01 2.075037E+01 1.936542E+01 1.832775E+01 1.753353E+01 1.087487E+01 8.668802E+00 7.614364E+00 3.887248E+00 3.295006E+00 2.968162E+00 2.739704E+00 2.595377E+00 2.513300E+00 2.343372E+00 2.010523E+00 1.597574E+00 1.304688E+00 1.107032E+00 9.596680E-01 8.399608E-01 7.435801E-01 6.800326E-01 4.027735E-01 
1.094619E+02 6.195598E+01 4.449699E+01 3.563378E+01 3.037077E+01 2.692950E+01 2.452706E+01 2.277074E+01 2.144422E+01 2.041986E+01 1.259045E+01 9.867557E+00 8.616432E+00 4.484987E+00 3.766770E+00 3.374424E+00 3.070752E+00 2.885452E+00 2.783347E+00 2.579801E+00 2.216384E+00 1.784073E+00 1.469145E+00 1.248443E+00 1.079801E+00 9.421425E-01 8.303431E-01 7.565000E-01 5.779977E-01 
1.150875E+02 6.542233E+01 4.704892E+01 3.768507E+01 3.210942E+01 2.845693E+01 2.590419E+01 2.403735E+01 2.262780E+01 2.154016E+01 1.334081E+01 1.046772E+01 9.172829E+00 4.882068E+00 4.128160E+00 3.718133E+00 3.422790E+00 3.245485E+00 3.148065E+00 2.947656E+00 2.555873E+00 2.068533E+00 1.714740E+00 1.468519E+00 1.277060E+00 1.119718E+00 9.931759E-01 9.098742E-01 5.756218E-01 
7.933172E+01 4.428476E+01 3.182072E+01 2.561349E+01 2.197094E+01 1.960520E+01 1.796105E+01 1.676469E+01 1.586668E+01 1.517874E+01 9.359388E+00 7.401134E+00 6.440737E+00 3.227593E+00 2.729162E+00 2.452985E+00 2.257669E+00 2.137692E+00 2.067377E+00 1.929421E+00 1.663245E+00 1.328507E+00 1.090707E+00 9.298585E-01 8.059310E-01 7.048905E-01 6.245091E-01 5.712865E-01 3.926964E-01 
1.536122E+02 8.830390E+01 6.369115E+01 5.103423E+01 4.348832E+01 3.857354E+01 3.517583E+01 3.272428E+01 3.089799E+01 2.950594E+01 1.845086E+01 1.479938E+01 1.335220E+01 7.329877E+00 6.242948E+00 5.687811E+00 5.234684E+00 4.984174E+00 4.877885E+00 4.557839E+00 3.932568E+00 3.128498E+00 2.557715E+00 2.190833E+00 1.922816E+00 1.704272E+00 1.530634E+00 1.421287E+00 4.113106E-01 
1.272369E+02 7.258257E+01 5.221025E+01 4.179290E+01 3.558862E+01 3.153305E+01 2.870777E+01 2.664770E+01 2.509537E+01 2.389879E+01 1.486536E+01 1.176284E+01 1.037200E+01 5.633297E+00 4.789395E+00 4.318926E+00 4.013828E+00 3.817726E+00 3.703023E+00 3.476812E+00 3.001313E+00 2.402121E+00 1.974447E+00 1.680972E+00 1.457703E+00 1.275884E+00 1.128958E+00 1.030036E+00 6.066716E-01 
1.842652E+02 1.072846E+02 7.752017E+01 6.199094E+01 5.262518E+01 4.646387E+01 4.216482E+01 3.903374E+01 3.667917E+01 3.486663E+01 2.169251E+01 1.709828E+01 1.527859E+01 8.608862E+00 7.264606E+00 6.566117E+00 5.984732E+00 5.638274E+00 5.475130E+00 5.071626E+00 4.345050E+00 3.465556E+00 2.831861E+00 2.408867E+00 2.097881E+00 1.844937E+00 1.640767E+00 1.510185E+00 6.722172E-01 
1.172693E+02 6.645991E+01 4.780090E+01 3.835193E+01 3.277814E+01 2.917088E+01 2.668302E+01 2.488799E+01 2.354981E+01 2.253027E+01 1.409928E+01 1.138417E+01 1.017232E+01 5.404676E+00 4.614484E+00 4.183779E+00 3.892379E+00 3.708143E+00 3.610643E+00 3.379379E+00 2.898118E+00 2.291808E+00 1.864182E+00 1.581048E+00 1.376409E+00 1.210672E+00 1.076316E+00 9.881043E-01 3.757533E-01 
1.274920E+02 7.277912E+01 5.237441E+01 4.193756E+01 3.571809E+01 3.164961E+01 2.881232E+01 2.674153E+01 2.518036E+01 2.397691E+01 1.486902E+01 1.172000E+01 1.034562E+01 5.544954E+00 4.690577E+00 4.230696E+00 3.892617E+00 3.694400E+00 3.587873E+00 3.358346E+00 2.910768E+00 2.346084E+00 1.938924E+00 1.661387E+00 1.446897E+00 1.270918E+00 1.130112E+00 1.038102E+00 5.870022E-01 
8.008664E+01 4.463421E+01 3.208234E+01 2.586455E+01 2.224405E+01 1.991380E+01 1.830819E+01 1.714871E+01 1.628407E+01 1.562551E+01 9.652348E+00 7.739389E+00 6.801527E+00 3.324795E+00 2.807065E+00 2.524076E+00 2.306465E+00 2.178003E+00 2.106469E+00 1.949880E+00 1.666388E+00 1.313616E+00 1.065550E+00 9.036528E-01 7.841298E-01 6.870942E-01 6.099383E-01 5.597711E-01 3.048511E-01 
1.487641E+02 8.560190E+01 6.174761E+01 4.946539E+01 4.212768E+01 3.733334E+01 3.400508E+01 3.158850E+01 2.977712E+01 2.838857E+01 1.776687E+01 1.417349E+01 1.267912E+01 7.040441E+00 6.009181E+00 5.463408E+00 5.062242E+00 4.819632E+00 4.708564E+00 4.412435E+00 3.804930E+00 3.045100E+00 2.499983E+00 2.134394E+00 1.865716E+00 1.647752E+00 1.470513E+00 1.357150E+00 5.184950E-01 
1.211382E+02 6.894220E+01 4.958640E+01 3.971915E+01 3.385433E+01 3.002552E+01 2.736045E+01 2.541866E+01 2.395690E+01 2.283179E+01 1.419556E+01 1.123640E+01 9.913433E+00 5.319499E+00 4.516041E+00 4.076567E+00 3.774353E+00 3.589752E+00 3.486742E+00 3.269937E+00 2.829225E+00 2.270379E+00 1.870751E+00 1.600325E+00 1.392106E+00 1.221478E+00 1.085617E+00 9.965262E-01 5.766850E-01 
1.130183E+02 6.405792E+01 4.604743E+01 3.690794E+01 3.149398E+01 2.796779E+01 2.551748E+01 2.373466E+01 2.239447E+01 2.136445E+01 1.329108E+01 1.056162E+01 9.312638E+00 4.961092E+00 4.219780E+00 3.808135E+00 3.542321E+00 3.372951E+00 3.274338E+00 3.074844E+00 2.653823E+00 2.119140E+00 1.739387E+00 1.481289E+00 1.285399E+00 1.125901E+00 9.975814E-01 9.116186E-01 5.153289E-01 
1.899391E+02 1.105972E+02 7.996081E+01 6.399050E+01 5.436715E+01 4.804638E+01 4.364438E+01 4.044564E+01 3.804857E+01 3.621179E+01 2.243139E+01 1.761151E+01 1.586343E+01 8.746881E+00 7.311391E+00 6.624480E+00 5.913576E+00 5.537771E+00 5.392573E+00 4.950993E+00 4.240426E+00 3.388272E+00 2.769391E+00 2.362746E+00 2.069049E+00 1.830245E+00 1.637058E+00 1.515837E+00 5.343330E-01 
9.583583E+01 5.380759E+01 3.863655E+01 3.102489E+01 2.655105E+01 2.365202E+01 2.164423E+01 2.018721E+01 1.909474E+01 1.825739E+01 1.132162E+01 9.028515E+00 7.926640E+00 4.076624E+00 3.455881E+00 3.107333E+00 2.881812E+00 2.734022E+00 2.642435E+00 2.470030E+00 2.120197E+00 1.677317E+00 1.366583E+00 1.157852E+00 1.000602E+00 8.732473E-01 7.710832E-01 7.014225E-01 4.114821E-01 
1.271686E+02 7.251486E+01 5.218034E+01 4.179736E+01 3.562383E+01 3.159663E+01 2.879783E+01 2.676243E+01 2.523307E+01 2.405757E+01 1.496743E+01 1.187803E+01 1.052477E+01 5.648993E+00 4.791691E+00 4.327328E+00 3.991411E+00 3.790506E+00 3.684948E+00 3.447284E+00 2.977054E+00 2.384465E+00 1.960491E+00 1.675490E+00 1.459218E+00 1.282159E+00 1.140636E+00 1.048663E+00 5.402739E-01 
1.345145E+02 7.687031E+01 5.533033E+01 4.430790E+01 3.775165E+01 3.347854E+01 3.051391E+01 2.836236E+01 2.674897E+01 2.551120E+01 1.591117E+01 1.267880E+01 1.127892E+01 6.117456E+00 5.201619E+00 4.705830E+00 4.354932E+00 4.142338E+00 4.028432E+00 3.770497E+00 3.252545E+00 2.594561E+00 2.126491E+00 1.816451E+00 1.582812E+00 1.391625E+00 1.239509E+00 1.141157E+00 5.408781E-01 
1.121515E+02 6.340265E+01 4.555611E+01 3.652913E+01 3.119915E+01 2.773994E+01 2.534443E+01 2.360728E+01 2.230499E+01 2.130697E+01 1.316214E+01 1.046258E+01 9.261529E+00 4.724700E+00 3.967791E+00 3.566725E+00 3.228210E+00 3.036881E+00 2.939421E+00 2.712502E+00 2.323514E+00 1.851560E+00 1.512397E+00 1.286062E+00 1.117729E+00 9.804423E-01 8.702421E-01 7.990358E-01 4.329837E-01 
1.214219E+02 6.893660E+01 4.961105E+01 3.980917E+01 3.402122E+01 3.027433E+01 2.769157E+01 2.582872E+01 2.444058E+01 2.338198E+01 1.464243E+01 1.183061E+01 1.059712E+01 5.671870E+00 4.847704E+00 4.403270E+00 4.087438E+00 3.891076E+00 3.796690E+00 3.545382E+00 3.029784E+00 2.396667E+00 1.946731E+00 1.643621E+00 1.431507E+00 1.260370E+00 1.118316E+00 1.024465E+00 3.757282E-01 
1.123229E+02 6.365454E+01 4.577692E+01 3.671769E+01 3.136046E+01 2.787828E+01 2.546397E+01 2.371152E+01 2.239744E+01 2.139024E+01 1.334863E+01 1.065745E+01 9.435631E+00 5.046173E+00 4.310620E+00 3.904335E+00 3.649449E+00 3.490842E+00 3.399459E+00 3.206113E+00 2.780361E+00 2.220435E+00 1.825609E+00 1.564733E+00 1.363633E+00 1.198766E+00 1.069203E+00 9.844804E-01 4.923009E-01 
1.133212E+02 6.420404E+01 4.613861E+01 3.697295E+01 3.154424E+01 2.800902E+01 2.555271E+01 2.376564E+01 2.242224E+01 2.138976E+01 1.329922E+01 1.056748E+01 9.311944E+00 4.946152E+00 4.201009E+00 3.786605E+00 3.516150E+00 3.341897E+00 3.239059E+00 3.034649E+00 2.611867E+00 2.081869E+00 1.705635E+00 1.448596E+00 1.254950E+00 1.097693E+00 9.705119E-01 8.846540E-01 5.165454E-01 
1.259367E+02 7.176402E+01 5.167941E+01 4.144883E+01 3.538427E+01 3.144275E+01 2.871511E+01 2.674002E+01 2.526373E+01 2.413560E+01 1.511053E+01 1.212914E+01 1.083934E+01 5.865182E+00 5.018645E+00 4.565135E+00 4.256934E+00 4.080185E+00 3.991898E+00 3.760431E+00 3.262709E+00 2.609041E+00 2.145853E+00 1.843058E+00 1.615024E+00 1.428228E+00 1.280450E+00 1.185707E+00 4.377734E-01 
1.984200E+02 1.160794E+02 8.398827E+01 6.717004E+01 5.699589E+01 5.028802E+01 4.560160E+01 4.218652E+01 3.961834E+01 3.764159E+01 2.343645E+01 1.846062E+01 1.653807E+01 9.445196E+00 7.974693E+00 7.215225E+00 6.575371E+00 6.193840E+00 6.020292E+00 5.573323E+00 4.769678E+00 3.798203E+00 3.098549E+00 2.634524E+00 2.296469E+00 2.020890E+00 1.798588E+00 1.657076E+00 6.729438E-01 
1.632821E+02 9.460859E+01 6.835761E+01 5.474796E+01 4.657236E+01 4.120971E+01 3.747432E+01 3.475671E+01 3.271484E+01 3.114538E+01 1.953837E+01 1.557157E+01 1.393772E+01 7.948290E+00 6.816737E+00 6.206324E+00 5.801882E+00 5.558268E+00 5.441665E+00 5.132951E+00 4.447923E+00 3.568845E+00 2.939476E+00 2.517096E+00 2.203272E+00 1.946485E+00 1.739267E+00 1.605199E+00 5.731238E-01 
1.123199E+02 6.359772E+01 4.573407E+01 3.668838E+01 3.133954E+01 2.786156E+01 2.544972E+01 2.369888E+01 2.238605E+01 2.137904E+01 1.323605E+01 1.050520E+01 9.299474E+00 4.826581E+00 4.081456E+00 3.685517E+00 3.370253E+00 3.196380E+00 3.110749E+00 2.903197E+00 2.510683E+00 2.014781E+00 1.658577E+00 1.420762E+00 1.240479E+00 1.092266E+00 9.743258E-01 8.978392E-01 4.535616E-01 
1.247519E+02 7.114329E+01 5.118413E+01 4.098322E+01 3.490776E+01 3.093384E+01 2.816304E+01 2.614112E+01 2.461687E+01 2.344185E+01 1.456598E+01 1.149830E+01 1.013380E+01 5.454588E+00 4.621650E+00 4.165906E+00 3.842750E+00 3.641726E+00 3.533541E+00 3.303645E+00 2.847807E+00 2.289574E+00 1.886427E+00 1.607120E+00 1.395776E+00 1.223213E+00 1.083005E+00 9.907890E-01 5.862800E-01 
1.095057E+02 6.202883E+01 4.458349E+01 3.573294E+01 3.048444E+01 2.705892E+01 2.467257E+01 2.293203E+01 2.162087E+01 2.061143E+01 1.280082E+01 1.011829E+01 8.884816E+00 4.719118E+00 4.006446E+00 3.612677E+00 3.349978E+00 3.184361E+00 3.088832E+00 2.897189E+00 2.504074E+00 2.010138E+00 1.656542E+00 1.414005E+00 1.227532E+00 1.075156E+00 9.528909E-01 8.720470E-01 5.512098E-01 
1.898132E+02 1.109373E+02 8.027961E+01 6.424687E+01 5.455595E+01 4.816655E+01 4.369859E+01 4.043761E+01 3.797909E+01 3.608210E+01 2.239314E+01 1.752108E+01 1.566679E+01 8.830155E+00 7.436179E+00 6.734496E+00 6.109905E+00 5.770358E+00 5.626770E+00 5.230136E+00 4.517899E+00 3.641454E+00 3.002480E+00 2.573500E+00 2.253077E+00 1.989069E+00 1.776952E+00 1.641633E+00 6.767691E-01 
1.473000E+02 8.450945E+01 6.086990E+01 4.872192E+01 4.147680E+01 3.675021E+01 3.347230E+01 3.109602E+01 2.931636E+01 2.795220E+01 1.739763E+01 1.384461E+01 1.236777E+01 6.721649E+00 5.697754E+00 5.155293E+00 4.739221E+00 4.500379E+00 4.378670E+00 4.088509E+00 3.526225E+00 2.808938E+00 2.299210E+00 1.965793E+00 1.715182E+00 1.509963E+00 1.347686E+00 1.243178E+00 5.332473E-01 
1.438866E+02 8.249461E+01 5.944866E+01 4.762144E+01 4.057430E+01 3.597991E+01 3.279487E+01 3.048831E+01 2.876317E+01 2.744311E+01 1.711011E+01 1.364757E+01 1.221337E+01 6.614236E+00 5.600981E+00 5.076711E+00 4.637564E+00 4.378689E+00 4.263444E+00 3.952053E+00 3.385616E+00 2.698963E+00 2.204415E+00 1.874203E+00 1.635800E+00 1.442366E+00 1.284790E+00 1.184530E+00 4.743994E-01 
1.219428E+02 6.943321E+01 4.992940E+01 3.997462E+01 3.404968E+01 3.017517E+01 2.747320E+01 2.550073E+01 2.401274E+01 2.286489E+01 1.420487E+01 1.121479E+01 9.860884E+00 5.326519E+00 4.524521E+00 4.076861E+00 3.786187E+00 3.599078E+00 3.488825E+00 3.275790E+00 2.829541E+00 2.268753E+00 1.867470E+00 1.590321E+00 1.378387E+00 1.205547E+00 1.065774E+00 9.715037E-01 6.062617E-01 
1.025857E+02 5.788870E+01 4.158103E+01 3.334015E+01 2.846445E+01 2.528540E+01 2.307132E+01 2.145656E+01 2.023998E+01 1.930345E+01 1.196439E+01 9.454671E+00 8.275869E+00 4.345467E+00 3.684857E+00 3.315653E+00 3.074060E+00 2.917526E+00 2.823380E+00 2.645985E+00 2.281273E+00 1.824943E+00 1.499657E+00 1.274859E+00 1.103118E+00 9.634788E-01 8.506229E-01 7.741872E-01 5.158504E-01 
1.575878E+02 9.090285E+01 6.562239E+01 5.257783E+01 4.478056E+01 3.968934E+01 3.615972E+01 3.360455E+01 3.169589E+01 3.023895E+01 1.900678E+01 1.525963E+01 1.373405E+01 7.734719E+00 6.631772E+00 6.050614E+00 5.637510E+00 5.387871E+00 5.275384E+00 4.953740E+00 4.275033E+00 3.408826E+00 2.791695E+00 2.385282E+00 2.090728E+00 1.850279E+00 1.656849E+00 1.533567E+00 4.666840E-01 
1.302372E+02 7.435922E+01 5.350576E+01 4.283807E+01 3.648716E+01 3.234015E+01 2.945560E+01 2.735595E+01 2.577658E+01 2.456121E+01 1.527771E+01 1.210734E+01 1.071455E+01 5.787666E+00 4.909456E+00 4.430727E+00 4.089445E+00 3.879708E+00 3.766929E+00 3.522302E+00 3.037758E+00 2.432005E+00 1.997898E+00 1.704644E+00 1.482577E+00 1.300933E+00 1.155338E+00 1.060400E+00 5.852561E-01 
9.053683E+01 5.075485E+01 3.646762E+01 2.932278E+01 2.513196E+01 2.241954E+01 2.054267E+01 1.918195E+01 1.816292E+01 1.738360E+01 1.077405E+01 8.596453E+00 7.557305E+00 3.831847E+00 3.245210E+00 2.922858E+00 2.690595E+00 2.547618E+00 2.467920E+00 2.298324E+00 1.972434E+00 1.566634E+00 1.278995E+00 1.086786E+00 9.432765E-01 8.264397E-01 7.328704E-01 6.716302E-01 3.865327E-01 
1.452409E+02 8.353601E+01 6.020537E+01 4.818290E+01 4.098647E+01 3.626864E+01 3.297766E+01 3.057711E+01 2.876899E+01 2.737498E+01 1.702570E+01 1.342615E+01 1.190241E+01 6.524449E+00 5.528432E+00 4.995017E+00 4.599729E+00 4.368981E+00 4.251249E+00 3.983564E+00 3.452862E+00 2.781458E+00 2.297857E+00 1.969968E+00 1.718249E+00 1.511321E+00 1.345842E+00 1.238474E+00 6.308111E-01 
9.184382E+01 5.155848E+01 3.702459E+01 2.972686E+01 2.542526E+01 2.262594E+01 2.067831E+01 1.925906E+01 1.819133E+01 1.737057E+01 1.074890E+01 8.503052E+00 7.422866E+00 3.828717E+00 3.243820E+00 2.916088E+00 2.702603E+00 2.564044E+00 2.479669E+00 2.321544E+00 1.998951E+00 1.594866E+00 1.308074E+00 1.110433E+00 9.599457E-01 8.376836E-01 7.389023E-01 6.715652E-01 4.533012E-01 
6.150607E+01 3.403980E+01 2.451922E+01 1.985210E+01 1.713890E+01 1.538583E+01 1.417180E+01 1.329169E+01 1.263400E+01 1.213251E+01 7.447133E+00 5.916529E+00 5.122186E+00 2.458749E+00 2.077451E+00 1.864462E+00 1.710262E+00 1.615464E+00 1.559231E+00 1.446194E+00 1.236262E+00 9.756896E-01 7.930167E-01 6.717002E-01 5.810746E-01 5.076224E-01 4.491678E-01 4.105404E-01 2.764310E-01 
8.411369E+01 4.697982E+01 3.374951E+01 2.716182E+01 2.330607E+01 2.081199E+01 1.908585E+01 1.783420E+01 1.689698E+01 1.617984E+01 9.952927E+00 7.909854E+00 6.926034E+00 3.391001E+00 2.848742E+00 2.553931E+00 2.313589E+00 2.176454E+00 2.101919E+00 1.940423E+00 1.660805E+00 1.319974E+00 1.076951E+00 9.146048E-01 7.931634E-01 6.942392E-01 6.150312E-01 5.632726E-01 3.528889E-01 
1.342537E+02 7.678015E+01 5.526626E+01 4.424308E+01 3.767442E+01 3.338387E+01 3.039983E+01 2.822844E+01 2.659487E+01 2.533800E+01 1.579254E+01 1.254040E+01 1.111042E+01 6.066763E+00 5.161105E+00 4.662572E+00 4.325172E+00 4.110152E+00 3.991634E+00 3.738975E+00 3.218208E+00 2.570404E+00 2.107539E+00 1.791717E+00 1.555930E+00 1.364312E+00 1.208708E+00 1.105723E+00 5.862930E-01 
1.605517E+02 9.307795E+01 6.725096E+01 5.385349E+01 4.579946E+01 4.050766E+01 3.681279E+01 3.411584E+01 3.208382E+01 3.051769E+01 1.909403E+01 1.509538E+01 1.344336E+01 7.638382E+00 6.533753E+00 5.942781E+00 5.543055E+00 5.304880E+00 5.188421E+00 4.903741E+00 4.272637E+00 3.449904E+00 2.858862E+00 2.460856E+00 2.155415E+00 1.904115E+00 1.703975E+00 1.574945E+00 6.498018E-01 
1.170453E+02 6.648225E+01 4.784228E+01 3.837485E+01 3.276602E+01 2.911549E+01 2.658443E+01 2.474708E+01 2.336970E+01 2.231469E+01 1.391380E+01 1.108868E+01 9.840491E+00 5.252879E+00 4.480441E+00 4.065780E+00 3.780857E+00 3.616531E+00 3.530174E+00 3.327151E+00 2.893777E+00 2.324231E+00 1.918506E+00 1.649526E+00 1.443582E+00 1.274065E+00 1.140187E+00 1.053565E+00 4.682358E-01 
1.014415E+02 5.732609E+01 4.119964E+01 3.303406E+01 2.818863E+01 2.501869E+01 2.280360E+01 2.118398E+01 1.996181E+01 1.902010E+01 1.178926E+01 9.271080E+00 8.103504E+00 4.281274E+00 3.635289E+00 3.278470E+00 3.044735E+00 2.899516E+00 2.814353E+00 2.651304E+00 2.306956E+00 1.864549E+00 1.546897E+00 1.327590E+00 1.154496E+00 1.012024E+00 8.985770E-01 8.235109E-01 5.413196E-01 
1.466655E+02 8.374039E+01 6.030365E+01 4.833111E+01 4.123318E+01 3.663526E+01 3.347631E+01 3.120918E+01 2.953021E+01 2.825968E+01 1.750789E+01 1.405514E+01 1.275397E+01 6.594543E+00 5.507210E+00 4.989514E+00 4.393621E+00 4.085882E+00 3.975103E+00 3.590281E+00 3.027702E+00 2.378465E+00 1.909276E+00 1.610010E+00 1.408171E+00 1.245807E+00 1.112990E+00 1.031375E+00 3.101644E-01 
1.672958E+02 9.672328E+01 6.979530E+01 5.585196E+01 4.748649E+01 4.200412E+01 3.818947E+01 3.541688E+01 3.333504E+01 3.173475E+01 1.963888E+01 1.546316E+01 1.385173E+01 7.527593E+00 6.315626E+00 5.708533E+00 5.140928E+00 4.838180E+00 4.709506E+00 4.353147E+00 3.744057E+00 3.001139E+00 2.462463E+00 2.105091E+00 1.840673E+00 1.624530E+00 1.450599E+00 1.340175E+00 5.482609E-01 
1.066312E+02 6.021271E+01 4.329088E+01 3.475491E+01 2.972485E+01 2.646518E+01 2.421163E+01 2.258002E+01 2.135987E+01 2.042748E+01 1.271785E+01 1.018587E+01 9.036301E+00 4.701395E+00 3.994316E+00 3.612322E+00 3.334987E+00 3.170878E+00 3.086124E+00 2.885738E+00 2.487741E+00 1.981880E+00 1.623298E+00 1.386333E+00 1.209013E+00 1.063860E+00 9.483249E-01 8.736195E-01 3.979172E-01 
7.041206E+01 3.909340E+01 2.812884E+01 2.273300E+01 1.960005E+01 1.758392E+01 1.619377E+01 1.518935E+01 1.444025E+01 1.386989E+01 8.554701E+00 6.853199E+00 5.992232E+00 2.897058E+00 2.448802E+00 2.201185E+00 2.016196E+00 1.904440E+00 1.841124E+00 1.704808E+00 1.454600E+00 1.144212E+00 9.266062E-01 7.839921E-01 6.793625E-01 5.945530E-01 5.269849E-01 4.828269E-01 2.768407E-01 
2.157774E+02 1.275630E+02 9.269616E+01 7.428703E+01 6.308838E+01 5.566957E+01 5.046980E+01 4.667204E+01 4.381078E+01 4.160493E+01 2.613613E+01 2.064044E+01 1.855055E+01 1.107792E+01 9.494372E+00 8.673234E+00 8.065357E+00 7.712604E+00 7.565279E+00 7.113751E+00 6.166086E+00 4.962093E+00 4.092091E+00 3.512794E+00 3.085407E+00 2.735822E+00 2.454019E+00 2.276227E+00 6.811118E-01 
1.358146E+02 7.783872E+01 5.605654E+01 4.487185E+01 3.819172E+01 3.381720E+01 3.076663E+01 2.854101E+01 2.686258E+01 2.556796E+01 1.591400E+01 1.255876E+01 1.109693E+01 6.087903E+00 5.178360E+00 4.680768E+00 4.343928E+00 4.140032E+00 4.026765E+00 3.789359E+00 3.290108E+00 2.647792E+00 2.187744E+00 1.876369E+00 1.634752E+00 1.436068E+00 1.278296E+00 1.174977E+00 6.562454E-01 
1.239370E+02 7.052710E+01 5.072826E+01 4.064180E+01 3.465753E+01 3.076181E+01 2.805952E+01 2.609773E+01 2.462584E+01 2.349578E+01 1.465666E+01 1.169457E+01 1.036834E+01 5.594323E+00 4.767825E+00 4.310191E+00 4.014533E+00 3.825805E+00 3.717171E+00 3.490836E+00 3.009543E+00 2.395667E+00 1.961398E+00 1.669635E+00 1.450323E+00 1.272076E+00 1.128883E+00 1.033370E+00 5.160420E-01 
1.916436E+02 1.122359E+02 8.132936E+01 6.514260E+01 5.535658E+01 4.890796E+01 4.440362E+01 4.112133E+01 3.865288E+01 3.675465E+01 2.305007E+01 1.826284E+01 1.640971E+01 9.559346E+00 8.192447E+00 7.476366E+00 6.967719E+00 6.689491E+00 6.564723E+00 6.200062E+00 5.401710E+00 4.346857E+00 3.592346E+00 3.097025E+00 2.722902E+00 2.414494E+00 2.170451E+00 2.015773E+00 6.156159E-01 
8.857650E+01 4.961538E+01 3.564825E+01 2.867025E+01 2.457857E+01 2.192958E+01 2.009546E+01 1.876532E+01 1.776892E+01 1.700669E+01 1.053571E+01 8.400285E+00 7.375372E+00 3.733556E+00 3.162276E+00 2.847758E+00 2.623679E+00 2.485023E+00 2.406564E+00 2.242714E+00 1.925867E+00 1.529883E+00 1.249547E+00 1.062186E+00 9.214710E-01 8.069945E-01 7.155665E-01 6.555879E-01 3.864684E-01 
1.266708E+02 7.218283E+01 5.194400E+01 4.162042E+01 3.548951E+01 3.149570E+01 2.872438E+01 2.671223E+01 2.520305E+01 2.404595E+01 1.496953E+01 1.191714E+01 1.059082E+01 5.659871E+00 4.803656E+00 4.344398E+00 4.007341E+00 3.810473E+00 3.708620E+00 3.473270E+00 3.004340E+00 2.404734E+00 1.976855E+00 1.692657E+00 1.476774E+00 1.299769E+00 1.159197E+00 1.068102E+00 4.983565E-01 
1.386223E+02 7.940082E+01 5.715949E+01 4.574173E+01 3.892906E+01 3.447588E+01 3.137774E+01 2.912274E+01 2.742648E+01 2.612078E+01 1.628753E+01 1.293338E+01 1.145963E+01 6.302365E+00 5.367400E+00 4.849109E+00 4.513098E+00 4.297585E+00 4.172545E+00 3.916694E+00 3.376784E+00 2.694728E+00 2.209702E+00 1.880336E+00 1.631994E+00 1.430137E+00 1.267109E+00 1.157749E+00 6.074330E-01 
1.397287E+02 8.007165E+01 5.765309E+01 4.614280E+01 3.927493E+01 3.478586E+01 3.166301E+01 2.939052E+01 2.768167E+01 2.636674E+01 1.640750E+01 1.299868E+01 1.153296E+01 6.287731E+00 5.334958E+00 4.819021E+00 4.446968E+00 4.223084E+00 4.104148E+00 3.840746E+00 3.317184E+00 2.655606E+00 2.182488E+00 1.865582E+00 1.624557E+00 1.427181E+00 1.269954E+00 1.167813E+00 6.082253E-01 
1.564075E+02 9.010847E+01 6.500883E+01 5.206623E+01 4.433089E+01 3.927960E+01 3.577891E+01 3.324459E+01 3.134930E+01 2.989948E+01 1.870502E+01 1.496194E+01 1.344190E+01 7.445363E+00 6.332018E+00 5.753659E+00 5.288563E+00 5.004543E+00 4.880747E+00 4.533925E+00 3.877202E+00 3.082549E+00 2.511965E+00 2.130303E+00 1.859490E+00 1.640546E+00 1.460912E+00 1.346365E+00 4.679034E-01 
1.631169E+02 9.428628E+01 6.806199E+01 5.449203E+01 4.635529E+01 4.102268E+01 3.731393E+01 3.461975E+01 3.259915E+01 3.104754E+01 1.934646E+01 1.535235E+01 1.375520E+01 7.605652E+00 6.433167E+00 5.830895E+00 5.317435E+00 5.023518E+00 4.895920E+00 4.537535E+00 3.892863E+00 3.113740E+00 2.549633E+00 2.172079E+00 1.897668E+00 1.674657E+00 1.493083E+00 1.377834E+00 5.417677E-01 
5.166208E+01 2.848564E+01 2.055386E+01 1.668027E+01 1.442190E+01 1.295482E+01 1.193407E+01 1.119209E+01 1.063667E+01 1.021219E+01 6.207623E+00 4.871154E+00 4.158395E+00 1.969442E+00 1.659347E+00 1.483665E+00 1.353906E+00 1.273735E+00 1.224207E+00 1.131517E+00 9.661474E-01 7.645627E-01 6.225120E-01 5.263867E-01 4.539513E-01 3.952425E-01 3.483773E-01 3.169896E-01 2.620612E-01 
1.067863E+02 6.026930E+01 4.332468E+01 3.478543E+01 2.976129E+01 2.651164E+01 2.426908E+01 2.264851E+01 2.143864E+01 2.051486E+01 1.278849E+01 1.027594E+01 9.130481E+00 4.762900E+00 4.053754E+00 3.667574E+00 3.400674E+00 3.239534E+00 3.152234E+00 2.951512E+00 2.543025E+00 2.016659E+00 1.646395E+00 1.405071E+00 1.224207E+00 1.076506E+00 9.598812E-01 8.843944E-01 3.981675E-01 
9.588186E+01 5.396895E+01 3.875402E+01 3.108167E+01 2.654203E+01 2.357774E+01 2.150896E+01 1.999730E+01 1.885716E+01 1.797874E+01 1.111861E+01 8.748599E+00 7.620506E+00 3.976585E+00 3.367530E+00 3.026173E+00 2.803264E+00 2.658794E+00 2.570995E+00 2.409643E+00 2.079890E+00 1.668615E+00 1.374412E+00 1.169022E+00 1.010700E+00 8.817408E-01 7.774683E-01 7.066590E-01 5.153451E-01 
8.391885E+01 4.696489E+01 3.374191E+01 2.713231E+01 2.324469E+01 2.071639E+01 1.895717E+01 1.767584E+01 1.671257E+01 1.597367E+01 9.874281E+00 7.809001E+00 6.806484E+00 3.463764E+00 2.933557E+00 2.638806E+00 2.437557E+00 2.310118E+00 2.235840E+00 2.089279E+00 1.798324E+00 1.437407E+00 1.180200E+00 1.003224E+00 8.689110E-01 7.595538E-01 6.713298E-01 6.125700E-01 4.156766E-01 
1.153165E+02 6.536486E+01 4.700058E+01 3.769200E+01 3.218930E+01 2.861631E+01 2.614249E+01 2.434940E+01 2.300617E+01 2.197755E+01 1.368833E+01 1.093661E+01 9.705490E+00 5.140748E+00 4.375442E+00 3.958478E+00 3.674945E+00 3.506287E+00 3.413298E+00 3.206343E+00 2.774453E+00 2.211851E+00 1.814530E+00 1.553629E+00 1.354348E+00 1.190968E+00 1.062305E+00 9.786543E-01 4.704260E-01 
1.474616E+02 8.479501E+01 6.111047E+01 4.891064E+01 4.161465E+01 3.683869E+01 3.351351E+01 3.109285E+01 2.927180E+01 2.787046E+01 1.733468E+01 1.371811E+01 1.220753E+01 6.676405E+00 5.657031E+00 5.117179E+00 4.707622E+00 4.470139E+00 4.349083E+00 4.067910E+00 3.519730E+00 2.826067E+00 2.327989E+00 1.994446E+00 1.741067E+00 1.532460E+00 1.366238E+00 1.258960E+00 5.882585E-01 
1.240058E+02 7.067878E+01 5.083223E+01 4.069130E+01 3.465006E+01 3.069683E+01 2.793792E+01 2.592296E+01 2.440212E+01 2.322794E+01 1.439074E+01 1.131631E+01 9.947116E+00 5.325389E+00 4.500582E+00 4.050450E+00 3.722138E+00 3.522695E+00 3.413290E+00 3.188924E+00 2.755922E+00 2.219053E+00 1.831039E+00 1.564269E+00 1.358579E+00 1.189869E+00 1.054456E+00 9.655192E-01 6.274054E-01 
8.374297E+01 4.687164E+01 3.367368E+01 2.707245E+01 2.318610E+01 2.065598E+01 1.889469E+01 1.761138E+01 1.664685E+01 1.590695E+01 9.832498E+00 7.765478E+00 6.762350E+00 3.440177E+00 2.911920E+00 2.618137E+00 2.414900E+00 2.286741E+00 2.212802E+00 2.066663E+00 1.778599E+00 1.424471E+00 1.171012E+00 9.951159E-01 8.619238E-01 7.533432E-01 6.653210E-01 6.066045E-01 4.155373E-01 
2.067642E+02 1.215971E+02 8.821345E+01 7.065266E+01 6.000487E+01 5.297553E+01 4.806136E+01 4.447978E+01 4.178747E+01 3.971756E+01 2.494553E+01 1.980790E+01 1.783030E+01 1.053188E+01 9.013809E+00 8.220232E+00 7.623073E+00 7.253573E+00 7.098118E+00 6.632996E+00 5.690067E+00 4.543305E+00 3.717161E+00 3.158022E+00 2.759277E+00 2.439325E+00 2.173928E+00 2.003989E+00 6.001954E-01 
1.091614E+02 6.161227E+01 4.425970E+01 3.550037E+01 3.033859E+01 2.699463E+01 2.468337E+01 2.301077E+01 2.175941E+01 2.080193E+01 1.294944E+01 1.038335E+01 9.189944E+00 4.812912E+00 4.089919E+00 3.685874E+00 3.424157E+00 3.253921E+00 3.151764E+00 2.948082E+00 2.528697E+00 1.996139E+00 1.622900E+00 1.373904E+00 1.189127E+00 1.039599E+00 9.191347E-01 8.366877E-01 4.119649E-01 
1.127783E+02 6.402716E+01 4.602039E+01 3.685058E+01 3.139059E+01 2.781213E+01 2.530966E+01 2.347774E+01 2.209273E+01 2.102258E+01 1.302592E+01 1.022417E+01 8.936065E+00 4.786656E+00 4.057320E+00 3.650238E+00 3.385389E+00 3.214878E+00 3.112521E+00 2.922256E+00 2.528183E+00 2.038059E+00 1.684707E+00 1.435516E+00 1.242643E+00 1.085269E+00 9.574308E-01 8.706024E-01 6.055175E-01 
1.627625E+02 9.399184E+01 6.783544E+01 5.431417E+01 4.621572E+01 4.091871E+01 3.724118E+01 3.457402E+01 3.257720E+01 3.104843E+01 1.935987E+01 1.539072E+01 1.382173E+01 7.627059E+00 6.461844E+00 5.867957E+00 5.368257E+00 5.090488E+00 4.967495E+00 4.623380E+00 3.985078E+00 3.186012E+00 2.611453E+00 2.234447E+00 1.957447E+00 1.730848E+00 1.549311E+00 1.434398E+00 4.997622E-01 
1.298994E+02 7.413031E+01 5.334245E+01 4.271795E+01 3.639912E+01 3.227881E+01 2.941720E+01 2.733758E+01 2.577588E+01 2.457614E+01 1.533508E+01 1.221841E+01 1.083962E+01 5.898612E+00 5.026845E+00 4.545521E+00 4.232559E+00 4.034063E+00 3.921788E+00 3.682220E+00 3.174186E+00 2.530799E+00 2.074277E+00 1.766041E+00 1.534682E+00 1.346460E+00 1.194884E+00 1.094070E+00 5.496430E-01 
7.947902E+01 4.436890E+01 3.188015E+01 2.565983E+01 2.200959E+01 1.963891E+01 1.799132E+01 1.679239E+01 1.589235E+01 1.520273E+01 9.373459E+00 7.413272E+00 6.453201E+00 3.234426E+00 2.735053E+00 2.457819E+00 2.262149E+00 2.142229E+00 2.072309E+00 1.934307E+00 1.667454E+00 1.331855E+00 1.093332E+00 9.320325E-01 8.079996E-01 7.067901E-01 6.261790E-01 5.728474E-01 3.927106E-01 
1.119811E+02 6.341519E+01 4.559613E+01 3.657280E+01 3.123975E+01 2.777518E+01 2.537431E+01 2.363246E+01 2.232689E+01 2.132613E+01 1.327818E+01 1.059028E+01 9.373977E+00 4.953331E+00 4.213961E+00 3.810101E+00 3.534128E+00 3.366865E+00 3.274222E+00 3.072884E+00 2.657084E+00 2.120805E+00 1.740994E+00 1.489334E+00 1.297356E+00 1.140240E+00 1.015915E+00 9.348769E-01 4.755765E-01 
1.749897E+02 1.018155E+02 7.365149E+01 5.899696E+01 5.017669E+01 4.438403E+01 4.034819E+01 3.741250E+01 3.520790E+01 3.351282E+01 2.105425E+01 1.679053E+01 1.507764E+01 8.716628E+00 7.490746E+00 6.834546E+00 6.393092E+00 6.127705E+00 6.008468E+00 5.668619E+00 4.908335E+00 3.935059E+00 3.237804E+00 2.771268E+00 2.428512E+00 2.148154E+00 1.921414E+00 1.775093E+00 5.738341E-01 
1.359441E+02 7.784733E+01 5.607806E+01 4.491496E+01 3.825868E+01 3.390905E+01 3.088307E+01 2.868036E+01 2.702323E+01 2.574896E+01 1.607372E+01 1.278790E+01 1.136036E+01 6.241372E+00 5.322817E+00 4.820880E+00 4.480622E+00 4.265697E+00 4.154601E+00 3.897872E+00 3.354772E+00 2.685320E+00 2.204265E+00 1.870590E+00 1.625974E+00 1.428252E+00 1.264334E+00 1.153994E+00 5.494411E-01 
1.070179E+02 6.061517E+01 4.358003E+01 3.493819E+01 2.980897E+01 2.645645E+01 2.411798E+01 2.241077E+01 2.112407E+01 2.013338E+01 1.250257E+01 9.859026E+00 8.648162E+00 4.593461E+00 3.903908E+00 3.523574E+00 3.273521E+00 3.120844E+00 3.034138E+00 2.859739E+00 2.488061E+00 2.007774E+00 1.663888E+00 1.428369E+00 1.243298E+00 1.091306E+00 9.702879E-01 8.906219E-01 5.416036E-01 
2.072136E+02 1.218541E+02 8.840433E+01 7.081717E+01 6.015622E+01 5.312136E+01 4.820485E+01 4.462330E+01 4.193364E+01 3.986907E+01 2.506134E+01 1.989748E+01 1.792164E+01 1.059037E+01 9.062181E+00 8.274939E+00 7.660612E+00 7.272403E+00 7.118249E+00 6.644689E+00 5.690392E+00 4.542773E+00 3.713721E+00 3.149607E+00 2.751489E+00 2.433940E+00 2.167917E+00 1.997449E+00 6.002611E-01 
1.016225E+02 5.725675E+01 4.112281E+01 3.298963E+01 2.819051E+01 2.507060E+01 2.290409E+01 2.132765E+01 2.014297E+01 1.923297E+01 1.188920E+01 9.413939E+00 8.262763E+00 4.237160E+00 3.571343E+00 3.208180E+00 2.931593E+00 2.763869E+00 2.671481E+00 2.479750E+00 2.128605E+00 1.699931E+00 1.392524E+00 1.183697E+00 1.025992E+00 8.974228E-01 7.941202E-01 7.263512E-01 4.709217E-01 
1.777203E+02 1.035137E+02 7.483642E+01 5.988278E+01 5.086570E+01 4.493266E+01 4.079013E+01 3.777006E+01 3.549650E+01 3.374486E+01 2.114007E+01 1.674872E+01 1.494823E+01 8.628773E+00 7.384413E+00 6.705923E+00 6.259194E+00 5.985556E+00 5.841085E+00 5.503549E+00 4.768888E+00 3.819571E+00 3.142912E+00 2.693130E+00 2.351882E+00 2.071595E+00 1.849163E+00 1.705546E+00 7.289622E-01 
1.057962E+02 5.965581E+01 4.285168E+01 3.437806E+01 2.938392E+01 2.614501E+01 2.390256E+01 2.227633E+01 2.105766E+01 2.012398E+01 1.244041E+01 9.895646E+00 8.736420E+00 4.449085E+00 3.745060E+00 3.367481E+00 3.064412E+00 2.889080E+00 2.796031E+00 2.588883E+00 2.220799E+00 1.768349E+00 1.444899E+00 1.229424E+00 1.068010E+00 9.361795E-01 8.308704E-01 7.623672E-01 4.327976E-01 
1.652159E+02 9.563012E+01 6.902933E+01 5.523898E+01 4.695256E+01 4.151217E+01 3.771786E+01 3.495304E+01 3.287150E+01 3.126792E+01 1.937614E+01 1.521954E+01 1.357523E+01 7.444734E+00 6.266366E+00 5.664327E+00 5.143010E+00 4.864315E+00 4.737242E+00 4.405790E+00 3.810341E+00 3.069549E+00 2.532194E+00 2.171436E+00 1.898530E+00 1.674525E+00 1.494993E+00 1.379976E+00 6.182088E-01 
1.066474E+02 6.039700E+01 4.342124E+01 3.480988E+01 2.969827E+01 2.635657E+01 2.402424E+01 2.232039E+01 2.103564E+01 2.004610E+01 1.244432E+01 9.812546E+00 8.607189E+00 4.570364E+00 3.884339E+00 3.506732E+00 3.258357E+00 3.105308E+00 3.017275E+00 2.843412E+00 2.473884E+00 1.997561E+00 1.655879E+00 1.421751E+00 1.237520E+00 1.086008E+00 9.655759E-01 8.862146E-01 5.415614E-01 
1.138849E+02 6.449016E+01 4.637228E+01 3.720270E+01 3.179196E+01 2.828597E+01 2.586391E+01 2.411229E+01 2.280348E+01 2.180371E+01 1.362271E+01 1.094650E+01 9.738433E+00 5.166141E+00 4.406403E+00 3.990062E+00 3.715043E+00 3.543778E+00 3.449389E+00 3.235689E+00 2.786326E+00 2.210183E+00 1.804837E+00 1.538234E+00 1.339493E+00 1.177511E+00 1.048705E+00 9.649297E-01 4.296272E-01 
1.278919E+02 7.290877E+01 5.247882E+01 4.205657E+01 3.586742E+01 3.183672E+01 2.904105E+01 2.701200E+01 2.549068E+01 2.432453E+01 1.513661E+01 1.205830E+01 1.073455E+01 5.744692E+00 4.881892E+00 4.422219E+00 4.083707E+00 3.892609E+00 3.797088E+00 3.564203E+00 3.089558E+00 2.475213E+00 2.037994E+00 1.749125E+00 1.529172E+00 1.348373E+00 1.205498E+00 1.113219E+00 4.706640E-01 
8.267604E+01 4.622760E+01 3.322906E+01 2.675138E+01 2.295437E+01 2.049375E+01 1.878793E+01 1.754922E+01 1.662100E+01 1.591118E+01 9.854674E+00 7.840677E+00 6.864213E+00 3.481704E+00 2.959233E+00 2.669957E+00 2.478772E+00 2.360946E+00 2.292040E+00 2.151908E+00 1.861137E+00 1.484034E+00 1.218406E+00 1.041806E+00 9.055833E-01 7.943399E-01 7.065016E-01 6.486238E-01 3.835222E-01 
5.272687E+01 2.908226E+01 2.098027E+01 1.702348E+01 1.471842E+01 1.322242E+01 1.218211E+01 1.142604E+01 1.086009E+01 1.042765E+01 6.345213E+00 4.989012E+00 4.267589E+00 2.020491E+00 1.702340E+00 1.522425E+00 1.389394E+00 1.307577E+00 1.257534E+00 1.162508E+00 9.922078E-01 7.844044E-01 6.382107E-01 5.395897E-01 4.654631E-01 4.054415E-01 3.575133E-01 3.254964E-01 2.621337E-01 
8.851359E+01 4.962345E+01 3.563368E+01 2.861835E+01 2.448329E+01 2.178993E+01 1.991427E+01 1.854642E+01 1.751676E+01 1.672524E+01 1.033726E+01 8.159351E+00 7.104156E+00 3.651569E+00 3.092358E+00 2.778038E+00 2.573325E+00 2.439824E+00 2.357871E+00 2.207527E+00 1.901798E+00 1.519246E+00 1.247379E+00 1.059388E+00 9.155167E-01 7.985601E-01 7.041551E-01 6.397913E-01 4.532197E-01 
1.557040E+02 8.976488E+01 6.479226E+01 5.191449E+01 4.421826E+01 3.919318E+01 3.571050E+01 3.319059E+01 3.130796E+01 2.986867E+01 1.876061E+01 1.505478E+01 1.354081E+01 7.608068E+00 6.521386E+00 5.947842E+00 5.541924E+00 5.295699E+00 5.184189E+00 4.870686E+00 4.204890E+00 3.352930E+00 2.746936E+00 2.347800E+00 2.057181E+00 1.819939E+00 1.629419E+00 1.507797E+00 4.665824E-01 
1.080917E+02 6.100024E+01 4.382025E+01 3.514942E+01 3.003763E+01 2.672310E+01 2.442907E+01 2.276645E+01 2.152112E+01 2.056724E+01 1.272152E+01 1.012978E+01 8.956473E+00 4.575758E+00 3.853218E+00 3.465809E+00 3.155462E+00 2.976496E+00 2.882343E+00 2.669526E+00 2.289055E+00 1.820682E+00 1.486608E+00 1.264738E+00 1.098882E+00 9.636592E-01 8.556193E-01 7.854452E-01 4.329412E-01 
9.067064E+01 5.088746E+01 3.651880E+01 2.929038E+01 2.501583E+01 2.222285E+01 2.027149E+01 1.884395E+01 1.776600E+01 1.693470E+01 1.043405E+01 8.175177E+00 7.080668E+00 3.662816E+00 3.093282E+00 2.771704E+00 2.558863E+00 2.418627E+00 2.330943E+00 2.177738E+00 1.874522E+00 1.502880E+00 1.236774E+00 1.049033E+00 9.042717E-01 7.866305E-01 6.912150E-01 6.258379E-01 5.108688E-01 
1.376752E+02 7.890941E+01 5.685490E+01 4.553554E+01 3.877925E+01 3.435913E+01 3.127856E+01 2.903380E+01 2.734484E+01 2.604475E+01 1.618769E+01 1.279192E+01 1.135422E+01 6.131240E+00 5.181917E+00 4.685903E+00 4.278502E+00 4.043423E+00 3.931714E+00 3.655420E+00 3.152259E+00 2.540121E+00 2.093483E+00 1.788078E+00 1.559702E+00 1.373434E+00 1.221918E+00 1.124588E+00 5.768747E-01 
1.392265E+02 7.985172E+01 5.753058E+01 4.606284E+01 3.921340E+01 3.473124E+01 3.160927E+01 2.933495E+01 2.762335E+01 2.630490E+01 1.637738E+01 1.296636E+01 1.150112E+01 6.283088E+00 5.328154E+00 4.816093E+00 4.428547E+00 4.185935E+00 4.067809E+00 3.788215E+00 3.248581E+00 2.605798E+00 2.138998E+00 1.813730E+00 1.575615E+00 1.383490E+00 1.223807E+00 1.119533E+00 5.771998E-01 
1.676106E+02 9.711549E+01 7.011759E+01 5.610956E+01 4.768974E+01 4.215856E+01 3.829712E+01 3.548264E+01 3.336425E+01 3.173215E+01 1.967163E+01 1.545644E+01 1.379194E+01 7.603501E+00 6.407722E+00 5.795479E+00 5.271888E+00 4.988555E+00 4.860708E+00 4.528112E+00 3.916903E+00 3.155117E+00 2.602643E+00 2.232121E+00 1.951973E+00 1.722085E+00 1.537732E+00 1.419684E+00 6.182871E-01 
2.019949E+02 1.183669E+02 8.574756E+01 6.864814E+01 5.830238E+01 5.148227E+01 4.672215E+01 4.325794E+01 4.065580E+01 3.865626E+01 2.407078E+01 1.892480E+01 1.703661E+01 9.713432E+00 8.196919E+00 7.451393E+00 6.763440E+00 6.384781E+00 6.235780E+00 5.784644E+00 4.979511E+00 3.987060E+00 3.269887E+00 2.797859E+00 2.452731E+00 2.171639E+00 1.945294E+00 1.803146E+00 5.793648E-01 
1.169133E+02 6.626475E+01 4.768161E+01 3.827579E+01 3.272651E+01 2.913561E+01 2.666041E+01 2.487506E+01 2.354466E+01 2.253123E+01 1.411005E+01 1.140076E+01 1.019656E+01 5.425907E+00 4.636356E+00 4.210665E+00 3.909087E+00 3.721487E+00 3.628196E+00 3.384967E+00 2.891373E+00 2.287911E+00 1.858417E+00 1.567842E+00 1.364695E+00 1.201479E+00 1.065206E+00 9.752332E-01 3.755005E-01 
8.738061E+01 4.886368E+01 3.509890E+01 2.823382E+01 2.421302E+01 2.161244E+01 1.981337E+01 1.850936E+01 1.753331E+01 1.678641E+01 1.032398E+01 8.208369E+00 7.202365E+00 3.525251E+00 2.957400E+00 2.651138E+00 2.392972E+00 2.247619E+00 2.169872E+00 1.997528E+00 1.708024E+00 1.357723E+00 1.106977E+00 9.394748E-01 8.149562E-01 7.137136E-01 6.323020E-01 5.792718E-01 3.529596E-01 
1.232693E+02 7.013461E+01 5.045582E+01 4.043795E+01 3.449876E+01 3.063545E+01 2.795792E+01 2.601588E+01 2.456032E+01 2.344438E+01 1.462490E+01 1.167827E+01 1.037695E+01 5.576295E+00 4.751322E+00 4.301077E+00 3.997900E+00 3.815011E+00 3.715107E+00 3.491164E+00 3.020718E+00 2.410158E+00 1.977920E+00 1.693274E+00 1.476581E+00 1.298709E+00 1.158334E+00 1.067228E+00 5.041296E-01 
1.902647E+02 1.115799E+02 8.086081E+01 6.475267E+01 5.499769E+01 4.855485E+01 4.404198E+01 4.074310E+01 3.825400E+01 3.633097E+01 2.274300E+01 1.791252E+01 1.599200E+01 9.330801E+00 7.973778E+00 7.254426E+00 6.735304E+00 6.422548E+00 6.283105E+00 5.911121E+00 5.122986E+00 4.134301E+00 3.417449E+00 2.929845E+00 2.564784E+00 2.266138E+00 2.024128E+00 1.868896E+00 7.291937E-01 
1.230082E+02 7.001663E+01 5.035899E+01 4.033827E+01 3.438645E+01 3.050570E+01 2.780865E+01 2.584691E+01 2.437286E+01 2.323996E+01 1.448331E+01 1.151722E+01 1.018467E+01 5.497746E+00 4.680478E+00 4.228968E+00 3.935142E+00 3.747632E+00 3.639808E+00 3.416787E+00 2.947398E+00 2.353844E+00 1.931710E+00 1.645185E+00 1.428818E+00 1.252672E+00 1.110633E+00 1.016170E+00 5.492273E-01 
1.079227E+02 6.105071E+01 4.384350E+01 3.511240E+01 2.992815E+01 2.653751E+01 2.416940E+01 2.243735E+01 2.112894E+01 2.011861E+01 1.240094E+01 9.712464E+00 8.472970E+00 4.406121E+00 3.700518E+00 3.314405E+00 3.017083E+00 2.835343E+00 2.734483E+00 2.535386E+00 2.178901E+00 1.754813E+00 1.445884E+00 1.228917E+00 1.062722E+00 9.270651E-01 8.168991E-01 7.440441E-01 5.778876E-01 
2.063386E+02 1.215071E+02 8.818030E+01 7.063756E+01 5.999126E+01 5.295819E+01 4.803374E+01 4.443996E+01 4.173360E+01 3.964912E+01 2.491819E+01 1.974945E+01 1.772827E+01 1.056625E+01 9.084682E+00 8.291711E+00 7.751738E+00 7.412520E+00 7.261715E+00 6.840654E+00 5.901576E+00 4.728188E+00 3.884862E+00 3.309034E+00 2.890150E+00 2.554134E+00 2.275260E+00 2.091616E+00 6.699688E-01 
1.085642E+02 6.133119E+01 4.410800E+01 3.542117E+01 3.030764E+01 2.699937E+01 2.471670E+01 2.306919E+01 2.184014E+01 2.090325E+01 1.306708E+01 1.052790E+01 9.371747E+00 4.927730E+00 4.203685E+00 3.811492E+00 3.538426E+00 3.366991E+00 3.277905E+00 3.061021E+00 2.619777E+00 2.076107E+00 1.689769E+00 1.428478E+00 1.242630E+00 1.092835E+00 9.689788E-01 8.868638E-01 3.751349E-01 
2.159325E+02 1.275247E+02 9.264726E+01 7.424848E+01 6.306220E+01 5.566438E+01 5.048572E+01 4.670825E+01 4.386600E+01 4.167966E+01 2.618460E+01 2.071403E+01 1.867099E+01 1.113563E+01 9.562998E+00 8.747976E+00 8.159797E+00 7.841943E+00 7.709043E+00 7.283023E+00 6.346150E+00 5.102027E+00 4.212511E+00 3.633255E+00 3.199546E+00 2.841877E+00 2.559314E+00 2.381399E+00 6.171028E-01 
1.007147E+02 5.672737E+01 4.078917E+01 3.277858E+01 2.807074E+01 2.502521E+01 2.292182E+01 2.140155E+01 2.026661E+01 1.940083E+01 1.210177E+01 9.719606E+00 8.615133E+00 4.481798E+00 3.819093E+00 3.458568E+00 3.208291E+00 3.049717E+00 2.965952E+00 2.771196E+00 2.375072E+00 1.884417E+00 1.536167E+00 1.299813E+00 1.130135E+00 9.925696E-01 8.796148E-01 8.046073E-01 3.748314E-01 
1.020566E+02 5.743758E+01 4.124744E+01 3.310195E+01 2.830999E+01 2.520691E+01 2.306052E+01 2.150507E+01 2.034013E+01 1.944788E+01 1.208199E+01 9.663205E+00 8.518128E+00 4.415717E+00 3.747220E+00 3.372649E+00 3.130466E+00 2.972018E+00 2.874705E+00 2.687443E+00 2.305439E+00 1.820902E+00 1.481426E+00 1.254590E+00 1.084994E+00 9.476614E-01 8.374058E-01 7.622314E-01 4.116998E-01 
1.424541E+02 8.171964E+01 5.887256E+01 4.713435E+01 4.012917E+01 3.555172E+01 3.236937E+01 3.005638E+01 2.831979E+01 2.698644E+01 1.681587E+01 1.336435E+01 1.190526E+01 6.487056E+00 5.503247E+00 4.979089E+00 4.583407E+00 4.348110E+00 4.231119E+00 3.951718E+00 3.409082E+00 2.729552E+00 2.241730E+00 1.915475E+00 1.670881E+00 1.470731E+00 1.310321E+00 1.206893E+00 5.410256E-01 
1.646002E+02 9.540833E+01 6.894464E+01 5.522446E+01 4.698574E+01 4.158235E+01 3.781963E+01 3.508355E+01 3.303098E+01 3.145565E+01 1.975750E+01 1.574831E+01 1.410524E+01 8.062409E+00 6.919259E+00 6.308046E+00 5.900105E+00 5.648896E+00 5.529680E+00 5.215607E+00 4.518993E+00 3.624407E+00 2.984542E+00 2.554694E+00 2.236539E+00 1.976820E+00 1.767147E+00 1.631263E+00 5.732026E-01 
9.201345E+01 5.170213E+01 3.715832E+01 2.985847E+01 2.555956E+01 2.276564E+01 2.082486E+01 1.941324E+01 1.835359E+01 1.754144E+01 1.089542E+01 8.656709E+00 7.593762E+00 3.939864E+00 3.353223E+00 3.029176E+00 2.820580E+00 2.689918E+00 2.613067E+00 2.457852E+00 2.129633E+00 1.704436E+00 1.403315E+00 1.201197E+00 1.044596E+00 9.163545E-01 8.149888E-01 7.481679E-01 4.409113E-01 
9.327477E+01 5.238071E+01 3.763523E+01 3.024145E+01 2.589488E+01 2.307633E+01 2.112278E+01 1.970400E+01 1.864034E+01 1.782570E+01 1.106188E+01 8.811906E+00 7.742189E+00 3.978420E+00 3.376061E+00 3.042789E+00 2.814770E+00 2.670445E+00 2.588329E+00 2.418338E+00 2.078395E+00 1.654006E+00 1.352839E+00 1.149230E+00 9.969261E-01 8.729766E-01 7.731309E-01 7.072197E-01 4.163269E-01 
2.432099E+02 1.447599E+02 1.054388E+02 8.453778E+01 7.176075E+01 6.327797E+01 5.732442E+01 5.297495E+01 4.970009E+01 4.717959E+01 2.970084E+01 2.351257E+01 2.123359E+01 1.297202E+01 1.113061E+01 1.018482E+01 9.451888E+00 8.990860E+00 8.814513E+00 8.229144E+00 7.042713E+00 5.613826E+00 4.583107E+00 3.886484E+00 3.398164E+00 3.010100E+00 2.685426E+00 2.477571E+00 6.021741E-01 
1.551348E+02 8.942370E+01 6.447943E+01 5.160049E+01 4.389116E+01 3.884616E+01 3.533800E+01 3.278849E+01 3.087458E+01 2.940381E+01 1.836143E+01 1.459943E+01 1.302788E+01 7.252372E+00 6.173168E+00 5.592010E+00 5.177076E+00 4.926632E+00 4.798415E+00 4.494032E+00 3.877773E+00 3.095753E+00 2.538152E+00 2.168766E+00 1.891594E+00 1.664586E+00 1.483852E+00 1.367402E+00 6.010266E-01 
9.011569E+01 5.053063E+01 3.630452E+01 2.918408E+01 2.500162E+01 2.228978E+01 2.040984E+01 1.904467E+01 1.802067E+01 1.723648E+01 1.067269E+01 8.487270E+00 7.443905E+00 3.784449E+00 3.204353E+00 2.885020E+00 2.657109E+00 2.517101E+00 2.438116E+00 2.274000E+00 1.956195E+00 1.558545E+00 1.276109E+00 1.086382E+00 9.429136E-01 8.259294E-01 7.324587E-01 6.710927E-01 4.078064E-01 
1.000820E+02 5.637669E+01 4.051750E+01 3.253864E+01 2.784192E+01 2.479698E+01 2.268869E+01 2.115988E+01 2.001495E+01 1.913902E+01 1.191648E+01 9.525297E+00 8.408128E+00 4.382000E+00 3.729669E+00 3.370584E+00 3.133768E+00 2.984941E+00 2.900059E+00 2.719167E+00 2.344140E+00 1.865739E+00 1.527825E+00 1.302534E+00 1.132467E+00 9.938344E-01 8.833057E-01 8.108071E-01 4.289652E-01 
1.065661E+02 6.023153E+01 4.330241E+01 3.474966E+01 2.969981E+01 2.641948E+01 2.414531E+01 2.249435E+01 2.125639E+01 2.030779E+01 1.264751E+01 1.008751E+01 8.915809E+00 4.703220E+00 4.007900E+00 3.626264E+00 3.378533E+00 3.227803E+00 3.141625E+00 2.957015E+00 2.562594E+00 2.047787E+00 1.684118E+00 1.443049E+00 1.257337E+00 1.105218E+00 9.851862E-01 9.067735E-01 4.681155E-01 
1.790231E+02 1.043138E+02 7.548857E+01 6.047029E+01 5.142288E+01 4.547770E+01 4.133452E+01 3.832099E+01 3.605773E+01 3.431832E+01 2.156924E+01 1.720200E+01 1.545914E+01 8.976832E+00 7.718339E+00 7.045502E+00 6.592304E+00 6.319660E+00 6.198682E+00 5.848609E+00 5.063536E+00 4.058442E+00 3.338435E+00 2.857254E+00 2.504490E+00 2.216145E+00 1.982781E+00 1.832329E+00 5.740759E-01 
1.666014E+02 9.611454E+01 6.938213E+01 5.557672E+01 4.732497E+01 4.194489E+01 3.822883E+01 3.555050E+01 3.355958E+01 3.204648E+01 2.016728E+01 1.633535E+01 1.480748E+01 8.367463E+00 7.170769E+00 6.540851E+00 6.065012E+00 5.756175E+00 5.621557E+00 5.219418E+00 4.416835E+00 3.467716E+00 2.791400E+00 2.331598E+00 2.026163E+00 1.786165E+00 1.578979E+00 1.440836E+00 3.614624E-01 
1.575913E+02 9.073875E+01 6.540446E+01 5.233683E+01 4.452423E+01 3.942078E+01 3.588039E+01 3.331517E+01 3.139559E+01 2.992522E+01 1.865014E+01 1.485282E+01 1.330794E+01 7.317840E+00 6.207585E+00 5.623414E+00 5.173398E+00 4.916179E+00 4.787541E+00 4.468527E+00 3.850826E+00 3.063084E+00 2.504092E+00 2.140602E+00 1.869313E+00 1.647043E+00 1.471500E+00 1.358755E+00 5.336330E-01 
1.675409E+02 9.738257E+01 7.041318E+01 5.639099E+01 4.795011E+01 4.239473E+01 3.851335E+01 3.568180E+01 3.354888E+01 3.190443E+01 1.997900E+01 1.582059E+01 1.412054E+01 8.082926E+00 6.920389E+00 6.297939E+00 5.876867E+00 5.633325E+00 5.517417E+00 5.212238E+00 4.540506E+00 3.664450E+00 3.034337E+00 2.612118E+00 2.289923E+00 2.024498E+00 1.813267E+00 1.677626E+00 6.502897E-01 
2.044093E+02 1.196433E+02 8.662722E+01 6.933214E+01 5.887354E+01 5.198541E+01 4.718042E+01 4.368544E+01 4.106417E+01 3.905304E+01 2.420954E+01 1.897760E+01 1.712192E+01 9.610766E+00 8.048235E+00 7.301430E+00 6.539621E+00 6.133766E+00 5.980890E+00 5.501970E+00 4.713288E+00 3.762568E+00 3.073969E+00 2.623572E+00 2.298907E+00 2.034970E+00 1.821828E+00 1.688677E+00 5.350554E-01 
1.214464E+02 6.921704E+01 4.977588E+01 3.983700E+01 3.390796E+01 3.001987E+01 2.730043E+01 2.530948E+01 2.380376E+01 2.263944E+01 1.402583E+01 1.098871E+01 9.621390E+00 5.190921E+00 4.394817E+00 3.955830E+00 3.654049E+00 3.467720E+00 3.360827E+00 3.153297E+00 2.734961E+00 2.209439E+00 1.829755E+00 1.566481E+00 1.359797E+00 1.190019E+00 1.054260E+00 9.644491E-01 6.738022E-01 
1.915954E+02 1.110825E+02 8.028795E+01 6.430538E+01 5.471478E+01 4.844607E+01 4.410640E+01 4.098006E+01 3.865926E+01 3.689870E+01 2.288209E+01 1.820351E+01 1.666959E+01 9.027088E+00 7.500837E+00 6.826164E+00 5.947021E+00 5.483856E+00 5.342423E+00 4.775721E+00 3.994079E+00 3.130068E+00 2.499862E+00 2.097670E+00 1.837593E+00 1.630368E+00 1.457931E+00 1.354210E+00 3.115803E-01 
1.026468E+02 5.794389E+01 4.166240E+01 3.345000E+01 2.860491E+01 2.545727E+01 2.327410E+01 2.168876E+01 2.050014E+01 1.958990E+01 1.221047E+01 9.744610E+00 8.607525E+00 4.526969E+00 3.859908E+00 3.494022E+00 3.256477E+00 3.109997E+00 3.028270E+00 2.852272E+00 2.473600E+00 1.979803E+00 1.630024E+00 1.397008E+00 1.217880E+00 1.071152E+00 9.550822E-01 8.791751E-01 4.413589E-01 
1.501761E+02 8.620379E+01 6.209647E+01 4.969858E+01 4.229963E+01 3.747111E+01 3.412225E+01 3.169478E+01 2.987735E+01 2.848515E+01 1.768166E+01 1.404888E+01 1.257389E+01 6.752616E+00 5.687150E+00 5.137481E+00 4.663110E+00 4.398044E+00 4.274363E+00 3.957790E+00 3.398350E+00 2.707504E+00 2.211927E+00 1.886331E+00 1.645967E+00 1.449539E+00 1.292550E+00 1.192134E+00 4.910489E-01 
1.383866E+02 7.920996E+01 5.703626E+01 4.567186E+01 3.890430E+01 3.448983E+01 3.142605E+01 2.920268E+01 2.753553E+01 2.625647E+01 1.637545E+01 1.304921E+01 1.162350E+01 6.328809E+00 5.381446E+00 4.869352E+00 4.502488E+00 4.281476E+00 4.166501E+00 3.899429E+00 3.363315E+00 2.682698E+00 2.197990E+00 1.877492E+00 1.636902E+00 1.439659E+00 1.282797E+00 1.181523E+00 5.410421E-01 
1.173956E+02 6.663440E+01 4.787682E+01 3.833034E+01 3.265919E+01 2.895588E+01 2.637554E+01 2.449291E+01 2.307346E+01 2.197886E+01 1.358196E+01 1.068655E+01 9.378207E+00 4.915532E+00 4.132064E+00 3.707176E+00 3.375040E+00 3.172294E+00 3.062407E+00 2.835789E+00 2.432019E+00 1.951297E+00 1.602379E+00 1.360682E+00 1.178088E+00 1.029273E+00 9.083544E-01 8.290130E-01 5.786213E-01 
1.135391E+02 6.429361E+01 4.622352E+01 3.707436E+01 3.167032E+01 2.816251E+01 2.573422E+01 2.397462E+01 2.265717E+01 2.164852E+01 1.346889E+01 1.075854E+01 9.541838E+00 5.017916E+00 4.263311E+00 3.852928E+00 3.563626E+00 3.391344E+00 3.297562E+00 3.088764E+00 2.667051E+00 2.124402E+00 1.740661E+00 1.488034E+00 1.296396E+00 1.139622E+00 1.015718E+00 9.351907E-01 4.584214E-01 
1.037704E+02 5.853444E+01 4.207229E+01 3.377754E+01 2.889257E+01 2.572675E+01 2.353651E+01 2.194962E+01 2.076179E+01 1.985288E+01 1.237068E+01 9.903690E+00 8.762754E+00 4.587977E+00 3.907312E+00 3.532307E+00 3.284769E+00 3.129874E+00 3.042901E+00 2.854259E+00 2.460470E+00 1.956280E+00 1.600404E+00 1.364380E+00 1.186921E+00 1.042018E+00 9.266736E-01 8.512187E-01 4.290887E-01 
2.205840E+02 1.305114E+02 9.485647E+01 7.600990E+01 6.453894E+01 5.694232E+01 5.161758E+01 4.772879E+01 4.480186E+01 4.254885E+01 2.679194E+01 2.123015E+01 1.908565E+01 1.153407E+01 9.931034E+00 9.078242E+00 8.499405E+00 8.132248E+00 7.969171E+00 7.506118E+00 6.475373E+00 5.182161E+00 4.254040E+00 3.621993E+00 3.165205E+00 2.798325E+00 2.494736E+00 2.294040E+00 6.708374E-01 
7.013722E+01 3.893827E+01 2.801625E+01 2.263862E+01 1.951313E+01 1.749977E+01 1.611008E+01 1.510515E+01 1.435538E+01 1.378443E+01 8.491405E+00 6.790296E+00 5.930485E+00 2.854669E+00 2.408828E+00 2.163268E+00 1.970891E+00 1.856253E+00 1.792647E+00 1.654690E+00 1.409829E+00 1.111317E+00 9.004920E-01 7.609127E-01 6.593265E-01 5.769810E-01 5.107776E-01 4.675574E-01 2.766976E-01 
1.812638E+02 1.057129E+02 7.652594E+01 6.130562E+01 5.213246E+01 4.609793E+01 4.189037E+01 3.883022E+01 3.653354E+01 3.476944E+01 2.186733E+01 1.745214E+01 1.569179E+01 9.136706E+00 7.858843E+00 7.176047E+00 6.719023E+00 6.445836E+00 6.322746E+00 5.963407E+00 5.162026E+00 4.135346E+00 3.401259E+00 2.910597E+00 2.550587E+00 2.258184E+00 2.020746E+00 1.867902E+00 5.742273E-01 
9.105980E+01 5.109843E+01 3.669381E+01 2.946448E+01 2.520436E+01 2.243236E+01 2.050384E+01 1.909867E+01 1.804164E+01 1.722931E+01 1.066079E+01 8.431836E+00 7.356691E+00 3.789931E+00 3.210977E+00 2.886374E+00 2.675120E+00 2.537207E+00 2.452502E+00 2.295886E+00 1.977183E+00 1.577416E+00 1.293780E+00 1.098667E+00 9.497756E-01 8.286704E-01 7.311022E-01 6.646897E-01 4.533224E-01 
1.094428E+02 6.200103E+01 4.456606E+01 3.571967E+01 3.047218E+01 2.704652E+01 2.465970E+01 2.291849E+01 2.160657E+01 2.059646E+01 1.279227E+01 1.010976E+01 8.877526E+00 4.718475E+00 4.006827E+00 3.613856E+00 3.352517E+00 3.187226E+00 3.092056E+00 2.901255E+00 2.508597E+00 2.015118E+00 1.661392E+00 1.418311E+00 1.231547E+00 1.078734E+00 9.560422E-01 8.748860E-01 5.481551E-01 
1.418790E+02 8.112395E+01 5.843965E+01 4.683556E+01 3.994646E+01 3.547593E+01 3.239458E+01 3.017523E+01 2.852488E+01 2.727020E+01 1.711777E+01 1.386429E+01 1.249542E+01 6.840181E+00 5.846117E+00 5.315724E+00 4.926916E+00 4.678548E+00 4.561372E+00 4.239463E+00 3.598368E+00 2.830619E+00 2.284807E+00 1.915342E+00 1.664288E+00 1.465205E+00 1.295966E+00 1.183434E+00 3.605769E-01 
1.087366E+02 6.151567E+01 4.420883E+01 3.544460E+01 3.025728E+01 2.687884E+01 2.453024E+01 2.282057E+01 2.153492E+01 2.054678E+01 1.274630E+01 1.009822E+01 8.886974E+00 4.663018E+00 3.949722E+00 3.559628E+00 3.283781E+00 3.116225E+00 3.022522E+00 2.826555E+00 2.440449E+00 1.954811E+00 1.607878E+00 1.373256E+00 1.193279E+00 1.046051E+00 9.286938E-01 8.516185E-01 5.139970E-01 
9.760711E+01 5.504401E+01 3.954707E+01 3.171838E+01 2.707952E+01 2.404776E+01 2.193059E+01 2.038305E+01 1.921569E+01 1.831658E+01 1.134376E+01 8.916115E+00 7.776144E+00 4.091784E+00 3.473808E+00 3.130240E+00 2.907308E+00 2.767400E+00 2.683550E+00 2.525624E+00 2.194610E+00 1.770032E+00 1.465809E+00 1.256303E+00 1.090797E+00 9.549029E-01 8.469460E-01 7.752319E-01 5.412439E-01 
1.613444E+02 9.318922E+01 6.724881E+01 5.383813E+01 4.579891E+01 4.053148E+01 3.686537E+01 3.419861E+01 3.219438E+01 3.065329E+01 1.901118E+01 1.498434E+01 1.340330E+01 7.295755E+00 6.135625E+00 5.552567E+00 5.015367E+00 4.728993E+00 4.604606E+00 4.260058E+00 3.670470E+00 2.952882E+00 2.428811E+00 2.077987E+00 1.818079E+00 1.604895E+00 1.433246E+00 1.323829E+00 5.771992E-01 
1.021798E+02 5.762676E+01 4.142771E+01 3.326914E+01 2.846412E+01 2.534878E+01 2.319229E+01 2.162854E+01 2.045751E+01 1.956158E+01 1.218905E+01 9.745708E+00 8.614930E+00 4.515778E+00 3.850666E+00 3.484628E+00 3.247581E+00 3.101226E+00 3.017757E+00 2.839511E+00 2.457802E+00 1.958953E+00 1.607651E+00 1.376006E+00 1.198523E+00 1.053515E+00 9.392219E-01 8.645896E-01 4.368590E-01 
1.127144E+02 6.384531E+01 4.588126E+01 3.676982E+01 3.137424E+01 2.786091E+01 2.541997E+01 2.364418E+01 2.230928E+01 2.128293E+01 1.322868E+01 1.050781E+01 9.255860E+00 4.910196E+00 4.169768E+00 3.757827E+00 3.486853E+00 3.311474E+00 3.208308E+00 3.004869E+00 2.585371E+00 2.060699E+00 1.687844E+00 1.432603E+00 1.240662E+00 1.084991E+00 9.587592E-01 8.735063E-01 5.134765E-01 
1.154896E+02 6.558573E+01 4.714726E+01 3.776368E+01 3.218782E+01 2.854430E+01 2.600417E+01 2.415016E+01 2.275219E+01 2.167413E+01 1.345101E+01 1.061186E+01 9.320500E+00 4.976803E+00 4.218921E+00 3.800421E+00 3.513388E+00 3.332788E+00 3.230727E+00 3.025394E+00 2.612158E+00 2.098380E+00 1.728848E+00 1.474218E+00 1.279230E+00 1.119698E+00 9.912186E-01 9.064052E-01 5.859027E-01 
1.237018E+02 7.031535E+01 5.056340E+01 4.051317E+01 3.455817E+01 3.068726E+01 2.800637E+01 2.606313E+01 2.460761E+01 2.349239E+01 1.460679E+01 1.164987E+01 1.035096E+01 5.473581E+00 4.633666E+00 4.182900E+00 3.842917E+00 3.641692E+00 3.536020E+00 3.292830E+00 2.831071E+00 2.253503E+00 1.842474E+00 1.570520E+00 1.367032E+00 1.200895E+00 1.068495E+00 9.827825E-01 4.834555E-01 
9.383496E+01 5.270499E+01 3.784660E+01 3.038261E+01 2.598446E+01 2.312464E+01 2.113674E+01 1.968931E+01 1.860094E+01 1.776454E+01 1.099877E+01 8.714346E+00 7.619011E+00 3.937431E+00 3.337678E+00 3.001290E+00 2.782636E+00 2.640338E+00 2.553317E+00 2.390484E+00 2.057894E+00 1.639587E+00 1.343477E+00 1.140933E+00 9.866922E-01 8.613031E-01 7.604697E-01 6.920187E-01 4.535418E-01 
1.543249E+02 8.891398E+01 6.416865E+01 5.141765E+01 4.380088E+01 3.882940E+01 3.538339E+01 3.288892E+01 3.102608E+01 2.960340E+01 1.859937E+01 1.493041E+01 1.342779E+01 7.532664E+00 6.456187E+00 5.888382E+00 5.485168E+00 5.241115E+00 5.130604E+00 4.818197E+00 4.158641E+00 3.316462E+00 2.716821E+00 2.321460E+00 2.034166E+00 1.799797E+00 1.611329E+00 1.490976E+00 4.665135E-01 
1.402266E+02 8.013310E+01 5.772686E+01 4.627487E+01 3.948162E+01 3.507503E+01 3.203786E+01 2.985127E+01 2.822601E+01 2.699007E+01 1.693391E+01 1.371855E+01 1.236931E+01 6.758199E+00 5.778030E+00 5.254973E+00 4.864685E+00 4.615146E+00 4.502725E+00 4.184226E+00 3.547512E+00 2.790068E+00 2.251069E+00 1.884571E+00 1.637366E+00 1.441629E+00 1.274215E+00 1.162776E+00 3.604978E-01 
1.200461E+02 6.829349E+01 4.910977E+01 3.933170E+01 3.351764E+01 2.971901E+01 2.707240E+01 2.514214E+01 2.368764E+01 2.256692E+01 1.400668E+01 1.105594E+01 9.730515E+00 5.198157E+00 4.402101E+00 3.966974E+00 3.656365E+00 3.464924E+00 3.359479E+00 3.141271E+00 2.712219E+00 2.178865E+00 1.795122E+00 1.532264E+00 1.331128E+00 1.166531E+00 1.034219E+00 9.474109E-01 5.844901E-01 
2.006376E+02 1.180868E+02 8.567382E+01 6.862350E+01 5.827773E+01 5.143614E+01 4.663717E+01 4.312742E+01 4.047963E+01 3.843535E+01 2.408645E+01 1.898607E+01 1.698447E+01 1.000912E+01 8.560016E+00 7.796394E+00 7.241969E+00 6.913141E+00 6.768714E+00 6.362432E+00 5.512508E+00 4.443087E+00 3.669050E+00 3.144848E+00 2.754249E+00 2.435415E+00 2.176850E+00 2.011879E+00 7.299161E-01 
1.300725E+02 7.423902E+01 5.347788E+01 4.288509E+01 3.659940E+01 3.251249E+01 2.968480E+01 2.764004E+01 2.611275E+01 2.494623E+01 1.562584E+01 1.253989E+01 1.121974E+01 6.104783E+00 5.225657E+00 4.756717E+00 4.438076E+00 4.251305E+00 4.158166E+00 3.918950E+00 3.401046E+00 2.718454E+00 2.234719E+00 1.919313E+00 1.682431E+00 1.487947E+00 1.334180E+00 1.235882E+00 4.380111E-01 
1.220223E+02 6.940480E+01 4.991073E+01 3.998116E+01 3.408741E+01 3.024682E+01 2.757914E+01 2.563947E+01 2.418211E+01 2.306202E+01 1.436725E+01 1.143310E+01 1.011247E+01 5.448284E+00 4.638956E+00 4.189159E+00 3.899594E+00 3.714766E+00 3.607768E+00 3.388861E+00 2.924113E+00 2.332271E+00 1.912368E+00 1.628676E+00 1.414241E+00 1.239485E+00 1.098998E+00 1.005049E+00 5.370301E-01 
1.003531E+02 5.649683E+01 4.060555E+01 3.262108E+01 2.793048E+01 2.489640E+01 2.280082E+01 2.128490E+01 2.015216E+01 1.928720E+01 1.200900E+01 9.629112E+00 8.524351E+00 4.410203E+00 3.751393E+00 3.391207E+00 3.144146E+00 2.993098E+00 2.908814E+00 2.723259E+00 2.347287E+00 1.863665E+00 1.523121E+00 1.299904E+00 1.131682E+00 9.942093E-01 8.856918E-01 8.150699E-01 3.979486E-01 
1.120293E+02 6.353715E+01 4.566786E+01 3.658607E+01 3.119245E+01 2.766866E+01 2.521134E+01 2.341723E+01 2.206423E+01 2.102134E+01 1.304338E+01 1.028301E+01 9.017783E+00 4.800223E+00 4.069520E+00 3.665678E+00 3.390492E+00 3.215770E+00 3.115592E+00 2.917936E+00 2.519851E+00 2.025339E+00 1.669658E+00 1.423489E+00 1.234512E+00 1.080215E+00 9.558047E-01 8.733645E-01 5.761542E-01 
1.036637E+02 5.843590E+01 4.200217E+01 3.373247E+01 2.887040E+01 2.572578E+01 2.355496E+01 2.198551E+01 2.081327E+01 1.991837E+01 1.240882E+01 9.962167E+00 8.837339E+00 4.591879E+00 3.907591E+00 3.533355E+00 3.276292E+00 3.119956E+00 3.034349E+00 2.841640E+00 2.448748E+00 1.942848E+00 1.586713E+00 1.354065E+00 1.179445E+00 1.036797E+00 9.239896E-01 8.508151E-01 3.980333E-01 
9.684709E+01 5.447039E+01 3.911679E+01 3.139024E+01 2.683203E+01 2.386617E+01 2.180384E+01 2.030183E+01 1.917208E+01 1.830383E+01 1.129936E+01 8.923642E+00 7.805240E+00 3.983401E+00 3.355613E+00 3.011779E+00 2.751263E+00 2.592869E+00 2.504323E+00 2.325095E+00 1.997436E+00 1.598292E+00 1.311416E+00 1.115083E+00 9.658399E-01 8.441700E-01 7.462788E-01 6.818142E-01 4.705924E-01 
8.868155E+01 4.977003E+01 3.574174E+01 2.869251E+01 2.452718E+01 2.180739E+01 1.990878E+01 1.852149E+01 1.747521E+01 1.666999E+01 1.029389E+01 8.085895E+00 7.023319E+00 3.626287E+00 3.068623E+00 2.756909E+00 2.546673E+00 2.411466E+00 2.330863E+00 2.180883E+00 1.881278E+00 1.511707E+00 1.246236E+00 1.060210E+00 9.170875E-01 8.003943E-01 7.059320E-01 6.424826E-01 4.861759E-01 
1.313528E+02 7.490326E+01 5.389828E+01 4.317219E+01 3.679929E+01 3.264818E+01 2.976873E+01 2.767881E+01 2.611191E+01 2.491089E+01 1.543335E+01 1.223866E+01 1.088382E+01 5.715229E+00 4.801470E+00 4.328458E+00 3.909114E+00 3.671153E+00 3.559241E+00 3.278940E+00 2.806453E+00 2.243857E+00 1.835025E+00 1.559826E+00 1.358537E+00 1.194527E+00 1.061025E+00 9.757351E-01 4.832125E-01 
1.246995E+02 7.105460E+01 5.111268E+01 4.093396E+01 3.488117E+01 3.092944E+01 2.817979E+01 2.617696E+01 2.466983E+01 2.350980E+01 1.462915E+01 1.159594E+01 1.024223E+01 5.524148E+00 4.692567E+00 4.235189E+00 3.921677E+00 3.724028E+00 3.614700E+00 3.384997E+00 2.918167E+00 2.335794E+00 1.919013E+00 1.634882E+00 1.420140E+00 1.245044E+00 1.103912E+00 1.011192E+00 5.769609E-01 
1.798707E+02 1.047466E+02 7.572894E+01 6.060182E+01 5.148019E+01 4.547643E+01 4.128242E+01 3.822390E+01 3.592136E+01 3.414834E+01 2.123179E+01 1.668182E+01 1.490482E+01 8.356332E+00 7.048944E+00 6.384351E+00 5.813484E+00 5.496533E+00 5.355182E+00 4.977508E+00 4.295861E+00 3.458067E+00 2.848640E+00 2.439179E+00 2.133327E+00 1.882919E+00 1.681050E+00 1.552171E+00 6.470062E-01 
1.131552E+02 6.411234E+01 4.608177E+01 3.693502E+01 3.151662E+01 2.798707E+01 2.553404E+01 2.374889E+01 2.240659E+01 2.137497E+01 1.323664E+01 1.048225E+01 9.246846E+00 4.822960E+00 4.071298E+00 3.667134E+00 3.358195E+00 3.176771E+00 3.079412E+00 2.868406E+00 2.474283E+00 1.983964E+00 1.631717E+00 1.393402E+00 1.211987E+00 1.063463E+00 9.443623E-01 8.667265E-01 4.982332E-01 
8.882438E+01 4.977648E+01 3.576041E+01 2.875016E+01 2.463352E+01 2.196408E+01 2.011308E+01 1.876872E+01 1.776068E+01 1.698875E+01 1.051912E+01 8.362871E+00 7.329000E+00 3.722616E+00 3.152344E+00 2.838059E+00 2.616318E+00 2.479375E+00 2.400807E+00 2.239733E+00 1.927324E+00 1.535592E+00 1.257506E+00 1.070750E+00 9.290717E-01 8.135385E-01 7.213262E-01 6.608035E-01 4.077736E-01 
1.116588E+02 6.327246E+01 4.547927E+01 3.645189E+01 3.110185E+01 2.761370E+01 2.518685E+01 2.341904E+01 2.208878E+01 2.106553E+01 1.307686E+01 1.034762E+01 9.104302E+00 4.814550E+00 4.082204E+00 3.680690E+00 3.401305E+00 3.229532E+00 3.132616E+00 2.933788E+00 2.536486E+00 2.034458E+00 1.675303E+00 1.431839E+00 1.244398E+00 1.090773E+00 9.684558E-01 8.881100E-01 5.394433E-01 
9.360380E+01 5.253063E+01 3.773631E+01 3.032467E+01 2.597279E+01 2.315473E+01 2.120423E+01 1.978963E+01 1.873006E+01 1.791923E+01 1.109335E+01 8.842744E+00 7.779690E+00 3.941131E+00 3.331083E+00 2.997936E+00 2.750463E+00 2.601925E+00 2.520149E+00 2.343764E+00 2.012315E+00 1.599515E+00 1.306495E+00 1.111317E+00 9.647202E-01 8.452774E-01 7.499858E-01 6.877926E-01 3.985107E-01 
1.172620E+02 6.669826E+01 4.801422E+01 3.851049E+01 3.287176E+01 2.919629E+01 2.664161E+01 2.478408E+01 2.339035E+01 2.232185E+01 1.395940E+01 1.112916E+01 9.866757E+00 5.346196E+00 4.578630E+00 4.160810E+00 3.901623E+00 3.747139E+00 3.663028E+00 3.468278E+00 3.023582E+00 2.433158E+00 2.013204E+00 1.733344E+00 1.517022E+00 1.339377E+00 1.198889E+00 1.107577E+00 4.921048E-01 
1.127068E+02 6.403928E+01 4.604428E+01 3.687591E+01 3.141536E+01 2.783585E+01 2.533184E+01 2.349807E+01 2.211170E+01 2.104079E+01 1.305644E+01 1.024710E+01 8.962067E+00 4.836356E+00 4.111319E+00 3.707447E+00 3.451535E+00 3.289678E+00 3.193397E+00 3.011338E+00 2.618101E+00 2.115700E+00 1.754648E+00 1.503747E+00 1.305864E+00 1.143491E+00 1.013789E+00 9.272257E-01 6.317579E-01 
1.968861E+02 1.152190E+02 8.338367E+01 6.670029E+01 5.660467E+01 4.994519E+01 4.528866E+01 4.189176E+01 3.933418E+01 3.736283E+01 2.321347E+01 1.821618E+01 1.630263E+01 9.236735E+00 7.762607E+00 7.017592E+00 6.349005E+00 5.955353E+00 5.784229E+00 5.327175E+00 4.550556E+00 3.637932E+00 2.973636E+00 2.525249E+00 2.200823E+00 1.937295E+00 1.721432E+00 1.584539E+00 6.500425E-01 
1.829416E+02 1.065313E+02 7.703561E+01 6.166345E+01 5.239784E+01 4.630239E+01 4.205177E+01 3.895839E+01 3.663476E+01 3.484765E+01 2.167308E+01 1.708042E+01 1.532600E+01 8.585950E+00 7.242529E+00 6.567351E+00 5.965130E+00 5.636855E+00 5.498749E+00 5.100006E+00 4.392047E+00 3.522912E+00 2.893178E+00 2.475009E+00 2.166939E+00 1.915229E+00 1.712437E+00 1.583955E+00 5.896030E-01 
1.076416E+02 6.084401E+01 4.372309E+01 3.506404E+01 2.994614E+01 2.661766E+01 2.430703E+01 2.262729E+01 2.136578E+01 2.039728E+01 1.267770E+01 1.008042E+01 8.880046E+00 4.669495E+00 3.963505E+00 3.573694E+00 3.308239E+00 3.138595E+00 3.042164E+00 2.844230E+00 2.445353E+00 1.949965E+00 1.597049E+00 1.356378E+00 1.176096E+00 1.029589E+00 9.110805E-01 8.324826E-01 4.875086E-01 
1.098123E+02 6.214004E+01 4.468185E+01 3.585168E+01 3.063712E+01 2.725137E+01 2.490605E+01 2.320513E+01 2.193085E+01 2.095506E+01 1.306269E+01 1.043366E+01 9.237784E+00 4.892172E+00 4.171994E+00 3.776781E+00 3.519604E+00 3.362344E+00 3.273020E+00 3.081505E+00 2.670036E+00 2.130819E+00 1.750507E+00 1.499723E+00 1.306975E+00 1.149166E+00 1.024965E+00 9.438810E-01 4.683502E-01 
1.416410E+02 8.114187E+01 5.846455E+01 4.683993E+01 3.991795E+01 3.540643E+01 3.227878E+01 3.001265E+01 2.831765E+01 2.702104E+01 1.683564E+01 1.342446E+01 1.201761E+01 6.500882E+00 5.522681E+00 5.013498E+00 4.616258E+00 4.401218E+00 4.298836E+00 4.025162E+00 3.486493E+00 2.791271E+00 2.294834E+00 1.970037E+00 1.726241E+00 1.526413E+00 1.367901E+00 1.266429E+00 4.712845E-01 
1.103008E+02 6.247082E+01 4.492954E+01 3.604591E+01 3.079170E+01 2.737440E+01 2.500318E+01 2.328079E+01 2.198886E+01 2.099908E+01 1.308599E+01 1.043089E+01 9.231037E+00 4.891083E+00 4.168381E+00 3.773856E+00 3.512932E+00 3.356278E+00 3.269959E+00 3.081741E+00 2.676263E+00 2.144639E+00 1.767654E+00 1.517004E+00 1.323573E+00 1.164858E+00 1.039565E+00 9.577507E-01 4.681877E-01 
1.543156E+02 8.897261E+01 6.421070E+01 5.143513E+01 4.379273E+01 3.879561E+01 3.532408E+01 3.280553E+01 3.091956E+01 2.947490E+01 1.846727E+01 1.474149E+01 1.320670E+01 7.380251E+00 6.302222E+00 5.734232E+00 5.316232E+00 5.061891E+00 4.945796E+00 4.633257E+00 3.995079E+00 3.194767E+00 2.621203E+00 2.237621E+00 1.956999E+00 1.728625E+00 1.543593E+00 1.425103E+00 5.188104E-01 
1.640214E+02 9.491969E+01 6.849636E+01 5.479896E+01 4.657368E+01 4.117546E+01 3.741244E+01 3.467120E+01 3.260887E+01 3.102069E+01 1.932952E+01 1.527401E+01 1.360698E+01 7.619773E+00 6.474495E+00 5.861062E+00 5.413144E+00 5.150794E+00 5.015181E+00 4.701947E+00 4.069672E+00 3.260890E+00 2.682621E+00 2.298167E+00 2.005632E+00 1.765280E+00 1.574673E+00 1.451433E+00 6.761359E-01 
1.131197E+02 6.409281E+01 4.609170E+01 3.697379E+01 3.158586E+01 2.808754E+01 2.566513E+01 2.390909E+01 2.259413E+01 2.158752E+01 1.346930E+01 1.077319E+01 9.557083E+00 5.081965E+00 4.335559E+00 3.927070E+00 3.661975E+00 3.501335E+00 3.410526E+00 3.210500E+00 2.780845E+00 2.218034E+00 1.821363E+00 1.560538E+00 1.360784E+00 1.197149E+00 1.068374E+00 9.844629E-01 4.685330E-01 
1.244820E+02 7.094555E+01 5.103528E+01 4.086878E+01 3.481968E+01 3.086801E+01 2.811629E+01 2.611008E+01 2.459922E+01 2.343547E+01 1.456974E+01 1.152608E+01 1.016813E+01 5.478104E+00 4.648220E+00 4.192367E+00 3.875159E+00 3.676274E+00 3.567422E+00 3.338317E+00 2.878609E+00 2.308023E+00 1.898062E+00 1.617525E+00 1.404777E+00 1.231062E+00 1.090932E+00 9.989404E-01 5.864537E-01 
1.833965E+02 1.070900E+02 7.753288E+01 6.210144E+01 5.279037E+01 4.666114E+01 4.237847E+01 3.925786E+01 3.691187E+01 3.510713E+01 2.198941E+01 1.742409E+01 1.563616E+01 9.034106E+00 7.735830E+00 7.054282E+00 6.568571E+00 6.302303E+00 6.183910E+00 5.839631E+00 5.089022E+00 4.097757E+00 3.387813E+00 2.920161E+00 2.566173E+00 2.273771E+00 2.042809E+00 1.895560E+00 6.151015E-01 
1.077578E+02 6.105239E+01 4.389808E+01 3.519427E+01 3.002862E+01 2.665306E+01 2.429866E+01 2.257909E+01 2.128276E+01 2.028418E+01 1.259339E+01 9.934313E+00 8.720353E+00 4.635344E+00 3.940043E+00 3.557316E+00 3.306773E+00 3.154057E+00 3.066349E+00 2.888871E+00 2.512486E+00 2.027210E+00 1.679426E+00 1.441667E+00 1.254903E+00 1.101393E+00 9.794660E-01 8.992340E-01 5.416704E-01 
1.847682E+02 1.080590E+02 7.826414E+01 6.268573E+01 5.327354E+01 4.707093E+01 4.273566E+01 3.957302E+01 3.719029E+01 3.535368E+01 2.217416E+01 1.755926E+01 1.572669E+01 9.165851E+00 7.864619E+00 7.170736E+00 6.699753E+00 6.423322E+00 6.296808E+00 5.954325E+00 5.184299E+00 4.176818E+00 3.454636E+00 2.974354E+00 2.609976E+00 2.310529E+00 2.072221E+00 1.919993E+00 6.514444E-01 
1.671735E+02 9.682535E+01 6.987583E+01 5.588736E+01 4.747700E+01 4.195168E+01 3.809493E+01 3.528179E+01 3.316281E+01 3.152907E+01 1.956440E+01 1.539247E+01 1.370415E+01 7.567841E+00 6.366916E+00 5.743433E+00 5.217049E+00 4.906920E+00 4.760033E+00 4.402036E+00 3.775248E+00 3.026633E+00 2.482288E+00 2.112396E+00 1.838531E+00 1.615532E+00 1.433955E+00 1.317312E+00 6.486121E-01 
9.885839E+01 5.561511E+01 3.996077E+01 3.209725E+01 2.747528E+01 2.448307E+01 2.241351E+01 2.091415E+01 1.979215E+01 1.893365E+01 1.176578E+01 9.410775E+00 8.306936E+00 4.276842E+00 3.628049E+00 3.271290E+00 3.019284E+00 2.861009E+00 2.773706E+00 2.584592E+00 2.214658E+00 1.756505E+00 1.431614E+00 1.213699E+00 1.053280E+00 9.228971E-01 8.176125E-01 7.486023E-01 4.031486E-01 
1.012590E+02 5.707364E+01 4.101298E+01 3.292164E+01 2.815121E+01 2.505321E+01 2.290455E+01 2.134357E+01 2.017200E+01 1.927373E+01 1.195751E+01 9.506710E+00 8.371091E+00 4.341105E+00 3.682879E+00 3.322355E+00 3.071122E+00 2.919602E+00 2.834043E+00 2.655169E+00 2.294961E+00 1.833419E+00 1.506029E+00 1.287530E+00 1.119643E+00 9.825085E-01 8.738671E-01 8.026785E-01 4.578210E-01 
1.050409E+02 5.916080E+01 4.251086E+01 3.413971E+01 2.922459E+01 2.605157E+01 2.386570E+01 2.228834E+01 2.111216E+01 2.021558E+01 1.254310E+01 1.007431E+01 8.957511E+00 4.571781E+00 3.872539E+00 3.496925E+00 3.213869E+00 3.053704E+00 2.968415E+00 2.768437E+00 2.382784E+00 1.885899E+00 1.536902E+00 1.311819E+00 1.143107E+00 1.005407E+00 8.971605E-01 8.271857E-01 3.670688E-01 
1.233007E+02 7.018298E+01 5.050919E+01 4.049655E+01 3.456282E+01 3.070553E+01 2.803443E+01 2.609906E+01 2.465042E+01 2.354170E+01 1.473676E+01 1.180741E+01 1.051061E+01 5.702800E+00 4.882227E+00 4.431450E+00 4.150463E+00 3.976892E+00 3.878991E+00 3.661174E+00 3.175674E+00 2.532680E+00 2.079994E+00 1.783871E+00 1.557448E+00 1.371498E+00 1.225741E+00 1.131045E+00 4.929133E-01 
1.603032E+02 9.264766E+01 6.684667E+01 5.349168E+01 4.547876E+01 4.022535E+01 3.656655E+01 3.390383E+01 3.190208E+01 3.036193E+01 1.894682E+01 1.501267E+01 1.338422E+01 7.497118E+00 6.383283E+00 5.783112E+00 5.357456E+00 5.105739E+00 4.975638E+00 4.671539E+00 4.044964E+00 3.239027E+00 2.663566E+00 2.282471E+00 1.992804E+00 1.754424E+00 1.565663E+00 1.443799E+00 6.482850E-01 
1.155844E+02 6.559079E+01 4.712540E+01 3.772603E+01 3.213619E+01 2.847924E+01 2.592629E+01 2.406026E+01 2.265110E+01 2.156298E+01 1.329200E+01 1.041371E+01 9.115258E+00 4.744320E+00 3.973478E+00 3.557420E+00 3.217794E+00 3.013607E+00 2.905688E+00 2.681149E+00 2.296777E+00 1.850433E+00 1.522866E+00 1.291911E+00 1.117610E+00 9.753373E-01 8.587471E-01 7.820608E-01 5.781680E-01 
1.003886E+02 5.667293E+01 4.072331E+01 3.265942E+01 2.788267E+01 2.476242E+01 2.258537E+01 2.099530E+01 1.979654E+01 1.887355E+01 1.170060E+01 9.214659E+00 8.054346E+00 4.248678E+00 3.609046E+00 3.254152E+00 3.023822E+00 2.879665E+00 2.793938E+00 2.629856E+00 2.284572E+00 1.840499E+00 1.522848E+00 1.305233E+00 1.133897E+00 9.932078E-01 8.815954E-01 8.076056E-01 5.414689E-01 
1.099692E+02 6.230572E+01 4.478718E+01 3.589890E+01 3.062682E+01 2.718638E+01 2.479018E+01 2.304284E+01 2.172671E+01 2.071354E+01 1.286556E+01 1.017306E+01 8.937415E+00 4.752624E+00 4.037211E+00 3.640722E+00 3.377418E+00 3.211137E+00 3.116178E+00 2.925056E+00 2.529161E+00 2.029829E+00 1.672394E+00 1.427691E+00 1.239740E+00 1.085955E+00 9.626110E-01 8.811216E-01 5.482484E-01 
1.489856E+02 8.561869E+01 6.176089E+01 4.949961E+01 4.219145E+01 3.743164E+01 3.414004E+01 3.176022E+01 2.998473E+01 2.863038E+01 1.798436E+01 1.447425E+01 1.303063E+01 7.260421E+00 6.225931E+00 5.679477E+00 5.292995E+00 5.059626E+00 4.954444E+00 4.654707E+00 4.015934E+00 3.196146E+00 2.614929E+00 2.234384E+00 1.957805E+00 1.732733E+00 1.552023E+00 1.436823E+00 4.312659E-01 
9.080816E+01 5.089544E+01 3.655564E+01 2.937662E+01 2.515789E+01 2.242117E+01 2.052308E+01 1.914465E+01 1.811074E+01 1.731867E+01 1.066080E+01 8.444434E+00 7.399599E+00 3.676614E+00 3.089479E+00 2.771363E+00 2.513878E+00 2.368667E+00 2.290470E+00 2.121412E+00 1.823485E+00 1.457470E+00 1.195165E+00 1.018454E+00 8.843049E-01 7.745631E-01 6.868465E-01 6.294806E-01 3.941211E-01 
1.227189E+02 6.987269E+01 5.025000E+01 4.023995E+01 3.428739E+01 3.040007E+01 2.769370E+01 2.572141E+01 2.423627E+01 2.309249E+01 1.436506E+01 1.137356E+01 1.002690E+01 5.406055E+00 4.592425E+00 4.142604E+00 3.841543E+00 3.648881E+00 3.538717E+00 3.315434E+00 2.858031E+00 2.288286E+00 1.880395E+00 1.600249E+00 1.388281E+00 1.215605E+00 1.075843E+00 9.831045E-01 5.856065E-01 
1.878969E+02 1.096325E+02 7.929940E+01 6.346114E+01 5.390107E+01 4.760645E+01 4.321101E+01 4.000812E+01 3.759807E+01 3.574200E+01 2.218537E+01 1.740628E+01 1.559952E+01 8.760916E+00 7.385103E+00 6.694113E+00 6.081767E+00 5.750187E+00 5.608466E+00 5.218340E+00 4.509152E+00 3.623734E+00 2.983595E+00 2.558557E+00 2.240426E+00 1.979448E+00 1.770879E+00 1.637958E+00 6.193999E-01 
1.160747E+02 6.571828E+01 4.722793E+01 3.785937E+01 3.232163E+01 2.872536E+01 2.623589E+01 2.443151E+01 2.307998E+01 2.204455E+01 1.362064E+01 1.083175E+01 9.606608E+00 4.915433E+00 4.125764E+00 3.710298E+00 3.353045E+00 3.151261E+00 3.050090E+00 2.811371E+00 2.406534E+00 1.916572E+00 1.564385E+00 1.329721E+00 1.156358E+00 1.014966E+00 9.010031E-01 8.275881E-01 4.330475E-01 
1.186838E+02 6.753352E+01 4.856215E+01 3.888307E+01 3.311842E+01 2.934443E+01 2.670836E+01 2.478074E+01 2.332502E+01 2.220120E+01 1.374503E+01 1.078878E+01 9.463359E+00 5.037062E+00 4.254754E+00 3.828010E+00 3.516918E+00 3.330448E+00 3.228415E+00 3.020225E+00 2.616344E+00 2.113511E+00 1.749311E+00 1.497023E+00 1.300668E+00 1.139554E+00 1.010161E+00 9.250205E-01 6.064998E-01 
9.333633E+01 5.235316E+01 3.758946E+01 3.019028E+01 2.584269E+01 2.302460E+01 2.107169E+01 1.965364E+01 1.858961E+01 1.777350E+01 1.101193E+01 8.769157E+00 7.685353E+00 3.938947E+00 3.337321E+00 2.999130E+00 2.780448E+00 2.636891E+00 2.547312E+00 2.380792E+00 2.044195E+00 1.618162E+00 1.319138E+00 1.118058E+00 9.659298E-01 8.424903E-01 7.437480E-01 6.764158E-01 4.113890E-01 
2.228609E+02 1.315623E+02 9.551674E+01 7.648134E+01 6.490299E+01 5.723973E+01 5.187148E+01 4.795589E+01 4.501052E+01 4.274378E+01 2.668109E+01 2.097019E+01 1.886121E+01 1.101642E+01 9.281255E+00 8.427161E+00 7.611213E+00 7.094876E+00 6.902174E+00 6.313365E+00 5.323054E+00 4.231139E+00 3.430987E+00 2.878403E+00 2.500698E+00 2.203353E+00 1.948488E+00 1.787595E+00 6.304953E-01 
1.038966E+02 5.853704E+01 4.205843E+01 3.376490E+01 2.888749E+01 2.573170E+01 2.355202E+01 2.197511E+01 2.079628E+01 1.989533E+01 1.234669E+01 9.881346E+00 8.749783E+00 4.483852E+00 3.792426E+00 3.417970E+00 3.134069E+00 2.965100E+00 2.875418E+00 2.671558E+00 2.290540E+00 1.816046E+00 1.479606E+00 1.257880E+00 1.093386E+00 9.593546E-01 8.524329E-01 7.831890E-01 3.990336E-01 
1.217746E+02 6.922256E+01 4.978008E+01 3.988416E+01 3.401373E+01 3.019140E+01 2.753767E+01 2.560918E+01 2.416133E+01 2.304963E+01 1.429603E+01 1.134166E+01 1.004439E+01 5.283129E+00 4.460862E+00 4.020563E+00 3.677650E+00 3.479341E+00 3.377589E+00 3.144304E+00 2.708990E+00 2.168309E+00 1.780491E+00 1.520108E+00 1.323463E+00 1.162494E+00 1.033581E+00 9.500024E-01 4.987171E-01 
1.603706E+02 9.298671E+01 6.720516E+01 5.383611E+01 4.579404E+01 4.050849E+01 3.681728E+01 3.412390E+01 3.209465E+01 3.053154E+01 1.913711E+01 1.514975E+01 1.350952E+01 7.672818E+00 6.565621E+00 5.982684E+00 5.570216E+00 5.329353E+00 5.222332E+00 4.933947E+00 4.299602E+00 3.482077E+00 2.889120E+00 2.488832E+00 2.184316E+00 1.933378E+00 1.732498E+00 1.603958E+00 6.498912E-01 
1.114236E+02 6.311242E+01 4.535708E+01 3.634938E+01 3.101078E+01 2.753012E+01 2.510832E+01 2.334428E+01 2.201712E+01 2.099608E+01 1.304474E+01 1.034090E+01 9.095765E+00 4.820608E+00 4.090534E+00 3.684832E+00 3.415358E+00 3.241218E+00 3.140182E+00 2.940843E+00 2.531102E+00 2.023026E+00 1.660003E+00 1.408159E+00 1.219105E+00 1.065779E+00 9.404448E-01 8.551924E-01 5.132015E-01 
2.144984E+02 1.266655E+02 9.200611E+01 7.371613E+01 6.259713E+01 5.523481E+01 5.007496E+01 4.630718E+01 4.346958E+01 4.128269E+01 2.595985E+01 2.058377E+01 1.849625E+01 1.110997E+01 9.558908E+00 8.727788E+00 8.165350E+00 7.817507E+00 7.663052E+00 7.216098E+00 6.226401E+00 4.985679E+00 4.094177E+00 3.487314E+00 3.046635E+00 2.692606E+00 2.399748E+00 2.206516E+00 6.704615E-01 
1.093357E+02 6.176963E+01 4.440913E+01 3.565079E+01 3.049544E+01 2.716128E+01 2.486151E+01 2.320069E+01 2.196096E+01 2.101502E+01 1.311090E+01 1.054319E+01 9.379252E+00 4.909915E+00 4.181325E+00 3.784978E+00 3.510532E+00 3.344030E+00 3.253700E+00 3.046659E+00 2.624332E+00 2.079906E+00 1.697190E+00 1.448259E+00 1.262047E+00 1.110221E+00 9.903568E-01 9.128421E-01 3.983066E-01 
1.128825E+02 6.393402E+01 4.596132E+01 3.684781E+01 3.144915E+01 2.793171E+01 2.548618E+01 2.370660E+01 2.236999E+01 2.134348E+01 1.317280E+01 1.038690E+01 9.155574E+00 4.684467E+00 3.923798E+00 3.526911E+00 3.162823E+00 2.961858E+00 2.866817E+00 2.637514E+00 2.262790E+00 1.822109E+00 1.498026E+00 1.274988E+00 1.108445E+00 9.725947E-01 8.617839E-01 7.899589E-01 4.975535E-01 
1.646650E+02 9.499753E+01 6.851367E+01 5.482594E+01 4.662858E+01 4.126629E+01 3.754406E+01 3.484491E+01 3.282272E+01 3.127307E+01 1.935498E+01 1.528781E+01 1.372014E+01 7.384040E+00 6.177033E+00 5.580514E+00 4.995579E+00 4.676322E+00 4.541821E+00 4.165930E+00 3.560483E+00 2.838157E+00 2.314595E+00 1.969169E+00 1.719786E+00 1.516255E+00 1.351693E+00 1.247941E+00 4.913063E-01 
1.723156E+02 1.001703E+02 7.244208E+01 5.802448E+01 4.935160E+01 4.365876E+01 3.969455E+01 3.681030E+01 3.464547E+01 3.298345E+01 2.072013E+01 1.651301E+01 1.481305E+01 8.537593E+00 7.333005E+00 6.689702E+00 6.259019E+00 5.994460E+00 5.871706E+00 5.540937E+00 4.800212E+00 3.847350E+00 3.166806E+00 2.711282E+00 2.374202E+00 2.099720E+00 1.877917E+00 1.734625E+00 5.736683E-01 
1.653440E+02 9.566573E+01 6.904818E+01 5.525591E+01 4.697839E+01 4.155164E+01 3.777337E+01 3.502637E+01 3.296376E+01 3.137992E+01 1.955919E+01 1.550378E+01 1.387355E+01 7.723888E+00 6.553765E+00 5.940502E+00 5.463668E+00 5.190563E+00 5.058891E+00 4.729738E+00 4.088221E+00 3.273736E+00 2.689880E+00 2.304644E+00 2.014941E+00 1.776907E+00 1.587762E+00 1.466602E+00 5.778893E-01 
1.101667E+02 6.248253E+01 4.494916E+01 3.605060E+01 3.077251E+01 2.732732E+01 2.492792E+01 2.317914E+01 2.186268E+01 2.085015E+01 1.296768E+01 1.026417E+01 9.046522E+00 4.830043E+00 4.117480E+00 3.728457E+00 3.470384E+00 3.317259E+00 3.235817E+00 3.055712E+00 2.661742E+00 2.148442E+00 1.780608E+00 1.531355E+00 1.337657E+00 1.178171E+00 1.051425E+00 9.685403E-01 5.100596E-01 
9.864478E+01 5.533363E+01 3.976881E+01 3.198927E+01 2.744314E+01 2.451870E+01 2.251078E+01 2.106693E+01 1.999450E+01 1.918015E+01 1.182204E+01 9.506855E+00 8.466718E+00 4.098595E+00 3.421823E+00 3.075297E+00 2.705604E+00 2.508741E+00 2.421709E+00 2.179456E+00 1.831061E+00 1.440076E+00 1.155904E+00 9.686045E-01 8.415847E-01 7.386737E-01 6.536101E-01 6.000720E-01 3.049564E-01 
1.799519E+02 1.050594E+02 7.605469E+01 6.091260E+01 5.177409E+01 4.575571E+01 4.154975E+01 3.848368E+01 3.617682E+01 3.440070E+01 2.159230E+01 1.710761E+01 1.530737E+01 8.878499E+00 7.613149E+00 6.943194E+00 6.487486E+00 6.221038E+00 6.094728E+00 5.758701E+00 5.014925E+00 4.044030E+00 3.345573E+00 2.880355E+00 2.528620E+00 2.238666E+00 2.007632E+00 1.860594E+00 6.511442E-01 
