3.617827E+07 2.503696E+07 2.042437E+07 1.643719E+07 1.584959E+07 1.461558E+07 1.303692E+07 1.196275E+07 1.122468E+07 1.068180E+07 1.025009E+07 9.565011E+06 9.020915E+06 8.579418E+06 8.224047E+06 7.939974E+06 7.711575E+06 7.523715E+06 6.804982E+06 5.989616E+06 5.024050E+06 4.071929E+06 3.243256E+06 2.566041E+06 1.596851E+06 9.798714E+05 5.833581E+05 3.363710E+05 1.912125E+05 1.096578E+05 
2.482712E+07 1.670386E+07 1.367038E+07 1.138281E+07 1.081231E+07 8.988277E+06 7.697282E+06 6.938526E+06 6.452447E+06 6.111819E+06 5.850429E+06 5.448578E+06 5.135499E+06 4.882632E+06 4.679242E+06 4.517026E+06 4.387444E+06 4.282084E+06 3.895227E+06 3.459762E+06 2.929335E+06 2.394900E+06 1.922260E+06 1.530639E+06 9.593791E+05 5.869830E+05 3.445563E+05 1.941090E+05 1.072624E+05 5.973036E+04 
2.788123E+07 1.887041E+07 1.541198E+07 1.273024E+07 1.218055E+07 1.049004E+07 9.095413E+06 8.240055E+06 7.680123E+06 7.281640E+06 6.972342E+06 6.492064E+06 6.115633E+06 5.811050E+06 5.565786E+06 5.369763E+06 5.212582E+06 5.084077E+06 4.605129E+06 4.068505E+06 3.425105E+06 2.783623E+06 2.220181E+06 1.755663E+06 1.082528E+06 6.489295E+05 3.718165E+05 2.040256E+05 1.098278E+05 5.969964E+04 
2.893142E+07 1.962428E+07 1.601421E+07 1.310980E+07 1.250237E+07 1.073992E+07 9.315285E+06 8.442275E+06 7.871299E+06 7.465747E+06 7.151936E+06 6.667519E+06 6.291239E+06 5.989697E+06 5.749452E+06 5.559711E+06 5.409528E+06 5.288322E+06 4.841721E+06 4.319428E+06 3.670102E+06 3.009109E+06 2.420198E+06 1.929179E+06 1.207712E+06 7.346642E+05 4.270447E+05 2.376054E+05 1.295560E+05 7.122736E+04 
5.919906E+07 4.376243E+07 3.605667E+07 2.725380E+07 2.555974E+07 2.413959E+07 2.219398E+07 2.070718E+07 1.962946E+07 1.881212E+07 1.815210E+07 1.710479E+07 1.629536E+07 1.567063E+07 1.519941E+07 1.484927E+07 1.458751E+07 1.438472E+07 1.357572E+07 1.237221E+07 1.074628E+07 9.025332E+06 7.447477E+06 6.100795E+06 4.065450E+06 2.673007E+06 1.706089E+06 1.051860E+06 6.351810E+05 3.836601E+05 
2.406243E+07 1.616074E+07 1.324549E+07 1.122314E+07 1.077201E+07 9.146214E+06 7.873414E+06 7.110932E+06 6.617768E+06 6.269514E+06 6.000482E+06 5.583729E+06 5.256586E+06 4.990800E+06 4.775858E+06 4.603536E+06 4.465238E+06 4.352409E+06 3.940939E+06 3.491281E+06 2.950754E+06 2.408784E+06 1.930614E+06 1.534983E+06 9.587362E+05 5.839576E+05 3.408972E+05 1.908754E+05 1.048308E+05 5.804867E+04 
3.711005E+07 2.572403E+07 2.096774E+07 1.658902E+07 1.576733E+07 1.402730E+07 1.239330E+07 1.133233E+07 1.061922E+07 1.010479E+07 9.704016E+06 9.087382E+06 8.617474E+06 8.251983E+06 7.971513E+06 7.759598E+06 7.599988E+06 7.477523E+06 7.041858E+06 6.436195E+06 5.595436E+06 4.691944E+06 3.859611E+06 3.148774E+06 2.075188E+06 1.342675E+06 8.389273E+05 5.046654E+05 2.971989E+05 1.753372E+05 
2.382515E+07 1.600267E+07 1.313716E+07 1.137343E+07 1.109420E+07 9.789355E+06 8.515336E+06 7.720823E+06 7.196359E+06 6.819812E+06 6.524610E+06 6.059379E+06 5.687823E+06 5.381841E+06 5.131140E+06 4.927341E+06 4.761368E+06 4.624037E+06 4.118496E+06 3.597308E+06 3.001064E+06 2.420008E+06 1.917333E+06 1.508007E+06 9.237819E+05 5.535675E+05 3.189573E+05 1.768354E+05 9.644467E+04 5.315946E+04 
1.979929E+07 1.321742E+07 1.086884E+07 9.074908E+06 8.434641E+06 6.477657E+06 5.405991E+06 4.823159E+06 4.464073E+06 4.218664E+06 4.032945E+06 3.748091E+06 3.522861E+06 3.336561E+06 3.182531E+06 3.055921E+06 2.951480E+06 2.863801E+06 2.528769E+06 2.180270E+06 1.791846E+06 1.422427E+06 1.109343E+06 8.590031E+05 5.102847E+05 2.965604E+05 1.656924E+05 8.911432E+04 4.721932E+04 2.534856E+04 
2.849986E+07 1.935992E+07 1.581155E+07 1.293260E+07 1.229046E+07 1.043531E+07 9.015265E+06 8.155361E+06 7.595309E+06 7.197646E+06 6.888941E+06 6.407766E+06 6.027392E+06 5.716231E+06 5.462259E+06 5.255843E+06 5.086969E+06 4.945806E+06 4.399465E+06 3.810882E+06 3.146183E+06 2.510928E+06 1.971098E+06 1.538767E+06 9.355525E+05 5.633436E+05 3.304032E+05 1.883272E+05 1.061154E+05 6.043940E+04 
3.330377E+07 2.286298E+07 1.864128E+07 1.499491E+07 1.430383E+07 1.259550E+07 1.105100E+07 1.006907E+07 9.415635E+06 8.946496E+06 8.581115E+06 8.015304E+06 7.576990E+06 7.228304E+06 6.953150E+06 6.738162E+06 6.569869E+06 6.435435E+06 5.942571E+06 5.345075E+06 4.583960E+06 3.799117E+06 3.094151E+06 2.502950E+06 1.627350E+06 1.041918E+06 6.453948E+05 3.853852E+05 2.255231E+05 1.323371E+05 
4.550735E+07 3.227230E+07 2.636426E+07 2.046217E+07 1.947945E+07 1.817620E+07 1.643624E+07 1.519943E+07 1.433445E+07 1.369473E+07 1.318816E+07 1.240031E+07 1.180105E+07 1.134230E+07 1.099937E+07 1.074921E+07 1.056881E+07 1.043699E+07 9.987300E+06 9.260456E+06 8.167533E+06 6.946924E+06 5.793481E+06 4.788984E+06 3.237120E+06 2.148709E+06 1.378444E+06 8.511594E+05 5.135609E+05 3.095464E+05 
3.568901E+07 2.464874E+07 2.009119E+07 1.598272E+07 1.520636E+07 1.346694E+07 1.186644E+07 1.083686E+07 1.014807E+07 9.652618E+06 9.267173E+06 8.673942E+06 8.220434E+06 7.865875E+06 7.592030E+06 7.383552E+06 7.225207E+06 7.102684E+06 6.665248E+06 6.075493E+06 5.269610E+06 4.409962E+06 3.621879E+06 2.951438E+06 1.943472E+06 1.258776E+06 7.885920E+05 4.761000E+05 2.814584E+05 1.666479E+05 
4.373206E+07 3.090572E+07 2.524422E+07 1.969067E+07 1.875914E+07 1.737929E+07 1.564392E+07 1.442826E+07 1.358124E+07 1.295388E+07 1.245420E+07 1.166584E+07 1.105018E+07 1.056246E+07 1.018101E+07 9.885572E+06 9.655433E+06 9.471186E+06 8.759707E+06 7.842338E+06 6.674416E+06 5.479888E+06 4.415610E+06 3.530978E+06 2.242495E+06 1.406648E+06 8.587704E+05 5.088383E+05 2.971235E+05 1.746199E+05 
2.949160E+07 2.002163E+07 1.633332E+07 1.335791E+07 1.276015E+07 1.104553E+07 9.608347E+06 8.719950E+06 8.136871E+06 7.722107E+06 7.401183E+06 6.906873E+06 6.524870E+06 6.220798E+06 5.980568E+06 5.792814E+06 5.646062E+06 5.529273E+06 5.107738E+06 4.597541E+06 3.940428E+06 3.257449E+06 2.640183E+06 2.119668E+06 1.344239E+06 8.271269E+05 4.857315E+05 2.727121E+05 1.498619E+05 8.293282E+04 
5.135985E+07 3.706716E+07 3.037521E+07 2.325685E+07 2.200779E+07 2.071757E+07 1.889438E+07 1.755118E+07 1.659553E+07 1.588051E+07 1.530956E+07 1.441525E+07 1.373305E+07 1.321215E+07 1.282463E+07 1.254314E+07 1.234025E+07 1.219095E+07 1.164904E+07 1.075306E+07 9.433950E+06 7.980084E+06 6.617858E+06 5.439645E+06 3.637625E+06 2.393275E+06 1.526144E+06 9.394413E+05 5.663484E+05 3.415614E+05 
4.134991E+07 2.900275E+07 2.367089E+07 1.869787E+07 1.796885E+07 1.688785E+07 1.523443E+07 1.405931E+07 1.323725E+07 1.262666E+07 1.213876E+07 1.136445E+07 1.075423E+07 1.026596E+07 9.880028E+06 9.578007E+06 9.340671E+06 9.149740E+06 8.432173E+06 7.561641E+06 6.469789E+06 5.353319E+06 4.354619E+06 3.519189E+06 2.285807E+06 1.464889E+06 9.104319E+05 5.465588E+05 3.219129E+05 1.901796E+05 
3.863158E+07 2.690489E+07 2.193669E+07 1.723481E+07 1.633073E+07 1.450912E+07 1.282959E+07 1.173604E+07 1.099921E+07 1.046638E+07 1.005022E+07 9.407531E+06 8.915352E+06 8.530526E+06 8.233170E+06 8.006208E+06 7.832739E+06 7.697022E+06 7.192913E+06 6.512450E+06 5.604399E+06 4.650918E+06 3.786439E+06 3.057692E+06 1.976018E+06 1.255795E+06 7.725561E+05 4.589006E+05 2.676241E+05 1.567435E+05 
2.954281E+07 2.007736E+07 1.639517E+07 1.359836E+07 1.315714E+07 1.178381E+07 1.035273E+07 9.432396E+06 8.816525E+06 8.371496E+06 8.022147E+06 7.474273E+06 7.042468E+06 6.692984E+06 6.412194E+06 6.188614E+06 6.010209E+06 5.865179E+06 5.330842E+06 4.727849E+06 3.994835E+06 3.257531E+06 2.606376E+06 2.067743E+06 1.285133E+06 7.793472E+05 4.537397E+05 2.539060E+05 1.396224E+05 7.751161E+04 
2.545202E+07 1.714484E+07 1.403733E+07 1.185352E+07 1.142526E+07 9.883508E+06 8.560977E+06 7.749863E+06 7.218466E+06 6.839287E+06 6.543731E+06 6.081334E+06 5.715065E+06 5.415612E+06 5.172006E+06 4.975402E+06 4.816401E+06 4.685615E+06 4.203276E+06 3.687888E+06 3.083714E+06 2.487357E+06 1.967225E+06 1.541289E+06 9.310197E+05 5.458380E+05 3.058239E+05 1.643337E+05 8.685628E+04 4.650349E+04 
2.898557E+07 1.969315E+07 1.607191E+07 1.306920E+07 1.238724E+07 1.047872E+07 9.051883E+06 8.191696E+06 7.633670E+06 7.239803E+06 6.936626E+06 6.471229E+06 6.111500E+06 5.824149E+06 5.595841E+06 5.416042E+06 5.274155E+06 5.159969E+06 4.739240E+06 4.240144E+06 3.614797E+06 2.976787E+06 2.408590E+06 1.935666E+06 1.242210E+06 7.849116E+05 4.797832E+05 2.828447E+05 1.635919E+05 9.501898E+04 
2.732188E+07 1.846304E+07 1.508111E+07 1.246240E+07 1.190065E+07 1.016539E+07 8.789481E+06 7.954146E+06 7.410283E+06 7.024946E+06 6.727038E+06 6.266652E+06 5.907616E+06 5.618326E+06 5.386418E+06 5.202063E+06 5.055192E+06 4.935978E+06 4.496676E+06 3.996302E+06 3.384158E+06 2.765912E+06 2.217769E+06 1.762347E+06 1.095862E+06 6.612749E+05 3.807109E+05 2.095654E+05 1.130140E+05 6.148231E+04 
2.426407E+07 1.630664E+07 1.336281E+07 1.130422E+07 1.084564E+07 9.207052E+06 7.923058E+06 7.152494E+06 6.652891E+06 6.298802E+06 6.023938E+06 5.594671E+06 5.253882E+06 4.973807E+06 4.744358E+06 4.557565E+06 4.404952E+06 4.278018E+06 3.801010E+06 3.302361E+06 2.737143E+06 2.191884E+06 1.723949E+06 1.345355E+06 8.093874E+05 4.741874E+05 2.658241E+05 1.428883E+05 7.547892E+04 4.034964E+04 
2.792370E+07 1.892606E+07 1.545087E+07 1.257525E+07 1.187761E+07 9.897971E+06 8.501655E+06 7.672198E+06 7.136845E+06 6.759478E+06 6.468661E+06 6.020165E+06 5.670541E+06 5.388592E+06 5.162241E+06 4.981945E+06 4.837926E+06 4.720637E+06 4.284206E+06 3.785222E+06 3.177647E+06 2.567441E+06 2.029883E+06 1.586796E+06 9.490011E+05 5.473733E+05 3.003857E+05 1.578113E+05 8.161010E+04 4.285972E+04 
2.505210E+07 1.687292E+07 1.380573E+07 1.144612E+07 1.084443E+07 8.965568E+06 7.663970E+06 6.900823E+06 6.411398E+06 6.067403E+06 5.802294E+06 5.391735E+06 5.068634E+06 4.805050E+06 4.590751E+06 4.417768E+06 4.277744E+06 4.162355E+06 3.732331E+06 3.266949E+06 2.721245E+06 2.183899E+06 1.716498E+06 1.334835E+06 7.910218E+05 4.522766E+05 2.458601E+05 1.278010E+05 6.533485E+04 3.391265E+04 
2.369431E+07 1.590292E+07 1.302848E+07 1.091275E+07 1.035940E+07 8.541380E+06 7.288578E+06 6.558927E+06 6.093232E+06 5.767271E+06 5.516905E+06 5.130369E+06 4.826724E+06 4.579088E+06 4.377704E+06 4.215067E+06 4.083332E+06 3.974683E+06 3.568842E+06 3.130044E+06 2.617219E+06 2.113272E+06 1.675140E+06 1.316923E+06 8.030916E+05 4.762786E+05 2.699391E+05 1.465028E+05 7.802042E+04 4.198483E+04 
4.154437E+07 2.917133E+07 2.380034E+07 1.851426E+07 1.748992E+07 1.562241E+07 1.387440E+07 1.272042E+07 1.193753E+07 1.136907E+07 1.092417E+07 1.023726E+07 9.713490E+06 9.307102E+06 8.996213E+06 8.761666E+06 8.584602E+06 8.447637E+06 7.937460E+06 7.216010E+06 6.233604E+06 5.192599E+06 4.243274E+06 3.439594E+06 2.241162E+06 1.438378E+06 8.951888E+05 5.384156E+05 3.178288E+05 1.881937E+05 
4.650552E+07 3.311699E+07 2.707544E+07 2.091459E+07 1.982081E+07 1.830982E+07 1.650651E+07 1.523847E+07 1.435307E+07 1.369684E+07 1.317445E+07 1.235201E+07 1.171257E+07 1.120882E+07 1.081728E+07 1.051592E+07 1.028253E+07 1.009657E+07 9.380237E+06 8.447983E+06 7.251191E+06 6.016726E+06 4.906645E+06 3.974535E+06 2.593498E+06 1.671228E+06 1.045772E+06 6.326549E+05 3.755137E+05 2.234279E+05 
2.782999E+07 1.884160E+07 1.539112E+07 1.271713E+07 1.216652E+07 1.047300E+07 9.080524E+06 8.227335E+06 7.669284E+06 7.272545E+06 6.964992E+06 6.488459E+06 6.116151E+06 5.815929E+06 5.575106E+06 5.383493E+06 5.230639E+06 5.106356E+06 4.646817E+06 4.125292E+06 3.490696E+06 2.852258E+06 2.288109E+06 1.820894E+06 1.139850E+06 6.965255E+05 4.084473E+05 2.299660E+05 1.270596E+05 7.077505E+04 
3.429401E+07 2.363786E+07 1.926207E+07 1.513846E+07 1.416074E+07 1.187601E+07 1.027449E+07 9.305496E+06 8.674076E+06 8.226801E+06 7.881598E+06 7.350471E+06 6.939385E+06 6.610618E+06 6.348363E+06 6.139847E+06 5.972454E+06 5.834321E+06 5.286596E+06 4.636903E+06 3.866373E+06 3.112289E+06 2.461573E+06 1.934333E+06 1.189114E+06 7.227606E+05 4.275150E+05 2.455796E+05 1.393270E+05 7.981568E+04 
2.329604E+07 1.563011E+07 1.280440E+07 1.064886E+07 1.003307E+07 8.103921E+06 6.872948E+06 6.169583E+06 5.724864E+06 5.415545E+06 5.178907E+06 4.814272E+06 4.527416E+06 4.292581E+06 4.100627E+06 3.944613E+06 3.817269E+06 3.711334E+06 3.308924E+06 2.878515E+06 2.386679E+06 1.911216E+06 1.502979E+06 1.172683E+06 7.052090E+05 4.129671E+05 2.313739E+05 1.242738E+05 6.557720E+04 3.501004E+04 
2.996011E+07 2.040167E+07 1.664255E+07 1.346388E+07 1.275201E+07 1.082319E+07 9.366849E+06 8.484265E+06 7.910292E+06 7.504661E+06 7.192318E+06 6.713209E+06 6.343758E+06 6.049630E+06 5.816883E+06 5.634422E+06 5.491125E+06 5.376325E+06 4.953988E+06 4.443882E+06 3.797401E+06 3.133953E+06 2.540787E+06 2.045561E+06 1.316737E+06 8.340434E+05 5.108204E+05 3.016145E+05 1.746639E+05 1.015490E+05 
4.698195E+07 3.350185E+07 2.739107E+07 2.103135E+07 1.980562E+07 1.797161E+07 1.611708E+07 1.484746E+07 1.397087E+07 1.332687E+07 1.281866E+07 1.202860E+07 1.142454E+07 1.095687E+07 1.060052E+07 1.033260E+07 1.013057E+07 9.973921E+06 9.379360E+06 8.535682E+06 7.395314E+06 6.188802E+06 5.086380E+06 4.149586E+06 2.742064E+06 1.786035E+06 1.127718E+06 6.872129E+05 4.102112E+05 2.451202E+05 
2.558942E+07 1.724818E+07 1.411299E+07 1.178029E+07 1.125146E+07 9.520259E+06 8.196191E+06 7.401911E+06 6.887047E+06 6.522596E+06 6.240386E+06 5.801939E+06 5.456781E+06 5.175769E+06 4.947993E+06 4.764801E+06 4.617126E+06 4.495959E+06 4.047469E+06 3.558045E+06 2.977641E+06 2.401898E+06 1.898490E+06 1.485732E+06 8.942724E+05 5.218928E+05 2.910059E+05 1.556958E+05 8.200684E+04 4.379685E+04 
3.953404E+07 2.759411E+07 2.250764E+07 1.777120E+07 1.697558E+07 1.551154E+07 1.384222E+07 1.271007E+07 1.193281E+07 1.136253E+07 1.091113E+07 1.020172E+07 9.647084E+06 9.204902E+06 8.855843E+06 8.582594E+06 8.367514E+06 8.193948E+06 7.532528E+06 6.723162E+06 5.714192E+06 4.690003E+06 3.779945E+06 3.023313E+06 1.916506E+06 1.192482E+06 7.165902E+05 4.153996E+05 2.366920E+05 1.358063E+05 
2.446978E+07 1.644857E+07 1.348067E+07 1.146494E+07 1.106109E+07 9.534092E+06 8.242649E+06 7.455467E+06 6.941363E+06 6.575252E+06 6.290214E+06 5.844462E+06 5.491098E+06 5.201736E+06 4.965906E+06 4.775238E+06 4.620810E+06 4.493666E+06 4.026082E+06 3.531410E+06 2.953992E+06 2.384798E+06 1.888496E+06 1.481937E+06 8.985374E+05 5.289313E+05 2.974785E+05 1.603565E+05 8.495606E+04 4.555988E+04 
3.164095E+07 2.159270E+07 1.759157E+07 1.408775E+07 1.331179E+07 1.132539E+07 9.820329E+06 8.902473E+06 8.303649E+06 7.880027E+06 7.554253E+06 7.057195E+06 6.677923E+06 6.379814E+06 6.147374E+06 5.968193E+06 5.830048E+06 5.721398E+06 5.326052E+06 4.815403E+06 4.139071E+06 3.428329E+06 2.781850E+06 2.234171E+06 1.414441E+06 8.661741E+05 5.048900E+05 2.808509E+05 1.527920E+05 8.372401E+04 
2.411218E+07 1.619781E+07 1.328692E+07 1.141676E+07 1.108639E+07 9.692365E+06 8.412655E+06 7.622592E+06 7.104051E+06 6.733770E+06 6.445061E+06 5.993361E+06 5.635620E+06 5.343208E+06 5.105480E+06 4.913896E+06 4.759360E+06 4.632747E+06 4.172529E+06 3.684519E+06 3.107945E+06 2.534218E+06 2.030179E+06 1.614333E+06 1.010235E+06 6.178362E+05 3.628211E+05 2.046135E+05 1.132346E+05 6.316602E+04 
3.603840E+07 2.490740E+07 2.031012E+07 1.630848E+07 1.568759E+07 1.436178E+07 1.278863E+07 1.173192E+07 1.101170E+07 1.048676E+07 1.007393E+07 9.430812E+06 8.933481E+06 8.541554E+06 8.236872E+06 8.003556E+06 7.825445E+06 7.687162E+06 7.200022E+06 6.564356E+06 5.700695E+06 4.778947E+06 3.932897E+06 3.212391E+06 2.127930E+06 1.389589E+06 8.796494E+05 5.372865E+05 3.213199E+05 1.922691E+05 
3.771958E+07 2.620393E+07 2.137386E+07 1.705922E+07 1.639199E+07 1.509303E+07 1.347776E+07 1.237713E+07 1.162100E+07 1.106563E+07 1.062502E+07 9.928881E+06 9.379735E+06 8.937622E+06 8.585003E+06 8.306097E+06 8.084480E+06 7.904398E+06 7.226693E+06 6.437904E+06 5.474773E+06 4.504532E+06 3.645819E+06 2.933698E+06 1.893324E+06 1.208914E+06 7.502920E+05 4.504922E+05 2.655798E+05 1.570762E+05 
2.781589E+07 1.883402E+07 1.538088E+07 1.263822E+07 1.203229E+07 1.022684E+07 8.833482E+06 7.990014E+06 7.440927E+06 7.051613E+06 6.750325E+06 6.284048E+06 5.919901E+06 5.626235E+06 5.390668E+06 5.203292E+06 5.053914E+06 4.932570E+06 4.484300E+06 3.972511E+06 3.346601E+06 2.715569E+06 2.157823E+06 1.696616E+06 1.029062E+06 6.039381E+05 3.380399E+05 1.812700E+05 9.557745E+04 5.105560E+04 
2.624297E+07 1.768797E+07 1.445765E+07 1.200971E+07 1.146489E+07 9.727649E+06 8.388315E+06 7.582936E+06 7.061237E+06 6.693020E+06 6.409236E+06 5.972151E+06 5.632368E+06 5.359299E+06 5.141069E+06 4.968326E+06 4.831494E+06 4.721208E+06 4.320532E+06 3.858647E+06 3.282949E+06 2.694685E+06 2.168940E+06 1.729409E+06 1.081412E+06 6.552535E+05 3.783078E+05 2.085977E+05 1.125868E+05 6.126478E+04 
2.026774E+07 1.352690E+07 1.112165E+07 9.368460E+06 8.782980E+06 6.898287E+06 5.794358E+06 5.182815E+06 4.802669E+06 4.541495E+06 4.343423E+06 4.040182E+06 3.802119E+06 3.607059E+06 3.447563E+06 3.318159E+06 3.213018E+06 3.126199E+06 2.804357E+06 2.461174E+06 2.060459E+06 1.665969E+06 1.322420E+06 1.041120E+06 6.367471E+05 3.786608E+05 2.151042E+05 1.169348E+05 6.233113E+04 3.354942E+04 
3.433951E+07 2.360074E+07 1.924311E+07 1.563063E+07 1.512694E+07 1.394846E+07 1.242056E+07 1.138794E+07 1.068182E+07 1.016500E+07 9.756296E+06 9.113327E+06 8.608546E+06 8.203775E+06 7.882454E+06 7.630026E+06 7.431385E+06 7.271972E+06 6.688277E+06 5.997049E+06 5.126417E+06 4.231756E+06 3.428529E+06 2.754367E+06 1.754976E+06 1.090482E+06 6.499051E+05 3.716446E+05 2.083264E+05 1.175579E+05 
3.469161E+07 2.391450E+07 1.950197E+07 1.564835E+07 1.496350E+07 1.336706E+07 1.179590E+07 1.077580E+07 1.008986E+07 9.593649E+06 9.205019E+06 8.600492E+06 8.131691E+06 7.759915E+06 7.468313E+06 7.242433E+06 7.067547E+06 6.929575E+06 6.431444E+06 5.803518E+06 4.976935E+06 4.110052E+06 3.324106E+06 2.662107E+06 1.684202E+06 1.043536E+06 6.255472E+05 3.631032E+05 2.079073E+05 1.201357E+05 
3.140630E+07 2.144166E+07 1.746844E+07 1.390049E+07 1.304436E+07 1.088537E+07 9.384683E+06 8.487264E+06 7.906881E+06 7.498710E+06 7.186172E+06 6.711208E+06 6.349868E+06 6.066294E+06 5.845402E+06 5.675206E+06 5.543943E+06 5.440519E+06 5.058427E+06 4.556946E+06 3.894385E+06 3.202182E+06 2.576984E+06 2.051640E+06 1.276395E+06 7.694699E+05 4.429356E+05 2.442090E+05 1.321217E+05 7.217963E+04 
2.990337E+07 2.035594E+07 1.660406E+07 1.342793E+07 1.271178E+07 1.077073E+07 9.314730E+06 8.432934E+06 7.859013E+06 7.452835E+06 7.139566E+06 6.658059E+06 6.286012E+06 5.989360E+06 5.754184E+06 5.569304E+06 5.423491E+06 5.305979E+06 4.865689E+06 4.332787E+06 3.666001E+06 2.989079E+06 2.389357E+06 1.892981E+06 1.173031E+06 7.098935E+05 4.131160E+05 2.314327E+05 1.275368E+05 7.097876E+04 
4.025688E+07 2.815205E+07 2.297610E+07 1.831701E+07 1.773461E+07 1.695668E+07 1.537339E+07 1.422228E+07 1.341143E+07 1.280730E+07 1.232400E+07 1.155792E+07 1.095750E+07 1.048159E+07 1.011063E+07 9.825867E+06 9.607630E+06 9.437157E+06 8.826238E+06 8.037158E+06 6.982283E+06 5.865343E+06 4.844389E+06 3.977272E+06 2.674991E+06 1.785766E+06 1.161816E+06 7.307494E+05 4.493733E+05 2.755725E+05 
2.298497E+07 1.541465E+07 1.265080E+07 1.077595E+07 1.032684E+07 8.675809E+06 7.436204E+06 6.701553E+06 6.227944E+06 5.893407E+06 5.634219E+06 5.229800E+06 4.908586E+06 4.644331E+06 4.427726E+06 4.251481E+06 4.107768E+06 3.988660E+06 3.547341E+06 3.089171E+06 2.565085E+06 2.055127E+06 1.614715E+06 1.256871E+06 7.491188E+05 4.328727E+05 2.387247E+05 1.261645E+05 6.559532E+04 3.458563E+04 
4.228929E+07 2.974657E+07 2.428238E+07 1.904699E+07 1.820093E+07 1.689326E+07 1.519118E+07 1.400133E+07 1.317413E+07 1.256244E+07 1.207560E+07 1.130682E+07 1.070444E+07 1.022484E+07 9.847538E+06 9.553565E+06 9.323434E+06 9.138791E+06 8.441624E+06 7.581533E+06 6.495894E+06 5.382844E+06 4.385521E+06 3.550163E+06 2.314948E+06 1.490688E+06 9.316339E+05 5.625551E+05 3.331615E+05 1.977719E+05 
3.086030E+07 2.102189E+07 1.713923E+07 1.390330E+07 1.325480E+07 1.149859E+07 1.001992E+07 9.100566E+06 8.495253E+06 8.063808E+06 7.729613E+06 7.214760E+06 6.817343E+06 6.501598E+06 6.252611E+06 6.058277E+06 5.906447E+06 5.785512E+06 5.344945E+06 4.807107E+06 4.115843E+06 3.399076E+06 2.752376E+06 2.207754E+06 1.397749E+06 8.587700E+05 5.036811E+05 2.825090E+05 1.551311E+05 8.580438E+04 
2.726078E+07 1.843661E+07 1.507586E+07 1.263374E+07 1.220573E+07 1.074456E+07 9.375610E+06 8.518656E+06 7.953193E+06 7.548997E+06 7.234568E+06 6.746294E+06 6.364828E+06 6.057927E+06 5.812850E+06 5.619289E+06 5.466568E+06 5.344202E+06 4.909203E+06 4.412061E+06 3.785076E+06 3.138534E+06 2.557376E+06 2.069638E+06 1.346105E+06 8.609848E+05 5.318691E+05 3.162944E+05 1.842098E+05 1.075763E+05 
3.682180E+07 2.551380E+07 2.081291E+07 1.675464E+07 1.620146E+07 1.512103E+07 1.354877E+07 1.245939E+07 1.170603E+07 1.115007E+07 1.070716E+07 1.000373E+07 9.445627E+06 8.994049E+06 8.632190E+06 8.344717E+06 8.115413E+06 7.928565E+06 7.227904E+06 6.426246E+06 5.455124E+06 4.480339E+06 3.619605E+06 2.907081E+06 1.868372E+06 1.187253E+06 7.328919E+05 4.376264E+05 2.566762E+05 1.511399E+05 
3.304905E+07 2.268485E+07 1.850866E+07 1.505906E+07 1.451208E+07 1.312576E+07 1.160735E+07 1.060995E+07 9.935816E+06 9.445813E+06 9.059953E+06 8.454504E+06 7.979109E+06 7.596944E+06 7.292456E+06 7.052212E+06 6.862241E+06 6.708991E+06 6.141907E+06 5.472341E+06 4.637999E+06 3.789860E+06 3.037361E+06 2.414278E+06 1.511701E+06 9.318163E+05 5.575097E+05 3.234504E+05 1.851500E+05 1.069259E+05 
2.708578E+07 1.831133E+07 1.493903E+07 1.201100E+07 1.119650E+07 8.990432E+06 7.637697E+06 6.863907E+06 6.374765E+06 6.035744E+06 5.778174E+06 5.386854E+06 5.085631E+06 4.844559E+06 4.652096E+06 4.499415E+06 4.377695E+06 4.278436E+06 3.899139E+06 3.448778E+06 2.899202E+06 2.349705E+06 1.867565E+06 1.471055E+06 8.993457E+05 5.342864E+05 3.033228E+05 1.649228E+05 8.799608E+04 4.743574E+04 
3.915567E+07 2.730545E+07 2.227506E+07 1.767471E+07 1.695456E+07 1.565612E+07 1.401305E+07 1.288402E+07 1.210539E+07 1.153233E+07 1.107734E+07 1.035894E+07 9.793782E+06 9.340604E+06 8.980901E+06 8.697890E+06 8.474198E+06 8.293264E+06 7.612054E+06 6.802477E+06 5.801234E+06 4.785623E+06 3.882404E+06 3.130424E+06 2.026547E+06 1.296388E+06 8.052267E+05 4.834981E+05 2.849325E+05 1.684358E+05 
1.665522E+07 1.108287E+07 9.168928E+06 7.791950E+06 7.211331E+06 5.391170E+06 4.456603E+06 3.961217E+06 3.659666E+06 3.454687E+06 3.299520E+06 3.059550E+06 2.866552E+06 2.703986E+06 2.567177E+06 2.452809E+06 2.357012E+06 2.275608E+06 1.966024E+06 1.666535E+06 1.350293E+06 1.058319E+06 8.154828E+05 6.239460E+05 3.612286E+05 2.035646E+05 1.095803E+05 5.648347E+04 2.861510E+04 1.469896E+04 
2.657561E+07 1.796090E+07 1.466295E+07 1.183775E+07 1.104774E+07 8.873831E+06 7.536353E+06 6.771671E+06 6.288259E+06 5.952893E+06 5.697600E+06 5.308116E+06 5.006305E+06 4.763008E+06 4.567194E+06 4.410426E+06 4.284184E+06 4.180199E+06 3.779280E+06 3.317793E+06 2.769701E+06 2.230747E+06 1.763708E+06 1.383701E+06 8.431286E+05 5.028158E+05 2.886211E+05 1.595706E+05 8.684339E+04 4.777875E+04 
2.851207E+07 1.935123E+07 1.580224E+07 1.296003E+07 1.235222E+07 1.057399E+07 9.162458E+06 8.301817E+06 7.740360E+06 7.342253E+06 7.034542E+06 6.559856E+06 6.191155E+06 5.895623E+06 5.660182E+06 5.474360E+06 5.327481E+06 5.209175E+06 4.774815E+06 4.263808E+06 3.625092E+06 2.974408E+06 2.396025E+06 1.915873E+06 1.215706E+06 7.591157E+05 4.588251E+05 2.678676E+05 1.537253E+05 8.876157E+04 
3.487940E+07 2.399909E+07 1.955295E+07 1.562468E+07 1.490220E+07 1.322585E+07 1.164599E+07 1.062762E+07 9.945144E+06 9.453033E+06 9.069023E+06 8.474968E+06 8.017267E+06 7.656095E+06 7.373863E+06 7.155763E+06 6.987012E+06 6.853653E+06 6.364135E+06 5.739527E+06 4.922270E+06 4.069026E+06 3.296272E+06 2.643939E+06 1.672153E+06 1.025629E+06 6.005119E+05 3.363550E+05 1.845353E+05 1.020284E+05 
2.907533E+07 1.976022E+07 1.612654E+07 1.310853E+07 1.242432E+07 1.051399E+07 9.082841E+06 8.218614E+06 7.656934E+06 7.259630E+06 6.953101E+06 6.481088E+06 6.114931E+06 5.821502E+06 5.587521E+06 5.402388E+06 5.255382E+06 5.136151E+06 4.688220E+06 4.158806E+06 3.506845E+06 2.850588E+06 2.272596E+06 1.796516E+06 1.110137E+06 6.715394E+05 3.915429E+05 2.201706E+05 1.219096E+05 6.818645E+04 
2.625596E+07 1.769660E+07 1.447754E+07 1.222284E+07 1.183203E+07 1.040096E+07 9.059159E+06 8.221609E+06 7.669157E+06 7.273741E+06 6.965317E+06 6.483776E+06 6.104414E+06 5.796409E+06 5.547865E+06 5.349127E+06 5.190059E+06 5.060618E+06 4.590328E+06 4.074503E+06 3.450981E+06 2.822842E+06 2.266125E+06 1.803421E+06 1.125418E+06 6.820028E+05 3.945133E+05 2.182515E+05 1.182832E+05 6.465024E+04 
2.626634E+07 1.770433E+07 1.447434E+07 1.207574E+07 1.157126E+07 9.912101E+06 8.570132E+06 7.755218E+06 7.224815E+06 6.849065E+06 6.558542E+06 6.109389E+06 5.758848E+06 5.476202E+06 5.249564E+06 5.069514E+06 4.926343E+06 4.810521E+06 4.389315E+06 3.911975E+06 3.323437E+06 2.725037E+06 2.191729E+06 1.746697E+06 1.091736E+06 6.615946E+05 3.821792E+05 2.109087E+05 1.139472E+05 6.206964E+04 
3.080672E+07 2.097876E+07 1.710671E+07 1.393511E+07 1.333549E+07 1.168336E+07 1.021045E+07 9.284697E+06 8.672074E+06 8.233759E+06 7.893157E+06 7.366565E+06 6.958721E+06 6.633939E+06 6.377340E+06 6.176724E+06 6.019758E+06 5.894606E+06 5.439955E+06 4.889932E+06 4.185161E+06 3.455060E+06 2.796588E+06 2.242178E+06 1.417845E+06 8.696967E+05 5.090485E+05 2.848648E+05 1.560623E+05 8.613455E+04 
3.091778E+07 2.107795E+07 1.719529E+07 1.405981E+07 1.350352E+07 1.195273E+07 1.047854E+07 9.540347E+06 8.915553E+06 8.466146E+06 8.115154E+06 7.568921E+06 7.142682E+06 6.800955E+06 6.529000E+06 6.314548E+06 6.145046E+06 6.008379E+06 5.503970E+06 4.910685E+06 4.171922E+06 3.419930E+06 2.750472E+06 2.193048E+06 1.376099E+06 8.418800E+05 4.940027E+05 2.782876E+05 1.538595E+05 8.577504E+04 
2.666380E+07 1.802119E+07 1.473081E+07 1.216492E+07 1.157027E+07 9.748621E+06 8.392529E+06 7.581304E+06 7.056584E+06 6.686209E+06 6.400380E+06 5.958543E+06 5.612849E+06 5.332878E+06 5.106974E+06 4.925944E+06 4.780328E+06 4.660853E+06 4.211856E+06 3.709115E+06 3.110972E+06 2.519062E+06 2.003020E+06 1.580823E+06 9.756018E+05 5.901025E+05 3.439960E+05 1.932630E+05 1.068389E+05 5.963391E+04 
2.502552E+07 1.683077E+07 1.377855E+07 1.160462E+07 1.113941E+07 9.513618E+06 8.208532E+06 7.420287E+06 6.908336E+06 6.545739E+06 6.264990E+06 5.829121E+06 5.486398E+06 5.207698E+06 4.982099E+06 4.800977E+06 4.655310E+06 4.536144E+06 4.098744E+06 3.622461E+06 3.054404E+06 2.487435E+06 1.988391E+06 1.575971E+06 9.759383E+05 5.870679E+05 3.371404E+05 1.851950E+05 9.969696E+04 5.415837E+04 
3.980479E+07 2.777695E+07 2.266170E+07 1.809820E+07 1.753956E+07 1.677507E+07 1.520141E+07 1.405803E+07 1.325260E+07 1.265235E+07 1.217208E+07 1.141057E+07 1.081312E+07 1.033864E+07 9.967763E+06 9.682099E+06 9.462371E+06 9.290134E+06 8.671880E+06 7.881059E+06 6.828292E+06 5.715038E+06 4.697601E+06 3.832918E+06 2.532886E+06 1.648396E+06 1.038706E+06 6.311038E+05 3.754667E+05 2.236390E+05 
3.767646E+07 2.617838E+07 2.134771E+07 1.690702E+07 1.610968E+07 1.447449E+07 1.283237E+07 1.175032E+07 1.101749E+07 1.048527E+07 1.006783E+07 9.419545E+06 8.920073E+06 8.527855E+06 8.223974E+06 7.991924E+06 7.815058E+06 7.677670E+06 7.184714E+06 6.525450E+06 5.628481E+06 4.672777E+06 3.797424E+06 3.054398E+06 1.947188E+06 1.214773E+06 7.329648E+05 4.281166E+05 2.465415E+05 1.431793E+05 
3.429499E+07 2.361596E+07 1.925931E+07 1.548533E+07 1.481730E+07 1.323215E+07 1.167119E+07 1.065905E+07 9.978900E+06 9.487090E+06 9.101992E+06 8.502944E+06 8.038087E+06 7.668968E+06 7.378947E+06 7.153823E+06 6.979115E+06 6.840954E+06 6.341181E+06 5.715922E+06 4.897049E+06 4.040478E+06 3.265166E+06 2.612901E+06 1.650541E+06 1.020854E+06 6.105986E+05 3.535241E+05 2.018905E+05 1.163706E+05 
3.171765E+07 2.169968E+07 1.770063E+07 1.431781E+07 1.364813E+07 1.189339E+07 1.038903E+07 9.447240E+06 8.824785E+06 8.379581E+06 8.033436E+06 7.497213E+06 7.080438E+06 6.747185E+06 6.482547E+06 6.274233E+06 6.109760E+06 5.977126E+06 5.482416E+06 4.890642E+06 4.152782E+06 3.404048E+06 2.740715E+06 2.191730E+06 1.394652E+06 8.771116E+05 5.362852E+05 3.176335E+05 1.850785E+05 1.084111E+05 
4.383371E+07 3.092790E+07 2.525311E+07 1.981674E+07 1.904336E+07 1.814882E+07 1.649591E+07 1.528457E+07 1.442760E+07 1.378808E+07 1.327700E+07 1.247107E+07 1.184616E+07 1.135765E+07 1.098318E+07 1.070131E+07 1.049000E+07 1.032861E+07 9.756399E+06 8.953129E+06 7.828721E+06 6.610778E+06 5.479834E+06 4.506515E+06 3.020296E+06 1.989472E+06 1.266440E+06 7.758955E+05 4.646687E+05 2.782102E+05 
3.326832E+07 2.279595E+07 1.856839E+07 1.480942E+07 1.402015E+07 1.209090E+07 1.054258E+07 9.581417E+06 8.949015E+06 8.499325E+06 8.152560E+06 7.623387E+06 7.221235E+06 6.907371E+06 6.664894E+06 6.480074E+06 6.339449E+06 6.230394E+06 5.838486E+06 5.308945E+06 4.586669E+06 3.816784E+06 3.110528E+06 2.508677E+06 1.602201E+06 9.911628E+05 5.846942E+05 3.295972E+05 1.817766E+05 1.009141E+05 
2.840905E+07 1.923710E+07 1.570195E+07 1.291707E+07 1.234734E+07 1.064155E+07 9.235434E+06 8.372262E+06 7.807633E+06 7.406755E+06 7.096821E+06 6.619188E+06 6.249131E+06 5.953445E+06 5.718768E+06 5.534405E+06 5.389508E+06 5.273575E+06 4.853845E+06 4.355895E+06 3.723018E+06 3.069591E+06 2.481496E+06 1.987099E+06 1.253201E+06 7.661779E+05 4.466118E+05 2.487275E+05 1.355705E+05 7.444997E+04 
3.650488E+07 2.522843E+07 2.055442E+07 1.631007E+07 1.552731E+07 1.382457E+07 1.220078E+07 1.114547E+07 1.043518E+07 9.921419E+06 9.519515E+06 8.896124E+06 8.414670E+06 8.034093E+06 7.736062E+06 7.504987E+06 7.325314E+06 7.182418E+06 6.651906E+06 5.984912E+06 5.125013E+06 4.233611E+06 3.429162E+06 2.751323E+06 1.742533E+06 1.071094E+06 6.287387E+05 3.531158E+05 1.942345E+05 1.076430E+05 
3.342993E+07 2.293507E+07 1.867656E+07 1.473104E+07 1.380371E+07 1.158771E+07 1.002415E+07 9.079632E+06 8.465506E+06 8.032279E+06 7.700220E+06 7.196486E+06 6.815532E+06 6.519060E+06 6.290430E+06 6.116279E+06 5.983629E+06 5.880377E+06 5.500367E+06 4.978803E+06 4.273056E+06 3.527190E+06 2.848346E+06 2.274440E+06 1.421350E+06 8.590388E+05 4.948857E+05 2.726822E+05 1.472981E+05 8.031012E+04 
2.917295E+07 1.982037E+07 1.619395E+07 1.350314E+07 1.310537E+07 1.180762E+07 1.038768E+07 9.468412E+06 8.851077E+06 8.403519E+06 8.051011E+06 7.495706E+06 7.055790E+06 6.698171E+06 6.409662E+06 6.179043E+06 5.994404E+06 5.843966E+06 5.292864E+06 4.683225E+06 3.947271E+06 3.208361E+06 2.556449E+06 2.017963E+06 1.238861E+06 7.408205E+05 4.253629E+05 2.351660E+05 1.281039E+05 7.064073E+04 
3.109537E+07 2.119235E+07 1.728891E+07 1.422098E+07 1.375208E+07 1.241126E+07 1.094221E+07 9.984536E+06 9.339590E+06 8.871629E+06 8.503268E+06 7.924358E+06 7.467647E+06 7.097980E+06 6.800950E+06 6.564303E+06 6.375230E+06 6.221232E+06 5.651107E+06 5.009629E+06 4.233863E+06 3.454919E+06 2.766484E+06 2.195671E+06 1.362222E+06 8.203925E+05 4.716084E+05 2.593638E+05 1.398304E+05 7.609454E+04 
2.840242E+07 1.924502E+07 1.572444E+07 1.313928E+07 1.273503E+07 1.137830E+07 9.976195E+06 9.079101E+06 8.479867E+06 8.046952E+06 7.706807E+06 7.171964E+06 6.748455E+06 6.403856E+06 6.125415E+06 5.902436E+06 5.723581E+06 5.577619E+06 5.043088E+06 4.457161E+06 3.753925E+06 3.049554E+06 2.428491E+06 1.915183E+06 1.170901E+06 6.939063E+05 3.925289E+05 2.127071E+05 1.132395E+05 6.100007E+04 
3.939528E+07 2.745454E+07 2.239246E+07 1.784449E+07 1.722800E+07 1.624974E+07 1.465497E+07 1.352465E+07 1.273679E+07 1.215439E+07 1.169184E+07 1.096538E+07 1.040159E+07 9.958181E+06 9.615212E+06 9.354367E+06 9.156813E+06 9.004692E+06 8.472928E+06 7.762546E+06 6.781235E+06 5.723008E+06 4.743225E+06 3.901869E+06 2.619549E+06 1.730177E+06 1.104736E+06 6.787466E+05 4.074244E+05 2.443465E+05 
3.125070E+07 2.135085E+07 1.740967E+07 1.399349E+07 1.323901E+07 1.127991E+07 9.783988E+06 8.870998E+06 8.274909E+06 7.852537E+06 7.526811E+06 7.027026E+06 6.642281E+06 6.336844E+06 6.095886E+06 5.907507E+06 5.759854E+06 5.641636E+06 5.202760E+06 4.664315E+06 3.980627E+06 3.279770E+06 2.654151E+06 2.132801E+06 1.368070E+06 8.643052E+05 5.286566E+05 3.121143E+05 1.808812E+05 1.052910E+05 
3.336969E+07 2.291411E+07 1.869271E+07 1.519599E+07 1.465191E+07 1.329656E+07 1.177393E+07 1.076924E+07 1.008924E+07 9.594701E+06 9.205123E+06 8.593490E+06 8.112812E+06 7.726007E+06 7.417405E+06 7.173455E+06 6.980077E+06 6.823647E+06 6.243866E+06 5.569078E+06 4.736690E+06 3.893727E+06 3.146102E+06 2.525732E+06 1.619839E+06 1.025628E+06 6.301271E+05 3.742689E+05 2.183589E+05 1.279544E+05 
2.837109E+07 1.923695E+07 1.568330E+07 1.253134E+07 1.167649E+07 9.425184E+06 8.027174E+06 7.221767E+06 6.710718E+06 6.355757E+06 6.085889E+06 5.676355E+06 5.362257E+06 5.112057E+06 4.913319E+06 4.756478E+06 4.632061E+06 4.531016E+06 4.144049E+06 3.674969E+06 3.096181E+06 2.514380E+06 2.002163E+06 1.579854E+06 9.692064E+05 5.779264E+05 3.294604E+05 1.799419E+05 9.645042E+04 5.222094E+04 
3.091779E+07 2.106704E+07 1.718616E+07 1.409868E+07 1.358713E+07 1.213731E+07 1.066792E+07 9.722394E+06 9.089359E+06 8.632100E+06 8.273628E+06 7.713239E+06 7.273921E+06 6.920473E+06 6.638368E+06 6.415364E+06 6.238780E+06 6.096287E+06 5.573680E+06 4.967047E+06 4.213612E+06 3.446497E+06 2.763136E+06 2.193878E+06 1.360199E+06 8.181947E+05 4.700682E+05 2.586419E+05 1.396473E+05 7.615585E+04 
3.310981E+07 2.266925E+07 1.847105E+07 1.487186E+07 1.420283E+07 1.253234E+07 1.099887E+07 1.002177E+07 9.370852E+06 8.903434E+06 8.539767E+06 7.978547E+06 7.546630E+06 7.205751E+06 6.939317E+06 6.733548E+06 6.574669E+06 6.449616E+06 5.997795E+06 5.422913E+06 4.663641E+06 3.865468E+06 3.138862E+06 2.522802E+06 1.599825E+06 9.817443E+05 5.737989E+05 3.202293E+05 1.748540E+05 9.617795E+04 
2.904800E+07 1.974741E+07 1.611762E+07 1.309660E+07 1.240583E+07 1.047957E+07 9.046992E+06 8.183286E+06 7.622159E+06 7.225028E+06 6.918156E+06 6.443884E+06 6.073693E+06 5.774890E+06 5.534562E+06 5.342408E+06 5.187953E+06 5.061055E+06 4.577281E+06 4.026594E+06 3.371919E+06 2.726163E+06 2.164894E+06 1.707023E+06 1.053349E+06 6.389446E+05 3.747237E+05 2.123238E+05 1.185160E+05 6.679057E+04 
3.710604E+07 2.575498E+07 2.098760E+07 1.635822E+07 1.530531E+07 1.302191E+07 1.134915E+07 1.031725E+07 9.638949E+06 9.156995E+06 8.785898E+06 8.221636E+06 7.795872E+06 7.466635E+06 7.214958E+06 7.025208E+06 6.882225E+06 6.771991E+06 6.363278E+06 5.775317E+06 4.966107E+06 4.106290E+06 3.322960E+06 2.661973E+06 1.685338E+06 1.045806E+06 6.281549E+05 3.652582E+05 2.093513E+05 1.209846E+05 
2.346836E+07 1.575063E+07 1.290905E+07 1.083434E+07 1.028797E+07 8.475937E+06 7.228588E+06 6.502641E+06 6.039261E+06 5.714622E+06 5.464838E+06 5.077842E+06 4.772185E+06 4.521457E+06 4.316234E+06 4.149269E+06 4.012919E+06 3.899531E+06 3.472085E+06 3.021340E+06 2.508127E+06 2.011940E+06 1.585488E+06 1.240024E+06 7.499803E+05 4.422840E+05 2.498582E+05 1.354313E+05 7.213548E+04 3.885806E+04 
4.383975E+07 3.095637E+07 2.528024E+07 1.977971E+07 1.893018E+07 1.780383E+07 1.610700E+07 1.489004E+07 1.403536E+07 1.339976E+07 1.289240E+07 1.209104E+07 1.146582E+07 1.097213E+07 1.058822E+07 1.029345E+07 1.006666E+07 9.888008E+06 9.224901E+06 8.361310E+06 7.225780E+06 6.035445E+06 4.952986E+06 4.035870E+06 2.661075E+06 1.728630E+06 1.087563E+06 6.599363E+05 3.922180E+05 2.334322E+05 
3.122132E+07 2.128109E+07 1.734994E+07 1.409750E+07 1.348173E+07 1.181695E+07 1.033232E+07 9.397814E+06 8.778983E+06 8.336150E+06 7.992129E+06 7.460775E+06 7.049988E+06 6.723531E+06 6.466185E+06 6.265473E+06 6.108830E+06 5.984232E+06 5.531764E+06 4.978611E+06 4.265514E+06 3.524613E+06 2.855122E+06 2.290592E+06 1.449743E+06 8.895844E+05 5.206387E+05 2.912225E+05 1.594434E+05 8.793829E+04 
3.691940E+07 2.556931E+07 2.084762E+07 1.666722E+07 1.600866E+07 1.465898E+07 1.305870E+07 1.197908E+07 1.124071E+07 1.070053E+07 1.027391E+07 9.604860E+06 9.082474E+06 8.666231E+06 8.337993E+06 8.081758E+06 7.881170E+06 7.720679E+06 7.125608E+06 6.398569E+06 5.475099E+06 4.524535E+06 3.670986E+06 2.954950E+06 1.894681E+06 1.189558E+06 7.192555E+05 4.184014E+05 2.387405E+05 1.369938E+05 
2.744032E+07 1.858811E+07 1.518276E+07 1.240136E+07 1.172417E+07 9.768466E+06 8.387190E+06 7.567650E+06 7.039008E+06 6.666409E+06 6.379161E+06 5.935646E+06 5.589151E+06 5.309024E+06 5.083526E+06 4.903401E+06 4.759119E+06 4.641331E+06 4.203024E+06 3.707251E+06 3.107495E+06 2.507140E+06 1.979557E+06 1.545680E+06 9.232181E+05 5.329426E+05 2.935509E+05 1.552599E+05 8.102416E+04 4.299558E+04 
3.283425E+07 2.250711E+07 1.836806E+07 1.510729E+07 1.470912E+07 1.367456E+07 1.219123E+07 1.118257E+07 1.049147E+07 9.984462E+06 9.582116E+06 8.944950E+06 8.439784E+06 8.030578E+06 7.702291E+06 7.441557E+06 7.234154E+06 7.066141E+06 6.452319E+06 5.759843E+06 4.911613E+06 4.052110E+06 3.288105E+06 2.652307E+06 1.718888E+06 1.100482E+06 6.835624E+05 4.100982E+05 2.413234E+05 1.424060E+05 
4.122031E+07 2.891977E+07 2.359342E+07 1.836831E+07 1.735292E+07 1.547774E+07 1.373550E+07 1.258841E+07 1.181118E+07 1.124725E+07 1.080606E+07 1.012488E+07 9.605208E+06 9.201603E+06 8.892430E+06 8.658785E+06 8.482060E+06 8.345084E+06 7.834412E+06 7.117140E+06 6.144088E+06 5.115020E+06 4.177928E+06 3.385596E+06 2.206018E+06 1.417208E+06 8.836632E+05 5.327746E+05 3.153058E+05 1.871464E+05 
3.652601E+07 2.527767E+07 2.061665E+07 1.660613E+07 1.605443E+07 1.495132E+07 1.338576E+07 1.230576E+07 1.156054E+07 1.101183E+07 1.057591E+07 9.886894E+06 9.343964E+06 8.907855E+06 8.561290E+06 8.288675E+06 8.073703E+06 7.900660E+06 7.261501E+06 6.505789E+06 5.560999E+06 4.595137E+06 3.731553E+06 3.009509E+06 1.944047E+06 1.235929E+06 7.600869E+05 4.508503E+05 2.623491E+05 1.532741E+05 
3.852445E+07 2.681564E+07 2.186320E+07 1.720944E+07 1.633545E+07 1.457904E+07 1.290750E+07 1.181372E+07 1.107559E+07 1.054139E+07 1.012390E+07 9.478643E+06 8.983960E+06 8.596765E+06 8.297283E+06 8.068535E+06 7.893700E+06 7.757098E+06 7.256676E+06 6.591017E+06 5.700999E+06 4.762297E+06 3.907099E+06 3.182380E+06 2.096545E+06 1.360596E+06 8.549344E+05 5.179446E+05 3.072517E+05 1.824895E+05 
2.363373E+07 1.586077E+07 1.301214E+07 1.114222E+07 1.076198E+07 9.254243E+06 7.988686E+06 7.220463E+06 6.719615E+06 6.363150E+06 6.085537E+06 5.650721E+06 5.304997E+06 5.020932E+06 4.788587E+06 4.600035E+06 4.446759E+06 4.320155E+06 3.854478E+06 3.370112E+06 2.811662E+06 2.264732E+06 1.789761E+06 1.401779E+06 8.466873E+05 4.962190E+05 2.775933E+05 1.487120E+05 7.826506E+04 4.169642E+04 
2.516778E+07 1.693237E+07 1.384692E+07 1.146656E+07 1.086325E+07 8.988622E+06 7.689081E+06 6.928186E+06 6.441778E+06 6.101643E+06 5.841231E+06 5.442182E+06 5.132505E+06 4.883273E+06 4.683535E+06 4.524851E+06 4.398604E+06 4.296344E+06 3.921115E+06 3.490937E+06 2.960496E+06 2.422473E+06 1.944328E+06 1.546485E+06 9.633934E+05 5.824526E+05 3.359904E+05 1.852963E+05 1.000890E+05 5.451972E+04 
2.640191E+07 1.782004E+07 1.458329E+07 1.232215E+07 1.193980E+07 1.053022E+07 9.181349E+06 8.335527E+06 7.776015E+06 7.374377E+06 7.060108E+06 6.567183E+06 6.176634E+06 5.857809E+06 5.598957E+06 5.390441E+06 5.222058E+06 5.083672E+06 4.572196E+06 4.022458E+06 3.377065E+06 2.739689E+06 2.183281E+06 1.726817E+06 1.069011E+06 6.468151E+05 3.759604E+05 2.100449E+05 1.153004E+05 6.388857E+04 
5.386845E+07 3.912479E+07 3.210228E+07 2.456614E+07 2.334124E+07 2.256197E+07 2.081801E+07 1.944921E+07 1.845249E+07 1.769635E+07 1.708669E+07 1.612359E+07 1.538571E+07 1.482338E+07 1.440785E+07 1.410942E+07 1.389787E+07 1.374561E+07 1.321393E+07 1.229615E+07 1.090020E+07 9.332006E+06 7.840857E+06 6.533806E+06 4.494216E+06 3.039986E+06 1.988569E+06 1.251057E+06 7.675930E+05 4.693650E+05 
2.960037E+07 2.012794E+07 1.643051E+07 1.349650E+07 1.294258E+07 1.132251E+07 9.878430E+06 8.974036E+06 8.376019E+06 7.947553E+06 7.613442E+06 7.092873E+06 6.684533E+06 6.354605E+06 6.089485E+06 5.877999E+06 5.708646E+06 5.570250E+06 5.052074E+06 4.466576E+06 3.763402E+06 3.062439E+06 2.447212E+06 1.940568E+06 1.207492E+06 7.347783E+05 4.299244E+05 2.419502E+05 1.337963E+05 7.464990E+04 
3.489234E+07 2.399373E+07 1.955317E+07 1.578069E+07 1.521035E+07 1.390811E+07 1.235762E+07 1.131977E+07 1.061286E+07 1.009710E+07 9.690557E+06 9.053984E+06 8.557169E+06 8.160995E+06 7.848318E+06 7.604248E+06 7.413523E+06 7.261531E+06 6.707912E+06 6.035936E+06 5.174239E+06 4.279977E+06 3.471353E+06 2.788527E+06 1.768960E+06 1.087508E+06 6.374621E+05 3.570479E+05 1.957284E+05 1.080857E+05 
3.301340E+07 2.261342E+07 1.842799E+07 1.480843E+07 1.410557E+07 1.234896E+07 1.080923E+07 9.836576E+06 9.190700E+06 8.727461E+06 8.366920E+06 7.808999E+06 7.377048E+06 7.033451E+06 6.762167E+06 6.549906E+06 6.383324E+06 6.249739E+06 5.753362E+06 5.149510E+06 4.386248E+06 3.603749E+06 2.903348E+06 2.317246E+06 1.452655E+06 8.837982E+05 5.133878E+05 2.853279E+05 1.553854E+05 8.533216E+04 
2.406393E+07 1.615122E+07 1.324603E+07 1.138616E+07 1.106122E+07 9.676395E+06 8.398120E+06 7.608209E+06 7.089358E+06 6.718477E+06 6.428941E+06 5.975073E+06 5.614725E+06 5.319492E+06 5.078881E+06 4.884443E+06 4.727138E+06 4.597872E+06 4.126621E+06 3.632240E+06 3.053982E+06 2.481576E+06 1.980027E+06 1.566790E+06 9.674107E+05 5.802371E+05 3.321694E+05 1.818594E+05 9.758124E+04 5.285002E+04 
2.418771E+07 1.626237E+07 1.333229E+07 1.131592E+07 1.088070E+07 9.288017E+06 8.009452E+06 7.239317E+06 6.739849E+06 6.386370E+06 6.112749E+06 5.687816E+06 5.353344E+06 5.080993E+06 4.860271E+06 4.682943E+06 4.540346E+06 4.423830E+06 3.999699E+06 3.541625E+06 2.994546E+06 2.447976E+06 1.967239E+06 1.570686E+06 9.949943E+05 6.200267E+05 3.733039E+05 2.166706E+05 1.234757E+05 7.078092E+04 
2.466639E+07 1.660736E+07 1.358998E+07 1.122213E+07 1.057773E+07 8.617297E+06 7.334245E+06 6.593383E+06 6.122287E+06 5.793309E+06 5.540933E+06 5.151278E+06 4.844596E+06 4.593660E+06 4.388604E+06 4.221847E+06 4.085494E+06 3.971722E+06 3.534835E+06 3.065581E+06 2.533106E+06 2.022041E+06 1.586142E+06 1.235743E+06 7.442163E+05 4.397063E+05 2.505237E+05 1.377041E+05 7.461523E+04 4.092147E+04 
3.467548E+07 2.386281E+07 1.945030E+07 1.561964E+07 1.495620E+07 1.340765E+07 1.184109E+07 1.081935E+07 1.013107E+07 9.632733E+06 9.242326E+06 8.635109E+06 8.164232E+06 7.790460E+06 7.496564E+06 7.267852E+06 7.089493E+06 6.947406E+06 6.423156E+06 5.773485E+06 4.939533E+06 4.077250E+06 3.301320E+06 2.649637E+06 1.684225E+06 1.043980E+06 6.208947E+05 3.544827E+05 1.984702E+05 1.118968E+05 
3.160531E+07 2.158708E+07 1.759340E+07 1.410493E+07 1.333522E+07 1.136083E+07 9.855915E+06 8.936829E+06 8.336697E+06 7.911767E+06 7.584628E+06 7.084600E+06 6.702140E+06 6.400782E+06 6.165122E+06 5.982782E+06 5.841535E+06 5.729820E+06 5.319380E+06 4.795345E+06 4.110212E+06 3.396346E+06 2.751561E+06 2.208834E+06 1.403207E+06 8.680920E+05 5.145704E+05 2.924792E+05 1.629276E+05 9.137854E+04 
4.202201E+07 2.954956E+07 2.411845E+07 1.883700E+07 1.789333E+07 1.628290E+07 1.454463E+07 1.336461E+07 1.255369E+07 1.195856E+07 1.148767E+07 1.074860E+07 1.017232E+07 9.714457E+06 9.354299E+06 9.073226E+06 8.852428E+06 8.674325E+06 7.990657E+06 7.146363E+06 6.092729E+06 5.022233E+06 4.069833E+06 3.276957E+06 2.114206E+06 1.347448E+06 8.339986E+05 4.992775E+05 2.935423E+05 1.732210E+05 
3.175618E+07 2.168491E+07 1.768549E+07 1.444226E+07 1.390549E+07 1.245107E+07 1.096032E+07 9.996269E+06 9.349356E+06 8.881537E+06 8.514675E+06 7.941566E+06 7.493171E+06 7.133359E+06 6.847013E+06 6.621361E+06 6.443234E+06 6.299886E+06 5.773749E+06 5.154238E+06 4.378591E+06 3.585899E+06 2.878215E+06 2.287847E+06 1.422059E+06 8.582340E+05 4.951887E+05 2.738535E+05 1.486676E+05 8.150854E+04 
3.933877E+07 2.744559E+07 2.238789E+07 1.771722E+07 1.695604E+07 1.556663E+07 1.391181E+07 1.278374E+07 1.200828E+07 1.143904E+07 1.098834E+07 1.027989E+07 9.726118E+06 9.285068E+06 8.937580E+06 8.666433E+06 8.454009E+06 8.283644E+06 7.644478E+06 6.860019E+06 5.869444E+06 4.854477E+06 3.946410E+06 3.187234E+06 2.067955E+06 1.324466E+06 8.230462E+05 4.941919E+05 2.911596E+05 1.720574E+05 
2.257393E+07 1.512237E+07 1.241187E+07 1.054374E+07 1.006238E+07 8.349414E+06 7.130367E+06 6.417560E+06 5.961518E+06 5.641438E+06 5.394830E+06 5.012401E+06 4.710338E+06 4.462771E+06 4.260499E+06 4.096432E+06 3.963046E+06 3.852759E+06 3.443037E+06 3.009789E+06 2.508964E+06 2.019331E+06 1.595214E+06 1.249643E+06 7.565409E+05 4.454569E+05 2.507663E+05 1.352758E+05 7.167252E+04 3.840874E+04 
3.648232E+07 2.519462E+07 2.052942E+07 1.642235E+07 1.577236E+07 1.440310E+07 1.281237E+07 1.174471E+07 1.101638E+07 1.048474E+07 1.006585E+07 9.411236E+06 8.902406E+06 8.498728E+06 8.182002E+06 7.936337E+06 7.745579E+06 7.594390E+06 7.042247E+06 6.353044E+06 5.457439E+06 4.522619E+06 3.674405E+06 2.956388E+06 1.881442E+06 1.160751E+06 6.831656E+05 3.843608E+05 2.116624E+05 1.173905E+05 
2.887380E+07 1.958097E+07 1.598468E+07 1.317998E+07 1.264806E+07 1.103973E+07 9.618512E+06 8.732381E+06 8.147892E+06 7.729959E+06 7.404654E+06 6.898948E+06 6.503211E+06 6.184126E+06 5.928359E+06 5.725047E+06 5.563016E+06 5.431384E+06 4.944752E+06 4.390520E+06 3.714460E+06 3.033138E+06 2.430081E+06 1.929794E+06 1.199211E+06 7.240442E+05 4.176480E+05 2.306111E+05 1.248452E+05 6.820281E+04 
3.215261E+07 2.196514E+07 1.789862E+07 1.441508E+07 1.371999E+07 1.193258E+07 1.041804E+07 9.470888E+06 8.845432E+06 8.398977E+06 8.053105E+06 7.521187E+06 7.112366E+06 6.789383E+06 6.536356E+06 6.340322E+06 6.188368E+06 6.068244E+06 5.631530E+06 5.081653E+06 4.362284E+06 3.610011E+06 2.927502E+06 2.350233E+06 1.487533E+06 9.112339E+05 5.316039E+05 2.960843E+05 1.613288E+05 8.855162E+04 
2.857484E+07 1.941645E+07 1.585075E+07 1.286200E+07 1.214551E+07 1.015128E+07 8.732826E+06 7.886855E+06 7.339739E+06 6.953574E+06 6.655719E+06 6.196113E+06 5.837820E+06 5.549007E+06 5.317310E+06 5.132930E+06 4.985822E+06 4.866176E+06 4.421764E+06 3.911278E+06 3.286527E+06 2.657178E+06 2.101863E+06 1.643881E+06 9.851078E+05 5.711533E+05 3.166570E+05 1.690035E+05 8.917329E+04 4.788584E+04 
3.710351E+07 2.566994E+07 2.091502E+07 1.662967E+07 1.590092E+07 1.438380E+07 1.276516E+07 1.169043E+07 1.096044E+07 1.042929E+07 1.001206E+07 9.362680E+06 8.860460E+06 8.463908E+06 8.154253E+06 7.915241E+06 7.730526E+06 7.584709E+06 7.050687E+06 6.370042E+06 5.477747E+06 4.543187E+06 3.693593E+06 2.973470E+06 1.893959E+06 1.169297E+06 6.886378E+05 3.876727E+05 2.136014E+05 1.185193E+05 
2.833701E+07 1.919394E+07 1.566803E+07 1.286916E+07 1.227839E+07 1.052486E+07 9.118136E+06 8.259124E+06 7.698254E+06 7.300244E+06 6.992361E+06 6.516863E+06 6.146928E+06 5.849849E+06 5.612601E+06 5.424762E+06 5.275718E+06 5.155171E+06 4.711071E+06 4.196986E+06 3.561692E+06 2.916850E+06 2.343348E+06 1.865790E+06 1.165139E+06 7.066811E+05 4.093476E+05 2.268781E+05 1.232177E+05 6.748827E+04 
3.600477E+07 2.488228E+07 2.027797E+07 1.607298E+07 1.525305E+07 1.343306E+07 1.182001E+07 1.078886E+07 1.010114E+07 9.607741E+06 9.224934E+06 8.638140E+06 8.192068E+06 7.845426E+06 7.579578E+06 7.378924E+06 7.228121E+06 7.112848E+06 6.708782E+06 6.148443E+06 5.364684E+06 4.517844E+06 3.734373E+06 3.062586E+06 2.041273E+06 1.336228E+06 8.442933E+05 5.129592E+05 3.045734E+05 1.808535E+05 
3.167004E+07 2.163090E+07 1.764666E+07 1.445440E+07 1.395024E+07 1.256658E+07 1.108196E+07 1.011511E+07 9.464317E+06 8.992568E+06 8.621814E+06 8.041035E+06 7.585314E+06 7.218754E+06 6.926331E+06 6.695232E+06 6.512183E+06 6.364315E+06 5.818766E+06 5.183362E+06 4.396585E+06 3.597914E+06 2.888271E+06 2.298451E+06 1.436543E+06 8.756198E+05 5.122222E+05 2.878965E+05 1.589396E+05 8.853774E+04 
4.082640E+07 2.855158E+07 2.328314E+07 1.832083E+07 1.751500E+07 1.614979E+07 1.446668E+07 1.330564E+07 1.250242E+07 1.191018E+07 1.143994E+07 1.069961E+07 1.012115E+07 9.661230E+06 9.299609E+06 9.017926E+06 8.797461E+06 8.620586E+06 7.950425E+06 7.116726E+06 6.062697E+06 4.983182E+06 4.017004E+06 3.208329E+06 2.015425E+06 1.230752E+06 7.191515E+05 4.028359E+05 2.213732E+05 1.227169E+05 
5.973688E+07 4.423733E+07 3.646428E+07 2.754454E+07 2.581613E+07 2.438019E+07 2.242624E+07 2.093042E+07 1.984524E+07 1.902177E+07 1.835648E+07 1.730014E+07 1.648325E+07 1.585254E+07 1.537665E+07 1.502282E+07 1.475798E+07 1.455240E+07 1.372828E+07 1.250507E+07 1.085818E+07 9.118222E+06 7.524696E+06 6.165802E+06 4.114209E+06 2.711830E+06 1.737052E+06 1.075402E+06 6.521006E+05 3.953715E+05 
2.826787E+07 1.914367E+07 1.564017E+07 1.305094E+07 1.262603E+07 1.121745E+07 9.818398E+06 8.929767E+06 8.338461E+06 7.912662E+06 7.579110E+06 7.056552E+06 6.644326E+06 6.309856E+06 6.040250E+06 5.824807E+06 5.652295E+06 5.511651E+06 4.994314E+06 4.420134E+06 3.728464E+06 3.035385E+06 2.424320E+06 1.919144E+06 1.185140E+06 7.113174E+05 4.081327E+05 2.243492E+05 1.210240E+05 6.593900E+04 
3.369172E+07 2.312072E+07 1.883783E+07 1.505429E+07 1.429777E+07 1.246803E+07 1.091335E+07 9.935544E+06 9.288320E+06 8.826159E+06 8.468628E+06 7.921384E+06 7.504761E+06 7.179620E+06 6.928721E+06 6.737867E+06 6.593082E+06 6.481254E+06 6.084006E+06 5.546817E+06 4.808850E+06 4.018488E+06 3.291029E+06 2.669438E+06 1.729272E+06 1.089599E+06 6.571250E+05 3.795033E+05 2.144176E+05 1.217259E+05 
3.855390E+07 2.682823E+07 2.187073E+07 1.721127E+07 1.633848E+07 1.459092E+07 1.292401E+07 1.183276E+07 1.109648E+07 1.056420E+07 1.014912E+07 9.510677E+06 9.025337E+06 8.649414E+06 8.362544E+06 8.147271E+06 7.986402E+06 7.863972E+06 7.429931E+06 6.808513E+06 5.933306E+06 4.986473E+06 4.110388E+06 3.359639E+06 2.221243E+06 1.440955E+06 9.023160E+05 5.437960E+05 3.207303E+05 1.894573E+05 
3.359380E+07 2.305196E+07 1.879961E+07 1.531817E+07 1.482539E+07 1.361251E+07 1.209667E+07 1.108008E+07 1.038713E+07 9.880828E+06 9.480760E+06 8.851349E+06 8.356578E+06 7.958973E+06 7.642448E+06 7.392934E+06 7.195815E+06 7.036973E+06 6.452713E+06 5.769147E+06 4.917610E+06 4.048455E+06 3.272009E+06 2.623053E+06 1.666089E+06 1.033625E+06 6.159400E+05 3.525647E+05 1.979498E+05 1.119072E+05 
2.097732E+07 1.402121E+07 1.150565E+07 9.519401E+06 8.841687E+06 6.822880E+06 5.706876E+06 5.096583E+06 4.719743E+06 4.462137E+06 4.267466E+06 3.970123E+06 3.736692E+06 3.545080E+06 3.387915E+06 3.259791E+06 3.154960E+06 3.067583E+06 2.734301E+06 2.376207E+06 1.966610E+06 1.571025E+06 1.232062E+06 9.585535E+05 5.732499E+05 3.340684E+05 1.864345E+05 9.983197E+04 5.255644E+04 2.800567E+04 
3.457812E+07 2.376725E+07 1.937416E+07 1.570520E+07 1.518558E+07 1.398498E+07 1.244870E+07 1.141113E+07 1.070158E+07 1.018208E+07 9.771028E+06 9.123723E+06 8.614749E+06 8.205885E+06 7.880617E+06 7.624422E+06 7.422205E+06 7.259405E+06 6.661365E+06 5.960214E+06 5.084205E+06 4.187564E+06 3.384163E+06 2.710547E+06 1.713028E+06 1.052031E+06 6.175455E+05 3.470348E+05 1.910750E+05 1.060168E+05 
2.349513E+07 1.576834E+07 1.293838E+07 1.106941E+07 1.067455E+07 9.135008E+06 7.874502E+06 7.113345E+06 6.618390E+06 6.266796E+06 5.993382E+06 5.565729E+06 5.225976E+06 4.946823E+06 4.718381E+06 4.532813E+06 4.381727E+06 4.256662E+06 3.793240E+06 3.309524E+06 2.754480E+06 2.213750E+06 1.746481E+06 1.366557E+06 8.261239E+05 4.865768E+05 2.745908E+05 1.487950E+05 7.930378E+04 4.277970E+04 
3.985261E+07 2.784459E+07 2.271734E+07 1.797612E+07 1.722809E+07 1.592577E+07 1.426894E+07 1.312629E+07 1.233692E+07 1.175541E+07 1.129349E+07 1.056423E+07 9.991063E+06 9.532174E+06 9.168621E+06 8.883160E+06 8.657973E+06 8.476124E+06 7.790877E+06 6.969896E+06 5.950115E+06 4.913346E+06 3.989841E+06 3.219988E+06 2.088131E+06 1.338026E+06 8.324698E+05 5.006480E+05 2.954607E+05 1.748741E+05 
2.856558E+07 1.938606E+07 1.583963E+07 1.314772E+07 1.266902E+07 1.116071E+07 9.750805E+06 8.863997E+06 8.276969E+06 7.856084E+06 7.527611E+06 7.015088E+06 6.612278E+06 6.286326E+06 6.024242E+06 5.815358E+06 5.648565E+06 5.512961E+06 5.015712E+06 4.459560E+06 3.784636E+06 3.105643E+06 2.505801E+06 2.009355E+06 1.285843E+06 8.116834E+05 4.964400E+05 2.931696E+05 1.699640E+05 9.897571E+04 
2.907369E+07 1.972690E+07 1.608849E+07 1.303698E+07 1.232936E+07 1.037353E+07 8.946098E+06 8.089833E+06 7.535717E+06 7.145529E+06 6.846012E+06 6.388293E+06 6.036710E+06 5.757678E+06 5.537550E+06 5.365561E+06 5.230986E+06 5.123563E+06 4.728566E+06 4.243006E+06 3.620993E+06 2.978933E+06 2.402200E+06 1.918586E+06 1.203807E+06 7.326019E+05 4.253970E+05 2.361826E+05 1.284221E+05 7.039014E+04 
2.975817E+07 2.025434E+07 1.653222E+07 1.351863E+07 1.291670E+07 1.120385E+07 9.753815E+06 8.854451E+06 8.262771E+06 7.840620E+06 7.512636E+06 7.003712E+06 6.606069E+06 6.285754E+06 6.029165E+06 5.825262E+06 5.662739E+06 5.530622E+06 5.040421E+06 4.480803E+06 3.799109E+06 3.113300E+06 2.507550E+06 2.006232E+06 1.275795E+06 7.981910E+05 4.827572E+05 2.815978E+05 1.612902E+05 9.290136E+04 
3.853595E+07 2.681802E+07 2.187712E+07 1.748272E+07 1.687380E+07 1.581697E+07 1.421606E+07 1.309325E+07 1.231253E+07 1.173465E+07 1.127372E+07 1.054233E+07 9.964308E+06 9.499327E+06 9.129324E+06 8.837654E+06 8.606864E+06 8.420191E+06 7.721992E+06 6.899559E+06 5.882694E+06 4.850218E+06 3.931075E+06 3.165054E+06 2.039086E+06 1.294292E+06 7.955915E+05 4.721081E+05 2.749915E+05 1.608609E+05 
3.744352E+07 2.598751E+07 2.118562E+07 1.674333E+07 1.590886E+07 1.416106E+07 1.251470E+07 1.144371E+07 1.072297E+07 1.020217E+07 9.795446E+06 9.166660E+06 8.683731E+06 8.304593E+06 8.010206E+06 7.784336E+06 7.610859E+06 7.474690E+06 6.975530E+06 6.323423E+06 5.459662E+06 4.552818E+06 3.729185E+06 3.032911E+06 1.992713E+06 1.290130E+06 8.089045E+05 4.891104E+05 2.896604E+05 1.717974E+05 
2.831751E+07 1.917744E+07 1.565342E+07 1.284811E+07 1.225029E+07 1.048187E+07 9.075912E+06 8.219077E+06 7.660219E+06 7.263994E+06 6.957754E+06 6.485325E+06 6.118265E+06 5.823861E+06 5.589072E+06 5.403481E+06 5.256498E+06 5.137861E+06 4.702021E+06 4.194887E+06 3.564819E+06 2.923156E+06 2.351079E+06 1.873714E+06 1.171492E+06 7.106625E+05 4.113180E+05 2.276031E+05 1.233537E+05 6.741088E+04 
2.923493E+07 1.984743E+07 1.619639E+07 1.326483E+07 1.267055E+07 1.094735E+07 9.512485E+06 8.626740E+06 8.045091E+06 7.630522E+06 7.308677E+06 6.809731E+06 6.420235E+06 6.106651E+06 5.855520E+06 5.655947E+06 5.496809E+06 5.367325E+06 4.884442E+06 4.330631E+06 3.656917E+06 2.980228E+06 2.382999E+06 1.888823E+06 1.169680E+06 7.041120E+05 4.051509E+05 2.232700E+05 1.206846E+05 6.585081E+04 
3.933088E+07 2.744890E+07 2.238971E+07 1.765392E+07 1.682320E+07 1.524572E+07 1.356608E+07 1.244068E+07 1.167221E+07 1.111037E+07 1.066671E+07 9.970601E+06 9.426391E+06 8.991885E+06 8.648038E+06 8.377997E+06 8.164640E+06 7.991825E+06 7.332673E+06 6.538983E+06 5.559422E+06 4.569637E+06 3.692454E+06 2.964449E+06 1.900688E+06 1.202630E+06 7.382261E+05 4.381032E+05 2.554287E+05 1.496083E+05 
3.047392E+07 2.074194E+07 1.692341E+07 1.390875E+07 1.340215E+07 1.193728E+07 1.047936E+07 9.545656E+06 8.922048E+06 8.472432E+06 8.120504E+06 7.571319E+06 7.141536E+06 6.796260E+06 6.521148E+06 6.304201E+06 6.133006E+06 5.995488E+06 5.497039E+06 4.916576E+06 4.187052E+06 3.437754E+06 2.765756E+06 2.202778E+06 1.372517E+06 8.285153E+05 4.772054E+05 2.630957E+05 1.423030E+05 7.773185E+04 
3.548959E+07 2.451118E+07 1.996190E+07 1.555008E+07 1.448065E+07 1.206713E+07 1.043304E+07 9.449305E+06 8.810276E+06 8.359760E+06 8.014586E+06 7.490973E+06 7.094677E+06 6.785631E+06 6.546225E+06 6.362304E+06 6.220265E+06 6.107571E+06 5.674893E+06 5.098803E+06 4.350676E+06 3.578678E+06 2.886859E+06 2.308496E+06 1.457791E+06 8.991638E+05 5.330705E+05 3.038178E+05 1.699572E+05 9.576622E+04 
2.658081E+07 1.794477E+07 1.467504E+07 1.227464E+07 1.180168E+07 1.021358E+07 8.857317E+06 8.023077E+06 7.475860E+06 7.085368E+06 6.781267E+06 6.306670E+06 5.932316E+06 5.627675E+06 5.381077E+06 5.183087E+06 5.023782E+06 4.893328E+06 4.412154E+06 3.886145E+06 3.259969E+06 2.636933E+06 2.090667E+06 1.641499E+06 9.948687E+05 5.845699E+05 3.279277E+05 1.762794E+05 9.314757E+04 4.984039E+04 
3.022052E+07 2.055200E+07 1.676709E+07 1.376793E+07 1.324186E+07 1.171885E+07 1.026571E+07 9.342782E+06 8.728879E+06 8.287657E+06 7.943241E+06 7.407451E+06 6.989399E+06 6.654232E+06 6.387599E+06 6.177597E+06 6.012010E+06 5.878997E+06 5.394058E+06 4.824263E+06 4.108237E+06 3.374113E+06 2.716771E+06 2.166662E+06 1.355483E+06 8.225085E+05 4.763176E+05 2.638637E+05 1.432437E+05 7.844159E+04 
3.657395E+07 2.530747E+07 2.063563E+07 1.654957E+07 1.592945E+07 1.464498E+07 1.305511E+07 1.197671E+07 1.123681E+07 1.069356E+07 1.026268E+07 9.582326E+06 9.046165E+06 8.614841E+06 8.271021E+06 7.999186E+06 7.783223E+06 7.607684E+06 6.943520E+06 6.163598E+06 5.210977E+06 4.253588E+06 3.408452E+06 2.709300E+06 1.692790E+06 1.034317E+06 6.080998E+05 3.441559E+05 1.914877E+05 1.075039E+05 
3.031426E+07 2.063316E+07 1.685021E+07 1.407195E+07 1.375722E+07 1.273275E+07 1.130576E+07 1.034799E+07 9.695223E+06 9.217638E+06 8.839169E+06 8.240103E+06 7.764594E+06 7.378455E+06 7.067750E+06 6.820274E+06 6.622972E+06 6.462937E+06 5.880525E+06 5.230002E+06 4.435615E+06 3.631837E+06 2.918180E+06 2.324991E+06 1.457465E+06 8.916751E+05 5.238806E+05 2.958383E+05 1.640973E+05 9.181718E+04 
3.010898E+07 2.047222E+07 1.670823E+07 1.381212E+07 1.336163E+07 1.200077E+07 1.055576E+07 9.621901E+06 8.995613E+06 8.542454E+06 8.186417E+06 7.627656E+06 7.187028E+06 6.830236E+06 6.543385E+06 6.314756E+06 6.132090E+06 5.983392E+06 5.435238E+06 4.821105E+06 4.077823E+06 3.330628E+06 2.669680E+06 2.121286E+06 1.319770E+06 7.976484E+05 4.604690E+05 2.544068E+05 1.377936E+05 7.531017E+04 
2.846530E+07 1.930562E+07 1.573875E+07 1.257065E+07 1.171303E+07 9.458858E+06 8.057465E+06 7.249624E+06 6.736834E+06 6.380544E+06 6.109586E+06 5.698284E+06 5.382798E+06 5.131519E+06 4.931963E+06 4.774507E+06 4.649622E+06 4.548208E+06 4.159787E+06 3.688829E+06 3.107735E+06 2.523667E+06 2.009515E+06 1.585671E+06 9.729429E+05 5.804151E+05 3.311269E+05 1.810309E+05 9.714227E+04 5.265464E+04 
2.221405E+07 1.487197E+07 1.223443E+07 1.072380E+07 1.046823E+07 9.155413E+06 7.930284E+06 7.176056E+06 6.680925E+06 6.326385E+06 6.048633E+06 5.610227E+06 5.258540E+06 4.967274E+06 4.727145E+06 4.530689E+06 4.369708E+06 4.235812E+06 3.743207E+06 3.250006E+06 2.697639E+06 2.165208E+06 1.707579E+06 1.336544E+06 8.093704E+05 4.776275E+05 2.698525E+05 1.462311E+05 7.786064E+04 4.193286E+04 
2.736806E+07 1.850283E+07 1.510237E+07 1.229552E+07 1.159490E+07 9.596958E+06 8.225043E+06 7.417737E+06 6.900159E+06 6.537763E+06 6.260365E+06 5.836309E+06 5.508923E+06 5.247023E+06 5.038396E+06 4.873545E+06 4.742917E+06 4.637277E+06 4.243471E+06 3.777244E+06 3.198610E+06 2.611972E+06 2.091468E+06 1.659227E+06 1.027902E+06 6.178850E+05 3.544181E+05 1.944263E+05 1.045255E+05 5.670642E+04 
4.134307E+07 2.904309E+07 2.368598E+07 1.814223E+07 1.683897E+07 1.426110E+07 1.244912E+07 1.132682E+07 1.058628E+07 1.005853E+07 9.651255E+06 9.030607E+06 8.561257E+06 8.197244E+06 7.917181E+06 7.703286E+06 7.538589E+06 7.407716E+06 6.891526E+06 6.189545E+06 5.282380E+06 4.350542E+06 3.518090E+06 2.824071E+06 1.806947E+06 1.139477E+06 6.968215E+05 4.120183E+05 2.394177E+05 1.398038E+05 
2.675192E+07 1.806847E+07 1.477510E+07 1.235303E+07 1.188200E+07 1.030464E+07 8.943294E+06 8.103781E+06 7.552428E+06 7.158651E+06 6.851803E+06 6.372686E+06 5.994716E+06 5.687201E+06 5.438378E+06 5.238701E+06 5.078132E+06 4.946724E+06 4.462538E+06 3.932620E+06 3.300694E+06 2.671225E+06 2.118917E+06 1.664567E+06 1.010203E+06 5.947607E+05 3.345884E+05 1.805068E+05 9.576849E+04 5.145528E+04 
2.639416E+07 1.779487E+07 1.455091E+07 1.219235E+07 1.173374E+07 1.017150E+07 8.826502E+06 7.999544E+06 7.458179E+06 7.073115E+06 6.774511E+06 6.311714E+06 5.950081E+06 5.658548E+06 5.425011E+06 5.239781E+06 5.092837E+06 4.974327E+06 4.546925E+06 4.062126E+06 3.460000E+06 2.844617E+06 2.294212E+06 1.833666E+06 1.153585E+06 7.046000E+05 4.108229E+05 2.290540E+05 1.250510E+05 6.879769E+04 
2.675511E+07 1.806562E+07 1.475662E+07 1.211850E+07 1.148128E+07 9.584906E+06 8.231896E+06 7.430572E+06 6.915452E+06 6.554096E+06 6.277073E+06 5.852937E+06 5.525116E+06 5.262795E+06 5.053962E+06 4.889258E+06 4.759210E+06 4.654620E+06 4.272144E+06 3.821402E+06 3.255078E+06 2.675183E+06 2.156789E+06 1.723619E+06 1.085519E+06 6.652860E+05 3.901446E+05 2.191566E+05 1.206260E+05 6.688768E+04 
2.982786E+07 2.030936E+07 1.659295E+07 1.381405E+07 1.342429E+07 1.218519E+07 1.075057E+07 9.812117E+06 9.179182E+06 8.718864E+06 8.355161E+06 7.779454E+06 7.320381E+06 6.944634E+06 6.639076E+06 6.392422E+06 6.192591E+06 6.027605E+06 5.409711E+06 4.745509E+06 3.974510E+06 3.219830E+06 2.565753E+06 2.032711E+06 1.271141E+06 7.854103E+05 4.712188E+05 2.737461E+05 1.566164E+05 9.027587E+04 
3.499931E+07 2.412818E+07 1.967221E+07 1.578172E+07 1.510849E+07 1.356538E+07 1.199442E+07 1.096789E+07 1.027625E+07 9.775769E+06 9.384080E+06 8.776048E+06 8.306056E+06 7.934535E+06 7.644054E+06 7.419725E+06 7.246502E+06 7.110094E+06 6.615709E+06 5.986197E+06 5.156946E+06 4.287940E+06 3.500070E+06 2.835367E+06 1.845950E+06 1.182521E+06 7.330241E+05 4.382753E+05 2.569298E+05 1.510746E+05 
2.551630E+07 1.717287E+07 1.407222E+07 1.215090E+07 1.195014E+07 1.088911E+07 9.574595E+06 8.720686E+06 8.146572E+06 7.729227E+06 7.399049E+06 6.874438E+06 6.453313E+06 6.106071E+06 5.821682E+06 5.590797E+06 5.403132E+06 5.248250E+06 4.682677E+06 4.101700E+06 3.433363E+06 2.777700E+06 2.206543E+06 1.738129E+06 1.062969E+06 6.310356E+05 3.574081E+05 1.936205E+05 1.028768E+05 5.524023E+04 
3.139388E+07 2.145247E+07 1.750039E+07 1.420910E+07 1.357641E+07 1.188357E+07 1.038946E+07 9.450218E+06 8.828502E+06 8.383361E+06 8.036930E+06 7.499511E+06 7.080964E+06 6.745560E+06 6.478602E+06 6.268017E+06 6.101518E+06 5.967267E+06 5.473611E+06 4.897458E+06 4.181138E+06 3.451699E+06 2.801989E+06 2.260735E+06 1.465344E+06 9.378432E+05 5.820309E+05 3.487170E+05 2.048634E+05 1.206692E+05 
2.887040E+07 1.957909E+07 1.597886E+07 1.310531E+07 1.251625E+07 1.078917E+07 9.366956E+06 8.492212E+06 7.919020E+06 7.511289E+06 7.195406E+06 6.707164E+06 6.327480E+06 6.022964E+06 5.780170E+06 5.588274E+06 5.436263E+06 5.313481E+06 4.860445E+06 4.331321E+06 3.674923E+06 3.007921E+06 2.414605E+06 1.920688E+06 1.196766E+06 7.241360E+05 4.184788E+05 2.314451E+05 1.254696E+05 6.862085E+04 
4.295060E+07 3.024455E+07 2.468645E+07 1.930294E+07 1.842073E+07 1.709483E+07 1.539265E+07 1.420259E+07 1.337637E+07 1.276789E+07 1.228713E+07 1.153972E+07 1.096938E+07 1.052981E+07 1.019799E+07 9.952862E+06 9.773365E+06 9.639989E+06 9.181584E+06 8.483066E+06 7.457694E+06 6.324368E+06 5.260656E+06 4.339264E+06 2.924802E+06 1.939370E+06 1.244653E+06 7.695522E+05 4.650854E+05 2.807734E+05 
2.549455E+07 1.717174E+07 1.404160E+07 1.161840E+07 1.101400E+07 9.142097E+06 7.827747E+06 7.054594E+06 6.558685E+06 6.210671E+06 5.943185E+06 5.530951E+06 5.208711E+06 4.947498E+06 4.736419E+06 4.567011E+06 4.430561E+06 4.318499E+06 3.897890E+06 3.429855E+06 2.874497E+06 2.325076E+06 1.845556E+06 1.452458E+06 8.871397E+05 5.267675E+05 2.989124E+05 1.624385E+05 8.662727E+04 4.668203E+04 
3.194184E+07 2.185006E+07 1.782946E+07 1.459665E+07 1.409316E+07 1.273291E+07 1.124452E+07 1.027139E+07 9.615422E+06 9.139605E+06 8.765566E+06 8.179771E+06 7.720579E+06 7.351928E+06 7.058768E+06 6.828234E+06 6.646936E+06 6.501839E+06 5.978377E+06 5.362086E+06 4.579545E+06 3.771418E+06 3.044666E+06 2.435175E+06 1.536302E+06 9.462196E+05 5.609169E+05 3.204482E+05 1.801283E+05 1.021667E+05 
4.212653E+07 2.960630E+07 2.416577E+07 1.901405E+07 1.823235E+07 1.709336E+07 1.542241E+07 1.423693E+07 1.340829E+07 1.279370E+07 1.230379E+07 1.153012E+07 1.092528E+07 1.044579E+07 1.007090E+07 9.781250E+06 9.556903E+06 9.379071E+06 8.718903E+06 7.880217E+06 6.792042E+06 5.659104E+06 4.633734E+06 3.768342E+06 2.477151E+06 1.606021E+06 1.009358E+06 6.122199E+05 3.638321E+05 2.165531E+05 
3.071312E+07 2.091691E+07 1.706197E+07 1.396163E+07 1.341128E+07 1.186188E+07 1.039377E+07 9.460633E+06 8.839502E+06 8.392827E+06 8.044008E+06 7.501221E+06 7.077753E+06 6.738415E+06 6.468668E+06 6.256411E+06 6.089215E+06 5.955045E+06 5.466097E+06 4.888871E+06 4.161032E+06 3.413549E+06 2.743771E+06 2.183293E+06 1.358206E+06 8.188434E+05 4.711319E+05 2.594732E+05 1.401832E+05 7.647968E+04 
4.772907E+07 3.405179E+07 2.784661E+07 2.160069E+07 2.065923E+07 1.979694E+07 1.809917E+07 1.682348E+07 1.591118E+07 1.522619E+07 1.467707E+07 1.381110E+07 1.314332E+07 1.262672E+07 1.223637E+07 1.194775E+07 1.173580E+07 1.157732E+07 1.101891E+07 1.017265E+07 8.947004E+06 7.598968E+06 6.334802E+06 5.238571E+06 3.549687E+06 2.364872E+06 1.523208E+06 9.440297E+05 5.713640E+05 3.452495E+05 
3.049983E+07 2.078230E+07 1.696552E+07 1.400386E+07 1.354494E+07 1.219026E+07 1.073550E+07 9.791890E+06 9.157794E+06 8.698337E+06 8.337034E+06 7.769896E+06 7.323204E+06 6.962382E+06 6.673249E+06 6.443723E+06 6.261157E+06 6.113187E+06 5.568671E+06 4.946314E+06 4.182895E+06 3.411562E+06 2.728751E+06 2.163358E+06 1.342229E+06 8.130554E+05 4.735495E+05 2.655496E+05 1.465235E+05 8.167422E+04 
3.168573E+07 2.164383E+07 1.765565E+07 1.442883E+07 1.389543E+07 1.244618E+07 1.095891E+07 9.997382E+06 9.352547E+06 8.886636E+06 8.521674E+06 7.952594E+06 7.508568E+06 7.153316E+06 6.871537E+06 6.650315E+06 6.476397E+06 6.337003E+06 5.826973E+06 5.218303E+06 4.448822E+06 3.658640E+06 2.951162E+06 2.359684E+06 1.489130E+06 9.170230E+05 5.423014E+05 3.081682E+05 1.719065E+05 9.664919E+04 
3.098644E+07 2.113332E+07 1.723706E+07 1.401989E+07 1.340169E+07 1.171623E+07 1.023291E+07 9.301256E+06 8.684029E+06 8.241453E+06 7.896530E+06 7.360717E+06 6.943100E+06 6.608478E+06 6.342333E+06 6.132654E+06 5.967153E+06 5.833953E+06 5.343981E+06 4.764437E+06 4.038007E+06 3.295916E+06 2.634227E+06 2.083357E+06 1.279486E+06 7.617289E+05 4.334144E+05 2.365895E+05 1.270034E+05 6.899705E+04 
3.423099E+07 2.354163E+07 1.918841E+07 1.537025E+07 1.465512E+07 1.295656E+07 1.139393E+07 1.039364E+07 9.725874E+06 9.245888E+06 8.872402E+06 8.296705E+06 7.855075E+06 7.508136E+06 7.238537E+06 7.031774E+06 6.873405E+06 6.749795E+06 6.306229E+06 5.726030E+06 4.946296E+06 4.120551E+06 3.366466E+06 2.726400E+06 1.766510E+06 1.118985E+06 6.818241E+05 3.992438E+05 2.290341E+05 1.319721E+05 
2.356303E+07 1.582033E+07 1.297431E+07 1.100117E+07 1.053605E+07 8.868962E+06 7.610188E+06 6.861947E+06 6.378939E+06 6.037580E+06 5.773120E+06 5.360821E+06 5.033931E+06 4.765569E+06 4.546087E+06 4.367907E+06 4.222938E+06 4.103017E+06 3.658617E+06 3.192362E+06 2.654929E+06 2.129867E+06 1.675300E+06 1.305355E+06 7.796566E+05 4.517588E+05 2.500893E+05 1.328152E+05 6.943918E+04 3.682478E+04 
4.231348E+07 2.977282E+07 2.429182E+07 1.877544E+07 1.764303E+07 1.556562E+07 1.377843E+07 1.261592E+07 1.183258E+07 1.126690E+07 1.082648E+07 1.015122E+07 9.640796E+06 9.248132E+06 8.950582E+06 8.728609E+06 8.563280E+06 8.437328E+06 7.978297E+06 7.309274E+06 6.374791E+06 5.369020E+06 4.440544E+06 3.645597E+06 2.439461E+06 1.608159E+06 1.026404E+06 6.310879E+05 3.793173E+05 2.278061E+05 
3.492864E+07 2.407889E+07 1.962428E+07 1.559438E+07 1.478312E+07 1.290885E+07 1.131837E+07 1.031398E+07 9.647756E+06 9.171352E+06 8.802386E+06 8.236999E+06 7.806282E+06 7.470190E+06 7.210978E+06 7.013922E+06 6.864496E+06 6.749079E+06 6.337504E+06 5.778977E+06 5.013303E+06 4.195798E+06 3.446235E+06 2.808639E+06 1.850294E+06 1.199340E+06 7.520830E+05 4.545156E+05 2.689399E+05 1.593486E+05 
3.564767E+07 2.456991E+07 2.001881E+07 1.600716E+07 1.531967E+07 1.378539E+07 1.219751E+07 1.115438E+07 1.044939E+07 9.937984E+06 9.536930E+06 8.912968E+06 8.429509E+06 8.046415E+06 7.745905E+06 7.512743E+06 7.331564E+06 7.187812E+06 6.661071E+06 6.003540E+06 5.151347E+06 4.263809E+06 3.459984E+06 2.780645E+06 1.765739E+06 1.087118E+06 6.385430E+05 3.585527E+05 1.970826E+05 1.091158E+05 
2.961729E+07 2.012448E+07 1.643063E+07 1.361555E+07 1.317003E+07 1.179052E+07 1.035616E+07 9.433513E+06 8.815758E+06 8.369056E+06 8.018133E+06 7.467220E+06 7.032447E+06 6.680121E+06 6.396728E+06 6.170885E+06 5.990620E+06 5.844154E+06 5.308032E+06 4.707648E+06 3.976616E+06 3.238935E+06 2.585380E+06 2.043287E+06 1.254140E+06 7.461140E+05 4.237982E+05 2.306553E+05 1.233380E+05 6.672076E+04 
2.923733E+07 1.985361E+07 1.620536E+07 1.331715E+07 1.275930E+07 1.111306E+07 9.679394E+06 8.786234E+06 8.196860E+06 7.775120E+06 7.446611E+06 6.935586E+06 6.535661E+06 6.213448E+06 5.955548E+06 5.750976E+06 5.588393E+06 5.456743E+06 4.972730E+06 4.417022E+06 3.732548E+06 3.039112E+06 2.423850E+06 1.913321E+06 1.170616E+06 6.936963E+05 3.923181E+05 2.125706E+05 1.131775E+05 6.098091E+04 
2.872631E+07 1.946703E+07 1.588296E+07 1.298095E+07 1.235363E+07 1.054482E+07 9.129329E+06 8.268659E+06 7.708290E+06 7.311989E+06 7.006741E+06 6.538659E+06 6.178117E+06 5.891570E+06 5.665402E+06 5.488794E+06 5.350882E+06 5.241213E+06 4.844607E+06 4.360678E+06 3.735593E+06 3.085545E+06 2.498081E+06 2.002827E+06 1.265543E+06 7.748642E+05 4.522231E+05 2.521096E+05 1.375292E+05 7.557521E+04 
2.759464E+07 1.865369E+07 1.525459E+07 1.293573E+07 1.265983E+07 1.154586E+07 1.017597E+07 9.280128E+06 8.676219E+06 8.236955E+06 7.889723E+06 7.339539E+06 6.900062E+06 6.539670E+06 6.246167E+06 6.009160E+06 5.817412E+06 5.659666E+06 5.079992E+06 4.467269E+06 3.752026E+06 3.045745E+06 2.427954E+06 1.919614E+06 1.183571E+06 7.092619E+05 4.059722E+05 2.224022E+05 1.194854E+05 6.482340E+04 
2.540941E+07 1.710247E+07 1.398248E+07 1.155847E+07 1.094687E+07 9.063006E+06 7.755727E+06 6.989591E+06 6.499649E+06 6.157017E+06 5.894729E+06 5.492983E+06 5.181461E+06 4.930986E+06 4.730477E+06 4.571383E+06 4.444982E+06 4.342728E+06 3.967717E+06 3.535471E+06 3.000520E+06 2.456862E+06 1.973060E+06 1.570068E+06 9.786536E+05 5.917448E+05 3.412444E+05 1.880749E+05 1.015070E+05 5.524381E+04 
3.446780E+07 2.372750E+07 1.933868E+07 1.542337E+07 1.465215E+07 1.283984E+07 1.126538E+07 1.026822E+07 9.606142E+06 9.132390E+06 8.765279E+06 8.202317E+06 7.772968E+06 7.437492E+06 7.178373E+06 6.981128E+06 6.831454E+06 6.715907E+06 6.308861E+06 5.764387E+06 5.016921E+06 4.216203E+06 3.479495E+06 2.850508E+06 1.898891E+06 1.244845E+06 7.889507E+05 4.812154E+05 2.868862E+05 1.709841E+05 
1.873718E+07 1.248533E+07 1.029663E+07 8.786538E+06 8.245132E+06 6.433133E+06 5.387138E+06 4.812126E+06 4.455800E+06 4.211129E+06 4.025284E+06 3.739354E+06 3.512930E+06 3.325669E+06 3.171060E+06 3.044361E+06 2.940394E+06 2.853783E+06 2.531955E+06 2.202706E+06 1.830337E+06 1.470116E+06 1.160022E+06 9.083782E+05 5.504314E+05 3.247871E+05 1.832683E+05 9.905431E+04 5.254090E+04 2.816365E+04 
2.972504E+07 2.020896E+07 1.647825E+07 1.329566E+07 1.255563E+07 1.055815E+07 9.107496E+06 8.236045E+06 7.671253E+06 7.272835E+06 6.966341E+06 6.496319E+06 6.133525E+06 5.844104E+06 5.614330E+06 5.433309E+06 5.290144E+06 5.174409E+06 4.739120E+06 4.216905E+06 3.568221E+06 2.911367E+06 2.329318E+06 1.846600E+06 1.142996E+06 6.872919E+05 3.949223E+05 2.173070E+05 1.172838E+05 6.390043E+04 
2.478313E+07 1.669258E+07 1.364871E+07 1.113366E+07 1.040069E+07 8.297577E+06 7.023331E+06 6.301371E+06 5.846980E+06 5.532337E+06 5.292717E+06 4.925677E+06 4.638793E+06 4.405119E+06 4.214909E+06 4.060809E+06 3.935251E+06 3.830766E+06 3.427420E+06 2.983056E+06 2.471378E+06 1.976894E+06 1.553539E+06 1.212429E+06 7.329301E+05 4.351549E+05 2.494901E+05 1.381395E+05 7.541828E+04 4.165569E+04 
3.254729E+07 2.226279E+07 1.814948E+07 1.473345E+07 1.415110E+07 1.264371E+07 1.113169E+07 1.015473E+07 9.499531E+06 9.026297E+06 8.655921E+06 8.079535E+06 7.631271E+06 7.273978E+06 6.991858E+06 6.771597E+06 6.599601E+06 6.462802E+06 5.968483E+06 5.368213E+06 4.593917E+06 3.788294E+06 3.059706E+06 2.445394E+06 1.532687E+06 9.296789E+05 5.376687E+05 2.974758E+05 1.613838E+05 8.837902E+04 
3.552829E+07 2.452367E+07 1.998607E+07 1.587010E+07 1.506432E+07 1.324372E+07 1.164229E+07 1.062186E+07 9.942327E+06 9.455241E+06 9.077483E+06 8.498349E+06 8.057646E+06 7.714593E+06 7.450917E+06 7.251379E+06 7.100969E+06 6.985649E+06 6.580988E+06 6.026326E+06 5.254886E+06 4.423491E+06 3.655603E+06 2.998059E+06 1.999887E+06 1.311512E+06 8.308379E+05 5.062986E+05 3.015114E+05 1.795129E+05 
4.145836E+07 2.907399E+07 2.372739E+07 1.876474E+07 1.807075E+07 1.711242E+07 1.548724E+07 1.432020E+07 1.350240E+07 1.289608E+07 1.241379E+07 1.165636E+07 1.107061E+07 1.061322E+07 1.026304E+07 1.000016E+07 9.804140E+06 9.655764E+06 9.147006E+06 8.435722E+06 7.424478E+06 6.318831E+06 5.286267E+06 4.393968E+06 3.022968E+06 2.057098E+06 1.358650E+06 8.640322E+05 5.354514E+05 3.301207E+05 
2.359620E+07 1.584403E+07 1.301029E+07 1.127320E+07 1.098969E+07 9.665026E+06 8.394072E+06 7.603724E+06 7.082004E+06 6.706757E+06 6.411602E+06 5.943421E+06 5.565854E+06 5.251727E+06 4.991433E+06 4.777111E+06 4.600076E+06 4.451443E+06 3.893374E+06 3.339845E+06 2.737487E+06 2.169929E+06 1.690750E+06 1.308142E+06 7.752799E+05 4.486796E+05 2.491138E+05 1.329476E+05 6.987706E+04 3.723465E+04 
4.390848E+07 3.099789E+07 2.530812E+07 1.973303E+07 1.881631E+07 1.750532E+07 1.578905E+07 1.458095E+07 1.373972E+07 1.311906E+07 1.262814E+07 1.186450E+07 1.128219E+07 1.083435E+07 1.049736E+07 1.024943E+07 1.006876E+07 9.935197E+06 9.476650E+06 8.764385E+06 7.710933E+06 6.542714E+06 5.443725E+06 4.489906E+06 3.022158E+06 1.997680E+06 1.276209E+06 7.848594E+05 4.718224E+05 2.834817E+05 
3.317513E+07 2.272355E+07 1.851832E+07 1.493470E+07 1.428769E+07 1.267092E+07 1.113680E+07 1.015300E+07 9.495491E+06 9.021925E+06 8.652272E+06 8.078934E+06 7.634655E+06 7.281529E+06 7.003283E+06 6.786293E+06 6.616803E+06 6.481697E+06 5.986149E+06 5.378335E+06 4.599114E+06 3.792818E+06 3.066262E+06 2.454942E+06 1.547047E+06 9.449156E+05 5.503880E+05 3.064258E+05 1.670461E+05 9.178752E+04 
3.284412E+07 2.249180E+07 1.833237E+07 1.477447E+07 1.410392E+07 1.241208E+07 1.088165E+07 9.909490E+06 9.262331E+06 8.797435E+06 8.435289E+06 7.874862E+06 7.441598E+06 7.097934E+06 6.827808E+06 6.617850E+06 6.454583E+06 6.325142E+06 5.854599E+06 5.269010E+06 4.507185E+06 3.712980E+06 2.994746E+06 2.389773E+06 1.493304E+06 9.037699E+05 5.221590E+05 2.889562E+05 1.569351E+05 8.607808E+04 
2.876023E+07 1.953392E+07 1.596980E+07 1.339526E+07 1.304239E+07 1.182108E+07 1.041373E+07 9.497373E+06 8.880565E+06 8.432336E+06 8.078187E+06 7.517062E+06 7.068623E+06 6.700544E+06 6.400275E+06 6.157096E+06 5.959467E+06 5.795885E+06 5.183855E+06 4.535281E+06 3.789460E+06 3.063109E+06 2.435735E+06 1.925823E+06 1.199619E+06 7.383127E+05 4.411801E+05 2.552806E+05 1.455182E+05 8.361147E+04 
2.896977E+07 1.967309E+07 1.608438E+07 1.357751E+07 1.331700E+07 1.232753E+07 1.093228E+07 9.999674E+06 9.365380E+06 8.901584E+06 8.533699E+06 7.949322E+06 7.482289E+06 7.099900E+06 6.789323E+06 6.539375E+06 6.337913E+06 6.172794E+06 5.568518E+06 4.922500E+06 4.159547E+06 3.401219E+06 2.735657E+06 2.187128E+06 1.391093E+06 8.721484E+05 5.293835E+05 3.101912E+05 1.785269E+05 1.033142E+05 
4.377248E+07 3.096776E+07 2.527939E+07 1.925327E+07 1.784474E+07 1.520142E+07 1.332038E+07 1.214224E+07 1.136015E+07 1.080057E+07 1.036765E+07 9.707081E+06 9.208161E+06 8.822534E+06 8.527138E+06 8.302518E+06 8.130162E+06 7.993410E+06 7.448409E+06 6.695546E+06 5.720069E+06 4.717130E+06 3.820373E+06 3.072191E+06 1.974881E+06 1.253697E+06 7.733635E+05 4.618287E+05 2.710490E+05 1.597306E+05 
3.756759E+07 2.600335E+07 2.118384E+07 1.685028E+07 1.615075E+07 1.475236E+07 1.313950E+07 1.205397E+07 1.131289E+07 1.077247E+07 1.034782E+07 9.688350E+06 9.181234E+06 8.784039E+06 8.477182E+06 8.243627E+06 8.066312E+06 7.929212E+06 7.442447E+06 6.789535E+06 5.893859E+06 4.931963E+06 4.042664E+06 3.278883E+06 2.115567E+06 1.319840E+06 7.838278E+05 4.441628E+05 2.459611E+05 1.369966E+05 
4.165748E+07 2.921587E+07 2.383791E+07 1.878333E+07 1.802535E+07 1.690185E+07 1.524733E+07 1.407648E+07 1.326018E+07 1.265685E+07 1.217813E+07 1.142815E+07 1.084898E+07 1.039638E+07 1.004894E+07 9.786879E+06 9.590105E+06 9.439774E+06 8.913809E+06 8.188315E+06 7.172654E+06 6.070514E+06 5.045413E+06 4.161683E+06 2.807817E+06 1.862518E+06 1.193595E+06 7.355513E+05 4.425844E+05 2.659359E+05 
3.062341E+07 2.083875E+07 1.699864E+07 1.396829E+07 1.346937E+07 1.203245E+07 1.057445E+07 9.637711E+06 9.011651E+06 8.560470E+06 8.207776E+06 7.658951E+06 7.231343E+06 6.889425E+06 6.618394E+06 6.405911E+06 6.239322E+06 6.106383E+06 5.627347E+06 5.057121E+06 4.328447E+06 3.573314E+06 2.891833E+06 2.317759E+06 1.463907E+06 8.963754E+05 5.235463E+05 2.923195E+05 1.598078E+05 8.804169E+04 
3.337146E+07 2.288558E+07 1.866224E+07 1.518391E+07 1.466087E+07 1.335220E+07 1.182998E+07 1.081972E+07 1.013356E+07 9.632927E+06 9.237352E+06 8.613867E+06 8.121526E+06 7.723380E+06 7.403878E+06 7.149509E+06 6.946176E+06 6.780207E+06 6.157685E+06 5.449422E+06 4.595719E+06 3.742306E+06 2.991106E+06 2.370689E+06 1.469833E+06 8.878216E+05 5.138716E+05 2.854450E+05 1.557133E+05 8.577231E+04 
2.759418E+07 1.867223E+07 1.526677E+07 1.281243E+07 1.241504E+07 1.103182E+07 9.651932E+06 8.777029E+06 8.195467E+06 7.776962E+06 7.449242E+06 6.935877E+06 6.530785E+06 6.201922E+06 5.936676E+06 5.724609E+06 5.554747E+06 5.416259E+06 4.907767E+06 4.345026E+06 3.667443E+06 2.988735E+06 2.390844E+06 1.897150E+06 1.180908E+06 7.181122E+05 4.195878E+05 2.357218E+05 1.301218E+05 7.248529E+04 
3.057155E+07 2.081385E+07 1.696279E+07 1.363279E+07 1.287275E+07 1.087196E+07 9.398839E+06 8.509236E+06 7.931696E+06 7.524472E+06 7.211976E+06 6.735787E+06 6.372313E+06 6.086124E+06 5.862426E+06 5.689483E+06 5.555728E+06 5.450201E+06 5.065321E+06 4.572801E+06 3.924604E+06 3.246028E+06 2.630725E+06 2.110930E+06 1.335737E+06 8.190753E+05 4.789113E+05 2.675671E+05 1.462954E+05 8.056850E+04 
3.540034E+07 2.438610E+07 1.987112E+07 1.592789E+07 1.526826E+07 1.378337E+07 1.220508E+07 1.116466E+07 1.046052E+07 9.949148E+06 9.547664E+06 8.921979E+06 8.436076E+06 8.050134E+06 7.746603E+06 7.510416E+06 7.326312E+06 7.179792E+06 6.641964E+06 5.977764E+06 5.122859E+06 4.235668E+06 3.434115E+06 2.758034E+06 1.750391E+06 1.078213E+06 6.342677E+05 3.569574E+05 1.967259E+05 1.092132E+05 
1.774995E+07 1.182081E+07 9.753949E+06 8.214269E+06 7.601500E+06 5.716531E+06 4.736897E+06 4.214540E+06 3.895849E+06 3.679170E+06 3.515377E+06 3.263073E+06 3.061474E+06 2.892761E+06 2.751654E+06 2.634364E+06 2.536598E+06 2.453805E+06 2.137278E+06 1.821820E+06 1.482134E+06 1.165458E+06 9.006288E+05 6.910166E+05 4.025553E+05 2.287190E+05 1.244550E+05 6.499667E+04 3.340868E+04 1.741616E+04 
3.157993E+07 2.155039E+07 1.757057E+07 1.427727E+07 1.367218E+07 1.205086E+07 1.055690E+07 9.609275E+06 8.979189E+06 8.526746E+06 8.174120E+06 7.627195E+06 7.202355E+06 6.863281E+06 6.594732E+06 6.384089E+06 6.218552E+06 6.085836E+06 5.597768E+06 5.011554E+06 4.270389E+06 3.509438E+06 2.827710E+06 2.256974E+06 1.414862E+06 8.608023E+05 5.000696E+05 2.779793E+05 1.514278E+05 8.318886E+04 
3.393469E+07 2.330399E+07 1.899445E+07 1.528975E+07 1.463735E+07 1.306340E+07 1.151559E+07 1.051414E+07 9.842420E+06 9.357812E+06 8.979434E+06 8.393531E+06 7.941619E+06 7.584836E+06 7.306138E+06 7.091123E+06 6.925304E+06 6.794932E+06 6.323947E+06 5.722248E+06 4.926192E+06 4.089282E+06 3.328094E+06 2.683689E+06 1.720254E+06 1.074315E+06 6.432805E+05 3.694934E+05 2.079570E+05 1.177550E+05 
2.471451E+07 1.663630E+07 1.361736E+07 1.131784E+07 1.072721E+07 8.860836E+06 7.570446E+06 6.815025E+06 6.330942E+06 5.990844E+06 5.728760E+06 5.322723E+06 5.002849E+06 4.741560E+06 4.528834E+06 4.356875E+06 4.217486E+06 4.102480E+06 3.673746E+06 3.212128E+06 2.672854E+06 2.142970E+06 1.682792E+06 1.307557E+06 7.739100E+05 4.422669E+05 2.405005E+05 1.251641E+05 6.410699E+04 3.335171E+04 
3.052411E+07 2.077893E+07 1.694350E+07 1.376007E+07 1.311408E+07 1.134571E+07 9.875388E+06 8.964220E+06 8.364961E+06 7.937916E+06 7.606981E+06 7.096414E+06 6.701271E+06 6.386360E+06 6.137111E+06 5.941687E+06 5.788162E+06 5.665106E+06 5.211994E+06 4.665784E+06 3.974555E+06 3.264971E+06 2.629502E+06 2.097701E+06 1.313427E+06 7.978022E+05 4.624932E+05 2.564379E+05 1.393043E+05 7.631310E+04 
2.507770E+07 1.688960E+07 1.381236E+07 1.136235E+07 1.069843E+07 8.712104E+06 7.416652E+06 6.668450E+06 6.192794E+06 5.860934E+06 5.606751E+06 5.215485E+06 4.908873E+06 4.659087E+06 4.455907E+06 4.291492E+06 4.157754E+06 4.046715E+06 3.621862E+06 3.157376E+06 2.621600E+06 2.101932E+06 1.655153E+06 1.293535E+06 7.818060E+05 4.616696E+05 2.618107E+05 1.427631E+05 7.659615E+04 4.157560E+04 
2.455111E+07 1.652984E+07 1.353326E+07 1.124062E+07 1.063850E+07 8.750112E+06 7.468260E+06 6.722265E+06 6.246270E+06 5.913154E+06 5.657253E+06 5.261836E+06 4.950642E+06 4.696216E+06 4.488623E+06 4.320233E+06 4.183075E+06 4.069209E+06 3.637797E+06 3.173959E+06 2.640839E+06 2.124061E+06 1.680192E+06 1.321507E+06 8.149357E+05 4.968815E+05 2.943668E+05 1.690105E+05 9.567786E+04 5.463864E+04 
4.701967E+07 3.347553E+07 2.736615E+07 2.126967E+07 2.036147E+07 1.949788E+07 1.780811E+07 1.654376E+07 1.564128E+07 1.496439E+07 1.442204E+07 1.356658E+07 1.290605E+07 1.239398E+07 1.200596E+07 1.171806E+07 1.150579E+07 1.134640E+07 1.078419E+07 9.944676E+06 8.736224E+06 7.410564E+06 6.169366E+06 5.094279E+06 3.440156E+06 2.282287E+06 1.462868E+06 9.020275E+05 5.433214E+05 3.269158E+05 
2.288103E+07 1.533664E+07 1.260152E+07 1.094116E+07 1.064045E+07 9.262662E+06 8.019942E+06 7.258170E+06 6.759654E+06 6.404032E+06 6.126645E+06 5.691663E+06 5.345605E+06 5.061269E+06 4.828804E+06 4.640344E+06 4.487411E+06 4.361422E+06 3.902465E+06 3.427811E+06 2.877837E+06 2.336336E+06 1.863878E+06 1.476123E+06 9.163313E+05 5.556629E+05 3.233522E+05 1.806537E+05 9.907429E+04 5.481411E+04 
3.098636E+07 2.114802E+07 1.726426E+07 1.423342E+07 1.377840E+07 1.246457E+07 1.099916E+07 1.004143E+07 9.395689E+06 8.926654E+06 8.557004E+06 7.975015E+06 7.514834E+06 7.141575E+06 6.840984E+06 6.600873E+06 6.408442E+06 6.251164E+06 5.664898E+06 5.007983E+06 4.220496E+06 3.435706E+06 2.747200E+06 2.180703E+06 1.362478E+06 8.356129E+05 4.947660E+05 2.826185E+05 1.588226E+05 9.001277E+04 
4.120311E+07 2.884353E+07 2.352267E+07 1.848181E+07 1.765866E+07 1.628583E+07 1.459473E+07 1.342653E+07 1.261779E+07 1.202130E+07 1.154770E+07 1.080247E+07 1.022085E+07 9.759083E+06 9.396607E+06 9.114761E+06 8.894564E+06 8.718184E+06 8.049629E+06 7.211894E+06 6.148597E+06 5.057418E+06 4.079461E+06 3.260015E+06 2.049584E+06 1.252176E+06 7.317498E+05 4.098285E+05 2.251431E+05 1.247574E+05 
2.400142E+07 1.613199E+07 1.322841E+07 1.124274E+07 1.081139E+07 9.220556E+06 7.947908E+06 7.182347E+06 6.686153E+06 6.335103E+06 6.063387E+06 5.641327E+06 5.308927E+06 5.038068E+06 4.818382E+06 4.641742E+06 4.499583E+06 4.383341E+06 3.960219E+06 3.504925E+06 2.962513E+06 2.421325E+06 1.945773E+06 1.553808E+06 9.852985E+05 6.152041E+05 3.714572E+05 2.163256E+05 1.237042E+05 7.113810E+04 
2.541451E+07 1.710990E+07 1.400526E+07 1.180224E+07 1.135603E+07 9.779026E+06 8.459744E+06 7.654885E+06 7.129200E+06 6.755163E+06 6.464438E+06 6.011293E+06 5.653856E+06 5.362672E+06 5.126630E+06 4.936837E+06 4.783936E+06 4.658618E+06 4.197262E+06 3.696884E+06 3.103572E+06 2.514184E+06 1.997700E+06 1.572883E+06 9.599103E+05 5.684593E+05 3.213295E+05 1.738689E+05 9.233973E+04 4.958338E+04 
3.272045E+07 2.238099E+07 1.824382E+07 1.482018E+07 1.425633E+07 1.280648E+07 1.129692E+07 1.031539E+07 9.655762E+06 9.179011E+06 8.805979E+06 8.226338E+06 7.776969E+06 7.420230E+06 7.139913E+06 6.922324E+06 6.753550E+06 6.620265E+06 6.142404E+06 5.549966E+06 4.773339E+06 3.958351E+06 3.216990E+06 2.588777E+06 1.648072E+06 1.017588E+06 5.997545E+05 3.380782E+05 1.865729E+05 1.036909E+05 
2.257583E+07 1.512805E+07 1.242588E+07 1.066732E+07 1.026270E+07 8.681123E+06 7.451205E+06 6.718075E+06 6.244069E+06 5.908355E+06 5.647522E+06 5.238864E+06 4.912549E+06 4.642635E+06 4.420016E+06 4.237547E+06 4.087509E+06 3.962059E+06 3.491389E+06 3.014076E+06 2.484661E+06 1.980026E+06 1.550439E+06 1.205065E+06 7.197911E+05 4.190117E+05 2.335161E+05 1.248400E+05 6.561970E+04 3.492630E+04 
2.962419E+07 2.014219E+07 1.645042E+07 1.366375E+07 1.324184E+07 1.191724E+07 1.048599E+07 9.559946E+06 8.938482E+06 8.488418E+06 8.134432E+06 7.578027E+06 7.138506E+06 6.782153E+06 6.495350E+06 6.266535E+06 6.083541E+06 5.934423E+06 5.383311E+06 4.765615E+06 4.020053E+06 3.273458E+06 2.616252E+06 2.074103E+06 1.289015E+06 7.832427E+05 4.577935E+05 2.575402E+05 1.424655E+05 7.955592E+04 
6.322804E+07 4.736223E+07 3.915991E+07 2.949069E+07 2.754352E+07 2.604081E+07 2.404521E+07 2.249382E+07 2.136049E+07 2.049671E+07 1.979656E+07 1.868150E+07 1.781813E+07 1.715255E+07 1.665160E+07 1.627961E+07 1.600052E+07 1.578216E+07 1.487532E+07 1.352279E+07 1.172819E+07 9.848479E+06 8.135807E+06 6.681187E+06 4.496908E+06 3.010135E+06 1.969973E+06 1.249906E+06 7.765206E+05 4.812285E+05 
2.618071E+07 1.767406E+07 1.446481E+07 1.216802E+07 1.173019E+07 1.019672E+07 8.851547E+06 8.020935E+06 7.474970E+06 7.084574E+06 6.779879E+06 6.302893E+06 5.925301E+06 5.617064E+06 5.366789E+06 5.165205E+06 5.002481E+06 4.868828E+06 4.375205E+06 3.842316E+06 3.214058E+06 2.592617E+06 2.050374E+06 1.606613E+06 9.721788E+05 5.729938E+05 3.241985E+05 1.766402E+05 9.490239E+04 5.168383E+04 
2.577448E+07 1.736616E+07 1.421041E+07 1.194533E+07 1.148982E+07 9.907204E+06 8.576842E+06 7.763510E+06 7.231787E+06 6.853281E+06 6.559055E+06 6.100616E+06 5.739360E+06 5.445448E+06 5.207549E+06 5.016567E+06 4.862952E+06 4.737226E+06 4.274425E+06 3.769022E+06 3.166949E+06 2.567478E+06 2.041469E+06 1.608464E+06 9.832248E+05 5.835777E+05 3.308769E+05 1.796972E+05 9.582066E+04 5.165973E+04 
4.046579E+07 2.831669E+07 2.310256E+07 1.820899E+07 1.740791E+07 1.602644E+07 1.435125E+07 1.320080E+07 1.240724E+07 1.182357E+07 1.136103E+07 1.063417E+07 1.006723E+07 9.617224E+06 9.264178E+06 8.990008E+06 8.776287E+06 8.605662E+06 7.965890E+06 7.166087E+06 6.144958E+06 5.092565E+06 4.147162E+06 3.354134E+06 2.180189E+06 1.396951E+06 8.674309E+05 5.200398E+05 3.058215E+05 1.803947E+05 
4.402448E+07 3.108294E+07 2.538431E+07 1.995087E+07 1.921858E+07 1.847701E+07 1.684623E+07 1.563114E+07 1.476610E+07 1.411785E+07 1.359790E+07 1.277416E+07 1.213196E+07 1.162746E+07 1.123877E+07 1.094452E+07 1.072248E+07 1.055168E+07 9.941498E+06 9.101630E+06 7.940699E+06 6.691010E+06 5.535497E+06 4.544612E+06 3.039035E+06 2.001212E+06 1.276035E+06 7.841905E+05 4.713892E+05 2.832916E+05 
4.587097E+07 3.254531E+07 2.659072E+07 2.071902E+07 1.984438E+07 1.891970E+07 1.723628E+07 1.599306E+07 1.511098E+07 1.445243E+07 1.392695E+07 1.310229E+07 1.246896E+07 1.198016E+07 1.161169E+07 1.134026E+07 1.114224E+07 1.099570E+07 1.049472E+07 9.725549E+06 8.588947E+06 7.325386E+06 6.132391E+06 5.092453E+06 3.479106E+06 2.335719E+06 1.514651E+06 9.439785E+05 5.738161E+05 3.478592E+05 
2.627938E+07 1.772029E+07 1.448972E+07 1.209815E+07 1.159922E+07 9.950114E+06 8.606106E+06 7.788507E+06 7.255708E+06 6.877728E+06 6.584980E+06 6.131142E+06 5.775632E+06 5.487912E+06 5.256242E+06 5.071286E+06 4.923371E+06 4.802976E+06 4.361686E+06 3.870260E+06 3.274854E+06 2.675702E+06 2.145572E+06 1.705765E+06 1.063008E+06 6.439792E+05 3.728026E+05 2.065720E+05 1.121843E+05 6.144831E+04 
3.835223E+07 2.672751E+07 2.180029E+07 1.712941E+07 1.620642E+07 1.430638E+07 1.261455E+07 1.152176E+07 1.078755E+07 1.025640E+07 9.839929E+06 9.189658E+06 8.681471E+06 8.274006E+06 7.949106E+06 7.691154E+06 7.484432E+06 7.314159E+06 6.643169E+06 5.852058E+06 4.912128E+06 3.987901E+06 3.186051E+06 2.532906E+06 1.602331E+06 1.010499E+06 6.245890E+05 3.760293E+05 2.231594E+05 1.330494E+05 
2.036667E+07 1.359819E+07 1.116818E+07 9.275948E+06 8.614897E+06 6.624902E+06 5.533363E+06 4.938725E+06 4.572253E+06 4.321976E+06 4.132874E+06 3.843789E+06 3.616377E+06 3.429289E+06 3.275514E+06 3.149923E+06 3.047016E+06 2.961177E+06 2.634882E+06 2.287951E+06 1.892915E+06 1.511890E+06 1.185422E+06 9.218480E+05 5.500690E+05 3.190452E+05 1.767118E+05 9.369205E+04 4.877053E+04 2.568978E+04 
3.623874E+07 2.503197E+07 2.040429E+07 1.636980E+07 1.575026E+07 1.443498E+07 1.284885E+07 1.177853E+07 1.104583E+07 1.050876E+07 1.008337E+07 9.412756E+06 8.884948E+06 8.460555E+06 8.122323E+06 7.854981E+06 7.642731E+06 7.470418E+06 6.821634E+06 6.061148E+06 5.129497E+06 4.190312E+06 3.358689E+06 2.668475E+06 1.660319E+06 1.004781E+06 5.818547E+05 3.230293E+05 1.760082E+05 9.681304E+04 
2.831265E+07 1.918981E+07 1.568041E+07 1.306947E+07 1.262951E+07 1.119079E+07 9.789428E+06 8.901999E+06 8.312323E+06 7.888192E+06 7.556321E+06 7.037191E+06 6.628457E+06 6.297479E+06 6.031316E+06 5.819244E+06 5.650026E+06 5.512600E+06 5.009919E+06 4.445950E+06 3.758355E+06 3.064566E+06 2.450457E+06 1.941724E+06 1.202111E+06 7.250905E+05 4.196081E+05 2.334219E+05 1.276883E+05 7.058063E+04 
4.568155E+07 3.248665E+07 2.655641E+07 2.048654E+07 1.933757E+07 1.756292E+07 1.573109E+07 1.447935E+07 1.361595E+07 1.298094E+07 1.247795E+07 1.168848E+07 1.107426E+07 1.058822E+07 1.020760E+07 9.911513E+06 9.679050E+06 9.490931E+06 8.750532E+06 7.819401E+06 6.663985E+06 5.496344E+06 4.461423E+06 3.602692E+06 2.349110E+06 1.524783E+06 9.679994E+05 5.966479E+05 3.611135E+05 2.187520E+05 
4.172896E+07 2.934430E+07 2.393451E+07 1.832094E+07 1.700748E+07 1.443419E+07 1.261250E+07 1.148055E+07 1.073235E+07 1.019851E+07 9.786242E+06 9.157836E+06 8.682967E+06 8.315235E+06 8.032896E+06 7.817802E+06 7.652651E+06 7.521788E+06 7.006583E+06 6.300330E+06 5.382830E+06 4.437601E+06 3.591408E+06 2.884694E+06 1.846709E+06 1.163985E+06 7.108061E+05 4.194385E+05 2.431857E+05 1.417008E+05 
3.522935E+07 2.430723E+07 1.981514E+07 1.580401E+07 1.505037E+07 1.332905E+07 1.173741E+07 1.071409E+07 1.002942E+07 9.536336E+06 9.151807E+06 8.556791E+06 8.097712E+06 7.734798E+06 7.450635E+06 7.230549E+06 7.059838E+06 6.924602E+06 6.428281E+06 5.803128E+06 4.991049E+06 4.146494E+06 3.384205E+06 2.742892E+06 1.790274E+06 1.151458E+06 7.171859E+05 4.308832E+05 2.536958E+05 1.497105E+05 
2.978635E+07 2.024727E+07 1.652931E+07 1.368183E+07 1.323032E+07 1.184732E+07 1.040852E+07 9.482342E+06 8.862023E+06 8.413404E+06 8.060977E+06 7.507819E+06 7.071484E+06 6.718104E+06 6.434054E+06 6.207853E+06 6.027435E+06 5.880943E+06 5.344805E+06 4.742579E+06 4.007803E+06 3.265557E+06 2.607503E+06 2.061392E+06 1.265918E+06 7.534763E+05 4.281725E+05 2.331378E+05 1.247172E+05 6.749240E+04 
3.299585E+07 2.259446E+07 1.842520E+07 1.505762E+07 1.458631E+07 1.337740E+07 1.187334E+07 1.086724E+07 1.018178E+07 9.680626E+06 9.284019E+06 8.657993E+06 8.163158E+06 7.762933E+06 7.441956E+06 7.186797E+06 6.983356E+06 6.817896E+06 6.203548E+06 5.504147E+06 4.653900E+06 3.798408E+06 3.041591E+06 2.413857E+06 1.497548E+06 9.024501E+05 5.196064E+05 2.864852E+05 1.549435E+05 8.460992E+04 
3.265886E+07 2.239088E+07 1.825923E+07 1.471073E+07 1.402018E+07 1.227415E+07 1.074514E+07 9.780551E+06 9.140593E+06 8.681869E+06 8.324929E+06 7.772509E+06 7.344556E+06 7.003877E+06 6.734717E+06 6.524036E+06 6.358686E+06 6.226113E+06 5.733248E+06 5.131427E+06 4.370103E+06 3.591308E+06 2.897300E+06 2.320034E+06 1.476464E+06 9.250388E+05 5.613500E+05 3.291794E+05 1.897620E+05 1.100346E+05 
2.483073E+07 1.671238E+07 1.366961E+07 1.125769E+07 1.059862E+07 8.616874E+06 7.330762E+06 6.589424E+06 6.118624E+06 5.790378E+06 5.539062E+06 5.152265E+06 4.849095E+06 4.602040E+06 4.401045E+06 4.238402E+06 4.106143E+06 3.996396E+06 3.577488E+06 3.120150E+06 2.592063E+06 2.079244E+06 1.637865E+06 1.280236E+06 7.734218E+05 4.559252E+05 2.577564E+05 1.399700E+05 7.474502E+04 4.037873E+04 
2.952283E+07 2.004904E+07 1.636701E+07 1.355195E+07 1.309444E+07 1.168313E+07 1.025116E+07 9.334366E+06 8.722152E+06 8.280490E+06 7.934291E+06 7.392272E+06 6.965716E+06 6.620761E+06 6.343754E+06 6.123280E+06 5.947432E+06 5.804548E+06 5.278520E+06 4.684279E+06 3.960726E+06 3.231699E+06 2.586521E+06 2.051510E+06 1.271197E+06 7.651418E+05 4.400549E+05 2.423659E+05 1.309472E+05 7.143429E+04 
2.688775E+07 1.815236E+07 1.484349E+07 1.247302E+07 1.206162E+07 1.061485E+07 9.253619E+06 8.401220E+06 7.837875E+06 7.434038E+06 7.118657E+06 6.625665E+06 6.236962E+06 5.921266E+06 5.666430E+06 5.462521E+06 5.299106E+06 5.165864E+06 4.678109E+06 4.141291E+06 3.495422E+06 2.847914E+06 2.276603E+06 1.803892E+06 1.116030E+06 6.708989E+05 3.853740E+05 2.119662E+05 1.143596E+05 6.229490E+04 
2.572478E+07 1.733225E+07 1.418393E+07 1.193089E+07 1.147909E+07 9.901937E+06 8.572961E+06 7.760225E+06 7.228805E+06 6.850455E+06 6.556299E+06 6.097856E+06 5.736477E+06 5.442360E+06 5.204198E+06 5.012918E+06 4.858986E+06 4.732940E+06 4.268728E+06 3.762492E+06 3.160218E+06 2.561060E+06 2.035703E+06 1.603534E+06 9.801055E+05 5.820350E+05 3.304039E+05 1.797614E+05 9.605879E+04 5.190282E+04 
3.071179E+07 2.094184E+07 1.708291E+07 1.387891E+07 1.323686E+07 1.149067E+07 1.001825E+07 9.103270E+06 8.501336E+06 8.072703E+06 7.740994E+06 7.230651E+06 6.837495E+06 6.525926E+06 6.281109E+06 6.091002E+06 5.943505E+06 5.827034E+06 5.410322E+06 4.894839E+06 4.219794E+06 3.512917E+06 2.871902E+06 2.330582E+06 1.522361E+06 9.769959E+05 6.052938E+05 3.609100E+05 2.106905E+05 1.232919E+05 
3.948908E+07 2.749547E+07 2.241269E+07 1.775434E+07 1.703961E+07 1.579168E+07 1.415881E+07 1.303092E+07 1.225233E+07 1.168056E+07 1.122910E+07 1.052549E+07 9.984163E+06 9.561479E+06 9.236664E+06 8.991135E+06 8.806211E+06 8.664409E+06 8.163974E+06 7.474722E+06 6.514703E+06 5.476341E+06 4.512369E+06 3.682179E+06 2.413250E+06 1.537950E+06 9.380608E+05 5.477659E+05 3.127206E+05 1.792202E+05 
3.813002E+07 2.646533E+07 2.156969E+07 1.711286E+07 1.637637E+07 1.493035E+07 1.329457E+07 1.219315E+07 1.143978E+07 1.088869E+07 1.045384E+07 9.773640E+06 9.245050E+06 8.826146E+06 8.497785E+06 8.243096E+06 8.044991E+06 7.887338E+06 7.299761E+06 6.558400E+06 5.603683E+06 4.615994E+06 3.726795E+06 2.979671E+06 1.873457E+06 1.143529E+06 6.671407E+05 3.728291E+05 2.043248E+05 1.129503E+05 
2.300238E+07 1.542353E+07 1.262186E+07 1.030643E+07 9.567724E+06 7.452517E+06 6.259128E+06 5.599264E+06 5.189627E+06 4.908991E+06 4.697070E+06 4.375049E+06 4.124864E+06 3.921882E+06 3.757398E+06 3.624948E+06 3.517862E+06 3.429513E+06 3.092433E+06 2.712165E+06 2.262362E+06 1.819985E+06 1.436258E+06 1.123623E+06 6.780874E+05 3.978125E+05 2.230383E+05 1.197825E+05 6.316162E+04 3.368118E+04 
3.622656E+07 2.506669E+07 2.043673E+07 1.625634E+07 1.548832E+07 1.380542E+07 1.219036E+07 1.114085E+07 1.043487E+07 9.924283E+06 9.524549E+06 8.902972E+06 8.420824E+06 8.037915E+06 7.736571E+06 7.501676E+06 7.317990E+06 7.171093E+06 6.624219E+06 5.950936E+06 5.095429E+06 4.216433E+06 3.429256E+06 2.770974E+06 1.800250E+06 1.154879E+06 7.188575E+05 4.322593E+05 2.549450E+05 1.507551E+05 
2.750516E+07 1.860420E+07 1.522325E+07 1.298472E+07 1.276544E+07 1.177630E+07 1.041563E+07 9.513584E+06 8.901988E+06 8.455403E+06 8.101366E+06 7.538973E+06 7.089144E+06 6.720359E+06 6.420402E+06 6.178694E+06 5.983703E+06 5.823840E+06 5.240466E+06 4.620232E+06 3.888784E+06 3.162222E+06 2.524912E+06 2.000097E+06 1.240850E+06 7.519673E+05 4.378096E+05 2.451138E+05 1.348930E+05 7.495485E+04 
2.854296E+07 1.935815E+07 1.580327E+07 1.295099E+07 1.233987E+07 1.055596E+07 9.144086E+06 8.283631E+06 7.722449E+06 7.324762E+06 7.017689E+06 6.544981E+06 6.179015E+06 5.886698E+06 5.654700E+06 5.472360E+06 5.328879E+06 5.213819E+06 4.792707E+06 4.289516E+06 3.653190E+06 3.000413E+06 2.416901E+06 1.929919E+06 1.214875E+06 7.463188E+05 4.402239E+05 2.494748E+05 1.387655E+05 7.779054E+04 
4.895611E+07 3.513090E+07 2.876456E+07 2.215656E+07 2.102150E+07 1.972264E+07 1.791255E+07 1.659480E+07 1.566020E+07 1.495954E+07 1.439630E+07 1.349915E+07 1.279302E+07 1.223110E+07 1.178971E+07 1.144554E+07 1.117459E+07 1.095452E+07 1.007672E+07 8.964214E+06 7.588634E+06 6.204915E+06 4.984007E+06 3.975650E+06 2.516334E+06 1.575671E+06 9.615528E+05 5.700281E+05 3.332000E+05 1.960700E+05 
2.859558E+07 1.937595E+07 1.583098E+07 1.327266E+07 1.291781E+07 1.168363E+07 1.028325E+07 9.374382E+06 8.763862E+06 8.321284E+06 7.972704E+06 7.423331E+06 6.987493E+06 6.632414E+06 6.345156E+06 6.114779E+06 5.929662E+06 5.778294E+06 5.222773E+06 4.618495E+06 3.898259E+06 3.179099E+06 2.545527E+06 2.021400E+06 1.257691E+06 7.613499E+05 4.407882E+05 2.444528E+05 1.329522E+05 7.296174E+04 
3.296003E+07 2.262541E+07 1.844362E+07 1.469942E+07 1.387876E+07 1.186416E+07 1.031547E+07 9.362796E+06 8.737759E+06 8.293269E+06 7.949621E+06 7.421443E+06 7.014859E+06 6.692568E+06 6.438768E+06 6.240591E+06 6.085230E+06 5.960550E+06 5.488739E+06 4.898598E+06 4.151308E+06 3.389696E+06 2.714095E+06 2.155051E+06 1.345789E+06 8.261048E+05 4.911735E+05 2.826550E+05 1.603323E+05 9.175272E+04 
2.170041E+07 1.451736E+07 1.192329E+07 1.010075E+07 9.575887E+06 7.780847E+06 6.601897E+06 5.926931E+06 5.499758E+06 5.202234E+06 4.974216E+06 4.621877E+06 4.343675E+06 4.115173E+06 3.927909E+06 3.775479E+06 3.651078E+06 3.547814E+06 3.161852E+06 2.756758E+06 2.293266E+06 1.843062E+06 1.454755E+06 1.139286E+06 6.902351E+05 4.071948E+05 2.298014E+05 1.242890E+05 6.600623E+04 3.543972E+04 
2.988454E+07 2.036301E+07 1.662722E+07 1.363725E+07 1.307041E+07 1.143876E+07 9.986133E+06 9.075293E+06 8.472340E+06 8.039823E+06 7.702168E+06 7.175499E+06 6.762268E+06 6.428769E+06 6.161472E+06 5.949157E+06 5.780165E+06 5.643089E+06 5.136907E+06 4.554917E+06 3.839543E+06 3.116966E+06 2.478664E+06 1.952255E+06 1.195298E+06 7.170340E+05 4.165279E+05 2.348558E+05 1.311242E+05 7.420427E+04 
3.941738E+07 2.748254E+07 2.241278E+07 1.774869E+07 1.701018E+07 1.568554E+07 1.403475E+07 1.290081E+07 1.211811E+07 1.154163E+07 1.108393E+07 1.036238E+07 9.796826E+06 9.345404E+06 8.988876E+06 8.709792E+06 8.490239E+06 8.313260E+06 7.641868E+06 6.821872E+06 5.797673E+06 4.756179E+06 3.829250E+06 3.057358E+06 1.926025E+06 1.185878E+06 7.023288E+05 4.002321E+05 2.240790E+05 1.264826E+05 
4.316234E+07 3.044949E+07 2.486099E+07 1.933071E+07 1.832119E+07 1.665233E+07 1.488513E+07 1.368394E+07 1.285780E+07 1.225137E+07 1.177173E+07 1.102002E+07 1.043553E+07 9.972823E+06 9.610398E+06 9.328855E+06 9.108684E+06 8.931746E+06 8.250921E+06 7.394705E+06 6.316366E+06 5.215716E+06 4.233387E+06 3.413525E+06 2.207567E+06 1.409554E+06 8.736845E+05 5.236051E+05 3.080994E+05 1.819259E+05 
5.029966E+07 3.622385E+07 2.967219E+07 2.267776E+07 2.135510E+07 1.966747E+07 1.777434E+07 1.643422E+07 1.549436E+07 1.479596E+07 1.423946E+07 1.336440E+07 1.268732E+07 1.215792E+07 1.175016E+07 1.143925E+07 1.120042E+07 1.101111E+07 1.027076E+07 9.272572E+06 7.977727E+06 6.635865E+06 5.424733E+06 4.404463E+06 2.886805E+06 1.868486E+06 1.174585E+06 7.138479E+05 4.255265E+05 2.541471E+05 
3.262018E+07 2.231501E+07 1.818878E+07 1.471620E+07 1.409232E+07 1.249265E+07 1.097312E+07 1.000048E+07 9.351035E+06 8.883495E+06 8.518550E+06 7.952149E+06 7.512544E+06 7.162379E+06 6.885756E+06 6.669398E+06 6.499870E+06 6.364321E+06 5.866361E+06 5.262289E+06 4.493444E+06 3.700936E+06 2.988724E+06 2.390799E+06 1.505168E+06 9.194113E+05 5.360961E+05 2.990033E+05 1.633579E+05 8.996655E+04 
2.968142E+07 2.016482E+07 1.644891E+07 1.342158E+07 1.280306E+07 1.105179E+07 9.605825E+06 8.713565E+06 8.127971E+06 7.711136E+06 7.388233E+06 6.889767E+06 6.503209E+06 6.194255E+06 5.948892E+06 5.755799E+06 5.603525E+06 5.481041E+06 5.029725E+06 4.493595E+06 3.821126E+06 3.133851E+06 2.520113E+06 2.007604E+06 1.253648E+06 7.594302E+05 4.389884E+05 2.426816E+05 1.314452E+05 7.181105E+04 
2.820749E+07 1.909671E+07 1.559924E+07 1.298465E+07 1.253106E+07 1.105806E+07 9.659828E+06 8.778908E+06 8.195150E+06 7.776238E+06 7.449140E+06 6.938759E+06 6.537888E+06 6.213807E+06 5.953525E+06 5.746371E+06 5.581236E+06 5.447217E+06 4.956464E+06 4.403406E+06 3.727996E+06 3.045749E+06 2.440806E+06 1.938336E+06 1.203823E+06 7.259727E+05 4.181186E+05 2.304903E+05 1.245845E+05 6.796821E+04 
2.653327E+07 1.791560E+07 1.466012E+07 1.237636E+07 1.199144E+07 1.057947E+07 9.223044E+06 8.370895E+06 7.806051E+06 7.399432E+06 7.080092E+06 6.576101E+06 6.173290E+06 5.841475E+06 5.569356E+06 5.347599E+06 5.166165E+06 5.014998E+06 4.445277E+06 3.852781E+06 3.185829E+06 2.545405E+06 1.997682E+06 1.555849E+06 9.329240E+05 5.454713E+05 3.056669E+05 1.645012E+05 8.710809E+04 4.671669E+04 
5.611890E+07 4.110965E+07 3.379755E+07 2.563526E+07 2.408959E+07 2.260975E+07 2.068059E+07 1.924135E+07 1.820892E+07 1.743094E+07 1.680529E+07 1.581505E+07 1.504883E+07 1.445426E+07 1.400200E+07 1.366244E+07 1.340576E+07 1.320498E+07 1.241012E+07 1.127265E+07 9.759546E+06 8.170623E+06 6.722342E+06 5.492362E+06 3.644726E+06 2.389496E+06 1.522368E+06 9.375937E+05 5.658260E+05 3.416217E+05 
2.486352E+07 1.673216E+07 1.372006E+07 1.180487E+07 1.152369E+07 1.025631E+07 8.951886E+06 8.128329E+06 7.581469E+06 7.187255E+06 6.877305E+06 6.387653E+06 5.996142E+06 5.673796E+06 5.409880E+06 5.195514E+06 5.021059E+06 4.876771E+06 4.344836E+06 3.793620E+06 3.161525E+06 2.545013E+06 2.011546E+06 1.577282E+06 9.585878E+05 5.687504E+05 3.240684E+05 1.776320E+05 9.584829E+04 5.233793E+04 
3.075446E+07 2.095037E+07 1.708487E+07 1.389524E+07 1.327192E+07 1.156240E+07 1.008532E+07 9.162147E+06 8.552346E+06 8.116177E+06 7.776939E+06 7.250943E+06 6.841359E+06 6.513024E+06 6.251474E+06 6.044853E+06 5.881117E+06 5.748673E+06 5.256527E+06 4.680383E+06 3.968473E+06 3.246919E+06 2.605924E+06 2.072660E+06 1.291370E+06 7.813773E+05 4.515724E+05 2.497641E+05 1.354154E+05 7.407214E+04 
4.227161E+07 2.970395E+07 2.424177E+07 1.905959E+07 1.827332E+07 1.714159E+07 1.547592E+07 1.429409E+07 1.346909E+07 1.285891E+07 1.237459E+07 1.161594E+07 1.103052E+07 1.057364E+07 1.022351E+07 9.959956E+06 9.762519E+06 9.612060E+06 9.087228E+06 8.359341E+06 7.336515E+06 6.224367E+06 5.188580E+06 4.294771E+06 2.923418E+06 1.961653E+06 1.274270E+06 7.964576E+05 4.856487E+05 2.952261E+05 
3.399427E+07 2.337351E+07 1.905905E+07 1.536564E+07 1.473020E+07 1.320296E+07 1.165646E+07 1.065058E+07 9.974304E+06 9.485484E+06 9.103041E+06 8.508973E+06 8.048776E+06 7.683825E+06 7.397342E+06 7.175087E+06 7.002618E+06 6.866159E+06 6.370872E+06 5.751779E+06 4.944684E+06 4.103048E+06 3.342329E+06 2.701966E+06 1.751207E+06 1.115959E+06 6.876369E+05 4.085643E+05 2.380776E+05 1.392429E+05 
3.706311E+07 2.572639E+07 2.095935E+07 1.624131E+07 1.510510E+07 1.263148E+07 1.094634E+07 9.925236E+06 9.259368E+06 8.788426E+06 8.426522E+06 7.875422E+06 7.456532E+06 7.128617E+06 6.873438E+06 6.676183E+06 6.522578E+06 6.399488E+06 5.919649E+06 5.294786E+06 4.500780E+06 3.691752E+06 2.973146E+06 2.376777E+06 1.507407E+06 9.408730E+05 5.685577E+05 3.319067E+05 1.904692E+05 1.099655E+05 
2.869256E+07 1.945778E+07 1.590566E+07 1.342259E+07 1.314675E+07 1.210075E+07 1.070733E+07 9.782855E+06 9.155736E+06 8.697815E+06 8.334911E+06 7.758860E+06 7.298599E+06 6.921595E+06 6.615074E+06 6.367969E+06 6.168318E+06 6.004183E+06 5.398777E+06 4.752231E+06 3.994643E+06 3.245984E+06 2.591417E+06 2.053412E+06 1.275814E+06 7.746339E+05 4.517670E+05 2.532103E+05 1.394183E+05 7.747079E+04 
3.494661E+07 2.405049E+07 1.959510E+07 1.565563E+07 1.493231E+07 1.325890E+07 1.167757E+07 1.065749E+07 9.973608E+06 9.480315E+06 9.095257E+06 8.499329E+06 8.040007E+06 7.677486E+06 7.394173E+06 7.175225E+06 7.005806E+06 6.871915E+06 6.380549E+06 5.754067E+06 4.934625E+06 4.079231E+06 3.304629E+06 2.650829E+06 1.677057E+06 1.029299E+06 6.032461E+05 3.382971E+05 1.858459E+05 1.028862E+05 
2.648984E+07 1.786251E+07 1.460647E+07 1.225533E+07 1.181363E+07 1.028853E+07 8.939803E+06 8.106056E+06 7.558732E+06 7.168532E+06 6.865301E+06 6.394077E+06 6.024776E+06 5.726302E+06 5.486560E+06 5.295815E+06 5.143951E+06 5.021007E+06 4.575662E+06 4.076690E+06 3.463841E+06 2.841303E+06 2.286635E+06 1.823823E+06 1.142615E+06 6.947906E+05 4.031461E+05 2.236426E+05 1.214966E+05 6.654077E+04 
3.082165E+07 2.099444E+07 1.712610E+07 1.404170E+07 1.352027E+07 1.204264E+07 1.057526E+07 9.634751E+06 9.006414E+06 8.553411E+06 8.198954E+06 7.646287E+06 7.214374E+06 6.867907E+06 6.592300E+06 6.375350E+06 6.204468E+06 6.067436E+06 5.570826E+06 4.987838E+06 4.251584E+06 3.493551E+06 2.812615E+06 2.241400E+06 1.397631E+06 8.438106E+05 4.858114E+05 2.676021E+05 1.445698E+05 7.886879E+04 
3.802283E+07 2.643537E+07 2.155669E+07 1.706575E+07 1.627291E+07 1.467841E+07 1.303151E+07 1.193947E+07 1.119778E+07 1.065803E+07 1.023388E+07 9.573294E+06 9.061975E+06 8.657946E+06 8.342115E+06 8.097835E+06 7.908356E+06 7.757911E+06 7.195568E+06 6.476230E+06 5.545627E+06 4.582727E+06 3.717528E+06 2.992918E+06 1.925041E+06 1.219365E+06 7.484732E+05 4.439583E+05 2.586862E+05 1.514362E+05 
2.396899E+07 1.609908E+07 1.319734E+07 1.119058E+07 1.074092E+07 9.111002E+06 7.836453E+06 7.072556E+06 6.577527E+06 6.226717E+06 5.954347E+06 5.528731E+06 5.190517E+06 4.912281E+06 4.684110E+06 4.498176E+06 4.346131E+06 4.219588E+06 3.744495E+06 3.250517E+06 2.692399E+06 2.154835E+06 1.693935E+06 1.321273E+06 7.940594E+05 4.646131E+05 2.600481E+05 1.395306E+05 7.356400E+04 3.925218E+04 
2.751519E+07 1.862719E+07 1.522404E+07 1.263248E+07 1.211141E+07 1.046163E+07 9.074251E+06 8.220067E+06 7.658978E+06 7.257978E+06 6.945221E+06 6.456189E+06 6.069713E+06 5.754736E+06 5.499337E+06 5.293792E+06 5.127862E+06 4.991413E+06 4.482743E+06 3.927461E+06 3.273190E+06 2.627739E+06 2.066071E+06 1.607724E+06 9.560080E+05 5.509587E+05 3.034912E+05 1.605813E+05 8.377826E+04 4.439826E+04 
3.371857E+07 2.312449E+07 1.883672E+07 1.505535E+07 1.430576E+07 1.248942E+07 1.093207E+07 9.950519E+06 9.299854E+06 8.834456E+06 8.473697E+06 7.919607E+06 7.495474E+06 7.162294E+06 6.903049E+06 6.703739E+06 6.550518E+06 6.430353E+06 5.994516E+06 5.428263E+06 4.674404E+06 3.879405E+06 3.154198E+06 2.538256E+06 1.613300E+06 9.919739E+05 5.807259E+05 3.245049E+05 1.773483E+05 9.760646E+04 
3.491523E+07 2.406511E+07 1.961986E+07 1.572568E+07 1.503596E+07 1.344483E+07 1.187036E+07 1.084687E+07 1.015882E+07 9.661641E+06 9.272869E+06 8.669608E+06 8.203030E+06 7.833596E+06 7.543981E+06 7.319496E+06 7.145346E+06 7.007494E+06 6.505467E+06 5.877733E+06 5.060948E+06 4.209566E+06 3.439594E+06 2.790644E+06 1.824220E+06 1.174023E+06 7.310154E+05 4.387474E+05 2.579747E+05 1.520216E+05 
3.428201E+07 2.354016E+07 1.918849E+07 1.558051E+07 1.507610E+07 1.389117E+07 1.236532E+07 1.133520E+07 1.063102E+07 1.011580E+07 9.708622E+06 9.069004E+06 8.568141E+06 8.167750E+06 7.851152E+06 7.603708E+06 7.410252E+06 7.256162E+06 6.698349E+06 6.024744E+06 5.159660E+06 4.261174E+06 3.449071E+06 2.764245E+06 1.745152E+06 1.068277E+06 6.241947E+05 3.489548E+05 1.911510E+05 1.055690E+05 
3.831296E+07 2.664435E+07 2.173310E+07 1.735869E+07 1.673258E+07 1.560640E+07 1.400377E+07 1.288963E+07 1.211809E+07 1.154887E+07 1.109626E+07 1.038109E+07 9.818952E+06 9.369260E+06 9.013697E+06 8.735526E+06 8.517337E+06 8.342481E+06 7.695352E+06 6.913508E+06 5.925184E+06 4.909451E+06 3.998181E+06 3.234353E+06 2.103959E+06 1.349250E+06 8.383269E+05 5.027332E+05 2.956446E+05 1.743627E+05 
3.130229E+07 2.134955E+07 1.741121E+07 1.420117E+07 1.363239E+07 1.207641E+07 1.059251E+07 9.646207E+06 9.015304E+06 8.561212E+06 8.206507E+06 7.654838E+06 7.225124E+06 6.881527E+06 6.609075E+06 6.395271E+06 6.227331E+06 6.092916E+06 5.603401E+06 5.019024E+06 4.277089E+06 3.512593E+06 2.826191E+06 2.250997E+06 1.403016E+06 8.477503E+05 4.890817E+05 2.701904E+05 1.464459E+05 8.014726E+04 
2.696225E+07 1.822317E+07 1.487716E+07 1.208662E+07 1.135670E+07 9.292947E+06 7.934464E+06 7.143717E+06 6.639162E+06 6.286687E+06 6.016934E+06 5.603397E+06 5.281945E+06 5.022528E+06 4.813670E+06 4.646489E+06 4.511977E+06 4.401380E+06 3.979285E+06 3.498602E+06 2.927127E+06 2.363107E+06 1.872160E+06 1.470729E+06 8.955198E+05 5.305970E+05 3.007500E+05 1.634060E+05 8.718287E+04 4.701841E+04 
3.142271E+07 2.143507E+07 1.748560E+07 1.435887E+07 1.388189E+07 1.254411E+07 1.106724E+07 1.010214E+07 9.451475E+06 8.979045E+06 8.607006E+06 8.022170E+06 7.560851E+06 7.187652E+06 6.887991E+06 6.649419E+06 6.458927E+06 6.303834E+06 5.729039E+06 5.080023E+06 4.294082E+06 3.504629E+06 2.806903E+06 2.228500E+06 1.384309E+06 8.355791E+05 4.819436E+05 2.661551E+05 1.441481E+05 7.879961E+04 
2.501001E+07 1.682913E+07 1.376620E+07 1.140469E+07 1.079887E+07 8.914719E+06 7.618906E+06 6.861476E+06 6.377297E+06 6.038379E+06 5.778400E+06 5.378477E+06 5.066266E+06 4.813353E+06 4.609128E+06 4.445395E+06 4.313709E+06 4.205750E+06 3.801636E+06 3.349624E+06 2.810161E+06 2.274720E+06 1.806524E+06 1.422276E+06 8.692046E+05 5.164378E+05 2.932988E+05 1.595619E+05 8.519899E+04 4.597038E+04 
2.596317E+07 1.748732E+07 1.430605E+07 1.204498E+07 1.161551E+07 1.009405E+07 8.760752E+06 7.939359E+06 7.400967E+06 7.017426E+06 6.719432E+06 6.256135E+06 5.892538E+06 5.598108E+06 5.361085E+06 5.172036E+06 5.021133E+06 4.898666E+06 4.454417E+06 3.961508E+06 3.360485E+06 2.752263E+06 2.211622E+06 1.761274E+06 1.099693E+06 6.659679E+05 3.845474E+05 2.121718E+05 1.146252E+05 6.244493E+04 
1.929763E+07 1.287538E+07 1.059750E+07 8.882199E+06 8.256687E+06 6.325685E+06 5.273737E+06 4.703201E+06 4.352122E+06 4.112267E+06 3.930669E+06 3.651650E+06 3.430351E+06 3.246717E+06 3.094417E+06 2.968852E+06 2.864987E+06 2.777598E+06 2.443960E+06 2.101329E+06 1.722928E+06 1.364867E+06 1.062451E+06 8.212985E+05 4.864747E+05 2.820656E+05 1.573048E+05 8.448435E+04 4.471941E+04 2.398845E+04 
2.805655E+07 1.900005E+07 1.550638E+07 1.263620E+07 1.195839E+07 1.002352E+07 8.626395E+06 7.792578E+06 7.253968E+06 6.874691E+06 6.583099E+06 6.135624E+06 5.789425E+06 5.512424E+06 5.291879E+06 5.117734E+06 4.979843E+06 4.868405E+06 4.453209E+06 3.960796E+06 3.349151E+06 2.729276E+06 2.179925E+06 1.724573E+06 1.062097E+06 6.348964E+05 3.625032E+05 1.981978E+05 1.063301E+05 5.762434E+04 
2.786553E+07 1.885565E+07 1.540087E+07 1.274866E+07 1.222208E+07 1.057933E+07 9.186822E+06 8.328148E+06 7.764576E+06 7.362820E+06 7.050702E+06 6.566108E+06 6.186990E+06 5.881179E+06 5.635969E+06 5.441083E+06 5.285909E+06 5.160069E+06 4.697748E+06 4.171369E+06 3.526229E+06 2.874228E+06 2.296441E+06 1.817135E+06 1.118743E+06 6.677177E+05 3.802222E+05 2.071829E+05 1.107550E+05 5.982412E+04 
2.390106E+07 1.606109E+07 1.318443E+07 1.139738E+07 1.110777E+07 9.784660E+06 8.507705E+06 7.712444E+06 7.187668E+06 6.810918E+06 6.515534E+06 6.049926E+06 5.677980E+06 5.371633E+06 5.120627E+06 4.916602E+06 4.750492E+06 4.613109E+06 4.108157E+06 3.587516E+06 2.990739E+06 2.408362E+06 1.904246E+06 1.493837E+06 9.092780E+05 5.410713E+05 3.097359E+05 1.708284E+05 9.282639E+04 5.104805E+04 
3.147772E+07 2.147208E+07 1.751613E+07 1.440601E+07 1.395235E+07 1.267495E+07 1.120252E+07 1.023438E+07 9.580321E+06 9.105058E+06 8.730780E+06 8.142926E+06 7.680117E+06 7.306645E+06 7.007719E+06 6.770699E+06 6.582399E+06 6.429973E+06 5.870846E+06 5.232445E+06 4.446944E+06 3.649516E+06 2.939258E+06 2.346703E+06 1.474657E+06 9.011122E+05 5.265560E+05 2.946755E+05 1.616402E+05 8.938946E+04 
2.630249E+07 1.775243E+07 1.451843E+07 1.210087E+07 1.158197E+07 9.891141E+06 8.542378E+06 7.724602E+06 7.191861E+06 6.813452E+06 6.519629E+06 6.061745E+06 5.700118E+06 5.404766E+06 5.164377E+06 4.969924E+06 4.811957E+06 4.681128E+06 4.187026E+06 3.654534E+06 3.040110E+06 2.442267E+06 1.926569E+06 1.507863E+06 9.129605E+05 5.391825E+05 3.053486E+05 1.661028E+05 8.886490E+04 4.810230E+04 
2.943541E+07 2.000519E+07 1.632870E+07 1.338997E+07 1.281271E+07 1.113671E+07 9.698099E+06 8.804162E+06 8.215425E+06 7.795074E+06 7.468442E+06 6.962090E+06 6.567472E+06 6.250682E+06 5.997944E+06 5.798019E+06 5.639446E+06 5.511137E+06 5.035757E+06 4.482054E+06 3.798845E+06 3.107448E+06 2.494686E+06 1.986413E+06 1.244929E+06 7.622563E+05 4.484465E+05 2.535895E+05 1.408089E+05 7.882859E+04 
2.666890E+07 1.803076E+07 1.475980E+07 1.248617E+07 1.212317E+07 1.076269E+07 9.401577E+06 8.539996E+06 7.966697E+06 7.552677E+06 7.226567E+06 6.710014E+06 6.295555E+06 5.953033E+06 5.671183E+06 5.440599E+06 5.251095E+06 5.092440E+06 4.489712E+06 3.868529E+06 3.179576E+06 2.525527E+06 1.971525E+06 1.528663E+06 9.120898E+05 5.342729E+05 3.021750E+05 1.651618E+05 8.915861E+04 4.880017E+04 
3.470366E+07 2.386413E+07 1.944966E+07 1.568363E+07 1.508808E+07 1.370584E+07 1.215039E+07 1.111849E+07 1.041816E+07 9.908250E+06 9.506757E+06 8.878223E+06 8.387094E+06 7.994540E+06 7.683689E+06 7.439969E+06 7.248458E+06 7.094874E+06 6.530059E+06 5.854721E+06 5.002080E+06 4.125290E+06 3.337528E+06 2.675739E+06 1.693650E+06 1.041391E+06 6.118876E+05 3.441127E+05 1.895700E+05 1.052202E+05 
5.254345E+07 3.808406E+07 3.123334E+07 2.372970E+07 2.225262E+07 2.041620E+07 1.847136E+07 1.709556E+07 1.613062E+07 1.541464E+07 1.484616E+07 1.395975E+07 1.328451E+07 1.276712E+07 1.237870E+07 1.209180E+07 1.187945E+07 1.171743E+07 1.109435E+07 1.014884E+07 8.839601E+06 7.438304E+06 6.147079E+06 5.042240E+06 3.368387E+06 2.219342E+06 1.418520E+06 8.750771E+05 5.283544E+05 3.189181E+05 
2.643778E+07 1.786852E+07 1.461046E+07 1.207797E+07 1.148424E+07 9.656625E+06 8.306990E+06 7.501621E+06 6.981250E+06 6.614065E+06 6.330587E+06 5.891662E+06 5.547114E+06 5.266940E+06 5.039804E+06 4.856805E+06 4.708733E+06 4.586518E+06 4.124114E+06 3.614692E+06 3.018572E+06 2.434947E+06 1.930297E+06 1.520399E+06 9.382856E+05 5.710649E+05 3.370490E+05 1.925813E+05 1.084741E+05 6.166323E+04 
2.996897E+07 2.036854E+07 1.661561E+07 1.360226E+07 1.303140E+07 1.139684E+07 9.947172E+06 9.039656E+06 8.440302E+06 8.011929E+06 7.679132E+06 7.164158E+06 6.764324E+06 6.444855E+06 6.191469E+06 5.992511E+06 5.836137E+06 5.710922E+06 5.255213E+06 4.713047E+06 4.025655E+06 3.317329E+06 2.680696E+06 2.146092E+06 1.353644E+06 8.285407E+05 4.840523E+05 2.704296E+05 1.479406E+05 8.155139E+04 
2.633860E+07 1.776400E+07 1.453650E+07 1.230758E+07 1.194682E+07 1.058036E+07 9.234708E+06 8.386982E+06 7.824945E+06 7.420796E+06 7.104113E+06 6.606648E+06 6.211947E+06 5.889421E+06 5.627390E+06 5.416245E+06 5.245759E+06 5.105731E+06 4.590116E+06 4.037527E+06 3.387811E+06 2.745033E+06 2.183033E+06 1.721372E+06 1.055514E+06 6.293688E+05 3.588036E+05 1.959987E+05 1.051038E+05 5.695678E+04 
4.729339E+07 3.370730E+07 2.756179E+07 2.140319E+07 2.047544E+07 1.959138E+07 1.789461E+07 1.662593E+07 1.572070E+07 1.504198E+07 1.449824E+07 1.364059E+07 1.297825E+07 1.246472E+07 1.207564E+07 1.178700E+07 1.157425E+07 1.141456E+07 1.085188E+07 1.001258E+07 8.804841E+06 7.480182E+06 6.240301E+06 5.166914E+06 3.516454E+06 2.359167E+06 1.533442E+06 9.599423E+05 5.866376E+05 3.575262E+05 
3.089687E+07 2.110759E+07 1.721995E+07 1.390163E+07 1.318197E+07 1.127199E+07 9.779119E+06 8.863768E+06 8.263881E+06 7.836482E+06 7.504319E+06 6.987458E+06 6.581175E+06 6.251316E+06 5.984305E+06 5.769096E+06 5.594379E+06 5.449215E+06 4.885714E+06 4.258822E+06 3.535836E+06 2.836669E+06 2.237553E+06 1.754475E+06 1.074847E+06 6.512502E+05 3.838617E+05 2.196400E+05 1.241166E+05 7.084395E+04 
3.841397E+07 2.668093E+07 2.174532E+07 1.722933E+07 1.647965E+07 1.502552E+07 1.338313E+07 1.227628E+07 1.151882E+07 1.096457E+07 1.052718E+07 9.843093E+06 9.311772E+06 8.891094E+06 8.561741E+06 8.306650E+06 8.108545E+06 7.951140E+06 7.365150E+06 6.622267E+06 5.662431E+06 4.667603E+06 3.770755E+06 3.016330E+06 1.897687E+06 1.158406E+06 6.755204E+05 3.771930E+05 2.064944E+05 1.140200E+05 
3.095874E+07 2.109531E+07 1.720873E+07 1.411783E+07 1.360864E+07 1.216642E+07 1.069610E+07 9.749032E+06 9.114776E+06 8.656583E+06 8.297348E+06 7.735635E+06 7.295012E+06 6.940138E+06 6.656426E+06 6.431619E+06 6.253047E+06 6.108414E+06 5.574467E+06 4.959693E+06 4.203832E+06 3.438646E+06 2.759221E+06 2.194207E+06 1.366897E+06 8.272981E+05 4.784880E+05 2.649924E+05 1.439104E+05 7.886546E+04 
3.906005E+07 2.722253E+07 2.219879E+07 1.750732E+07 1.668168E+07 1.509898E+07 1.343533E+07 1.232513E+07 1.156952E+07 1.101966E+07 1.058837E+07 9.920117E+06 9.407926E+06 9.008276E+06 8.700833E+06 8.467833E+06 8.291573E+06 8.155524E+06 7.665235E+06 6.991413E+06 6.067675E+06 5.081343E+06 4.176314E+06 3.405834E+06 2.246924E+06 1.459532E+06 9.181328E+05 5.570853E+05 3.310754E+05 1.970192E+05 
3.098052E+07 2.116665E+07 1.726759E+07 1.394314E+07 1.322884E+07 1.133450E+07 9.839776E+06 8.921138E+06 8.318423E+06 7.888715E+06 7.554656E+06 7.034926E+06 6.626731E+06 6.295736E+06 6.028225E+06 5.813021E+06 5.638689E+06 5.494177E+06 4.935146E+06 4.310491E+06 3.585793E+06 2.882023E+06 2.276953E+06 1.787615E+06 1.096420E+06 6.636112E+05 3.898391E+05 2.219372E+05 1.246891E+05 7.076418E+04 
2.045054E+07 1.365810E+07 1.124566E+07 9.676447E+06 9.217064E+06 7.515212E+06 6.373841E+06 5.719305E+06 5.304179E+06 5.013986E+06 4.790472E+06 4.442231E+06 4.164217E+06 3.933450E+06 3.742279E+06 3.584906E+06 3.455003E+06 3.346063E+06 2.937645E+06 2.529768E+06 2.082033E+06 1.657355E+06 1.296765E+06 1.007256E+06 6.007438E+05 3.488033E+05 1.935639E+05 1.028757E+05 5.369772E+04 2.836813E+04 
4.138740E+07 2.899788E+07 2.365894E+07 1.870815E+07 1.801627E+07 1.705340E+07 1.542822E+07 1.426158E+07 1.344382E+07 1.283741E+07 1.235514E+07 1.159820E+07 1.101302E+07 1.055569E+07 1.020484E+07 9.940622E+06 9.742732E+06 9.592087E+06 9.068297E+06 8.338224E+06 7.307810E+06 6.185672E+06 5.140116E+06 4.237879E+06 2.854906E+06 1.889759E+06 1.208098E+06 7.426589E+05 4.458683E+05 2.674108E+05 
3.203834E+07 2.188293E+07 1.783255E+07 1.436705E+07 1.367230E+07 1.187894E+07 1.036686E+07 9.422631E+06 8.799573E+06 8.355028E+06 8.010699E+06 7.481096E+06 7.073872E+06 6.751976E+06 6.499654E+06 6.304042E+06 6.152319E+06 6.032316E+06 5.596551E+06 5.050263E+06 4.336570E+06 3.590436E+06 2.913523E+06 2.340969E+06 1.485082E+06 9.126519E+05 5.345829E+05 2.991062E+05 1.637405E+05 9.027497E+04 
2.515987E+07 1.693527E+07 1.385367E+07 1.150143E+07 1.091647E+07 9.072623E+06 7.769502E+06 7.002619E+06 6.510653E+06 6.165357E+06 5.899935E+06 5.490880E+06 5.171190E+06 4.912173E+06 4.703069E+06 4.535512E+06 4.400862E+06 4.290595E+06 3.879170E+06 3.419125E+06 2.868812E+06 2.321736E+06 1.842945E+06 1.449868E+06 8.842908E+05 5.241748E+05 2.970047E+05 1.612484E+05 8.595849E+04 4.632389E+04 
2.622541E+07 1.769752E+07 1.448636E+07 1.226206E+07 1.188909E+07 1.048817E+07 9.140447E+06 8.294405E+06 7.733740E+06 7.330087E+06 7.012959E+06 6.512062E+06 6.111241E+06 5.780661E+06 5.509211E+06 5.287713E+06 5.106266E+06 4.954930E+06 4.384684E+06 3.795093E+06 3.134299E+06 2.501405E+06 1.961120E+06 1.525963E+06 9.136583E+05 5.337107E+05 2.989589E+05 1.609017E+05 8.523546E+04 4.573862E+04 
2.641501E+07 1.784238E+07 1.461118E+07 1.244780E+07 1.214760E+07 1.091385E+07 9.568209E+06 8.706630E+06 8.131214E+06 7.715159E+06 7.387556E+06 6.869853E+06 6.456424E+06 6.116732E+06 5.839249E+06 5.614363E+06 5.431692E+06 5.280804E+06 4.723261E+06 4.139347E+06 3.465848E+06 2.806895E+06 2.235333E+06 1.768916E+06 1.100914E+06 6.739878E+05 3.988191E+05 2.277890E+05 1.280136E+05 7.254911E+04 
2.184680E+07 1.461839E+07 1.200731E+07 1.020837E+07 9.711100E+06 7.961308E+06 6.771767E+06 6.084907E+06 5.648216E+06 5.342965E+06 5.108336E+06 4.744717E+06 4.456943E+06 4.220251E+06 4.026035E+06 3.867739E+06 3.738371E+06 3.630851E+06 3.229107E+06 2.810911E+06 2.335323E+06 1.874839E+06 1.478420E+06 1.156775E+06 6.995428E+05 4.118126E+05 2.318274E+05 1.250362E+05 6.621368E+04 3.545505E+04 
3.947414E+07 2.755270E+07 2.246270E+07 1.751047E+07 1.649284E+07 1.445863E+07 1.274139E+07 1.164017E+07 1.090347E+07 1.037391E+07 9.962697E+06 9.332621E+06 8.854739E+06 8.484564E+06 8.201437E+06 7.987888E+06 7.826912E+06 7.702849E+06 7.250175E+06 6.616774E+06 5.747873E+06 4.820610E+06 3.969517E+06 3.244105E+06 2.149532E+06 1.401205E+06 8.832683E+05 5.362283E+05 3.184887E+05 1.892824E+05 
3.027823E+07 2.060447E+07 1.681626E+07 1.387302E+07 1.340296E+07 1.200781E+07 1.055618E+07 9.620022E+06 8.992438E+06 8.538353E+06 8.181600E+06 7.621890E+06 7.180920E+06 6.824391E+06 6.538385E+06 6.311127E+06 6.130280E+06 5.983750E+06 5.447995E+06 4.841159E+06 4.096364E+06 3.341606E+06 2.671016E+06 2.113548E+06 1.299881E+06 7.745142E+05 4.404358E+05 2.399110E+05 1.283630E+05 6.946725E+04 
4.243150E+07 2.980734E+07 2.431711E+07 1.902735E+07 1.815465E+07 1.677947E+07 1.506550E+07 1.387338E+07 1.304548E+07 1.243371E+07 1.194749E+07 1.118217E+07 1.058546E+07 1.011269E+07 9.742569E+06 9.455611E+06 9.232034E+06 9.053308E+06 8.373558E+06 7.510795E+06 6.410032E+06 5.277743E+06 4.261366E+06 3.408724E+06 2.147615E+06 1.315445E+06 7.711510E+05 4.334511E+05 2.390106E+05 1.329159E+05 
3.212981E+07 2.198468E+07 1.791463E+07 1.427837E+07 1.344944E+07 1.137778E+07 9.855713E+06 8.931685E+06 8.329754E+06 7.904344E+06 7.577499E+06 7.079599E+06 6.700713E+06 6.403893E+06 6.173352E+06 5.996404E+06 5.860591E+06 5.754182E+06 5.364912E+06 4.848932E+06 4.159723E+06 3.435136E+06 2.778015E+06 2.224172E+06 1.403500E+06 8.622864E+05 5.082473E+05 2.878151E+05 1.600356E+05 8.971701E+04 
2.976547E+07 2.024088E+07 1.652924E+07 1.372545E+07 1.330727E+07 1.199927E+07 1.056495E+07 9.634653E+06 9.009856E+06 8.557209E+06 8.201076E+06 7.640969E+06 7.198097E+06 6.838625E+06 6.548927E+06 6.317437E+06 6.131984E+06 5.980619E+06 5.421641E+06 4.801730E+06 4.057622E+06 3.313353E+06 2.657653E+06 2.115635E+06 1.326910E+06 8.139057E+05 4.799453E+05 2.720847E+05 1.514539E+05 8.498564E+04 
2.448649E+07 1.646422E+07 1.345945E+07 1.097635E+07 1.024220E+07 8.136376E+06 6.877182E+06 6.167072E+06 5.721526E+06 5.413982E+06 5.180566E+06 4.824800E+06 4.548502E+06 4.324900E+06 4.144226E+06 3.999118E+06 3.882053E+06 3.785628E+06 3.417942E+06 3.001640E+06 2.507988E+06 2.021555E+06 1.598785E+06 1.253619E+06 7.601018E+05 4.480680E+05 2.524212E+05 1.361975E+05 7.213488E+04 3.862190E+04 
3.587688E+07 2.479143E+07 2.021221E+07 1.614816E+07 1.544084E+07 1.388303E+07 1.229094E+07 1.124651E+07 1.054151E+07 1.003086E+07 9.631074E+06 9.010726E+06 8.532030E+06 8.154624E+06 7.860517E+06 7.634256E+06 7.460265E+06 7.323796E+06 6.829804E+06 6.191092E+06 5.342647E+06 4.450002E+06 3.638701E+06 2.953007E+06 1.930296E+06 1.242561E+06 7.745994E+05 4.659125E+05 2.747053E+05 1.623556E+05 
2.902772E+07 1.968642E+07 1.607434E+07 1.334778E+07 1.290284E+07 1.149194E+07 1.007366E+07 9.168847E+06 8.565796E+06 8.131372E+06 7.791229E+06 7.259265E+06 6.840935E+06 6.502720E+06 6.231159E+06 6.015072E+06 5.842814E+06 5.702982E+06 5.190508E+06 4.613560E+06 3.909773E+06 3.198881E+06 2.568116E+06 2.043600E+06 1.275021E+06 7.727370E+05 4.473169E+05 2.477981E+05 1.345421E+05 7.368943E+04 
2.828597E+07 1.916360E+07 1.565178E+07 1.295846E+07 1.244731E+07 1.085552E+07 9.451438E+06 8.577776E+06 8.001891E+06 7.590103E+06 7.269443E+06 6.770486E+06 6.379544E+06 6.064054E+06 5.811109E+06 5.610172E+06 5.450323E+06 5.320865E+06 4.847496E+06 4.309208E+06 3.647097E+06 2.975885E+06 2.379759E+06 1.884499E+06 1.162068E+06 6.953036E+05 3.975541E+05 2.178881E+05 1.173000E+05 6.383853E+04 
4.509575E+07 3.199974E+07 2.614789E+07 2.021059E+07 1.910316E+07 1.737781E+07 1.556505E+07 1.432496E+07 1.346923E+07 1.283976E+07 1.234121E+07 1.155909E+07 1.095098E+07 1.047002E+07 1.009370E+07 9.801496E+06 9.572800E+06 9.388566E+06 8.671641E+06 7.766255E+06 6.631267E+06 5.476526E+06 4.448106E+06 3.591303E+06 2.334002E+06 1.503266E+06 9.431776E+05 5.732989E+05 3.421601E+05 2.046641E+05 
2.662419E+07 1.799442E+07 1.470391E+07 1.206401E+07 1.141047E+07 9.475683E+06 8.121788E+06 7.322319E+06 6.807887E+06 6.445814E+06 6.166832E+06 5.735840E+06 5.398415E+06 5.124832E+06 4.903883E+06 4.726775E+06 4.584406E+06 4.467801E+06 4.033416E+06 3.548923E+06 2.968786E+06 2.391219E+06 1.885337E+06 1.470200E+06 8.756669E+05 5.033979E+05 2.754831E+05 1.443827E+05 7.451266E+04 3.906422E+04 
3.096537E+07 2.111009E+07 1.722158E+07 1.409613E+07 1.355519E+07 1.204157E+07 1.056786E+07 9.626052E+06 8.997745E+06 8.545237E+06 8.191414E+06 7.639926E+06 7.208777E+06 6.862523E+06 6.586500E+06 6.368458E+06 6.195817E+06 6.056409E+06 5.542315E+06 4.942918E+06 4.199712E+06 3.444195E+06 2.771750E+06 2.211657E+06 1.389900E+06 8.514033E+05 4.999904E+05 2.817463E+05 1.557585E+05 8.680593E+04 
3.325361E+07 2.278222E+07 1.856598E+07 1.496796E+07 1.431872E+07 1.270180E+07 1.116546E+07 1.017969E+07 9.520696E+06 9.046020E+06 8.675516E+06 8.100997E+06 7.655999E+06 7.302462E+06 7.024017E+06 6.806964E+06 6.637492E+06 6.502443E+06 6.006934E+06 5.397922E+06 4.616455E+06 3.807550E+06 3.078519E+06 2.465067E+06 1.553950E+06 9.496075E+05 5.534950E+05 3.084042E+05 1.682689E+05 9.253646E+04 
2.975674E+07 2.025120E+07 1.652338E+07 1.342048E+07 1.274454E+07 1.087431E+07 9.418675E+06 8.530467E+06 7.950003E+06 7.537449E+06 7.217639E+06 6.721896E+06 6.334179E+06 6.021023E+06 5.769069E+06 5.567523E+06 5.405385E+06 5.272027E+06 4.762925E+06 4.186148E+06 3.503312E+06 2.830826E+06 2.246311E+06 1.769017E+06 1.086213E+06 6.527468E+05 3.775167E+05 2.102496E+05 1.152186E+05 6.379730E+04 
3.321198E+07 2.280919E+07 1.858805E+07 1.474040E+07 1.386508E+07 1.174944E+07 1.019396E+07 9.246373E+06 8.628056E+06 8.190633E+06 7.854342E+06 7.341849E+06 6.951960E+06 6.646834E+06 6.410213E+06 6.228948E+06 6.090117E+06 5.981560E+06 5.584000E+06 5.051538E+06 4.337350E+06 3.585815E+06 2.904735E+06 2.331796E+06 1.486149E+06 9.300943E+05 5.635191E+05 3.301456E+05 1.903191E+05 1.104313E+05 
2.850734E+07 1.930072E+07 1.575340E+07 1.298901E+07 1.244897E+07 1.080989E+07 9.403035E+06 8.532314E+06 7.960537E+06 7.553472E+06 7.238117E+06 6.751305E+06 6.373843E+06 6.072336E+06 5.833280E+06 5.645790E+06 5.498790E+06 5.381544E+06 4.960501E+06 4.460097E+06 3.819590E+06 3.154931E+06 2.554364E+06 2.047758E+06 1.292545E+06 7.892649E+05 4.586048E+05 2.542169E+05 1.378111E+05 7.526267E+04 
2.859067E+07 1.938568E+07 1.582949E+07 1.306208E+07 1.252616E+07 1.089535E+07 9.480310E+06 8.601325E+06 8.022116E+06 7.607934E+06 7.285347E+06 6.783196E+06 6.389517E+06 6.071593E+06 5.816442E+06 5.613460E+06 5.451660E+06 5.320289E+06 4.836977E+06 4.288569E+06 3.618337E+06 2.942044E+06 2.343543E+06 1.847882E+06 1.128363E+06 6.674391E+05 3.767737E+05 2.037626E+05 1.082846E+05 5.824133E+04 
3.219950E+07 2.203673E+07 1.796741E+07 1.448474E+07 1.379328E+07 1.202117E+07 1.050766E+07 9.559769E+06 8.933787E+06 8.487154E+06 8.141373E+06 7.610272E+06 7.202994E+06 6.882189E+06 6.631908E+06 6.439130E+06 6.290883E+06 6.174855E+06 5.761942E+06 5.234399E+06 4.529834E+06 3.785005E+06 3.105495E+06 2.529054E+06 1.663729E+06 1.075638E+06 6.715573E+05 4.034743E+05 2.371918E+05 1.396473E+05 
4.537900E+07 3.214190E+07 2.624728E+07 2.034879E+07 1.934684E+07 1.795199E+07 1.618465E+07 1.493657E+07 1.406345E+07 1.341544E+07 1.289924E+07 1.208664E+07 1.145538E+07 1.095860E+07 1.057302E+07 1.027697E+07 1.004856E+07 9.867470E+06 9.175678E+06 8.263612E+06 7.078579E+06 5.848558E+06 4.737560E+06 3.800887E+06 2.407301E+06 1.481447E+06 8.723122E+05 4.923693E+05 2.725500E+05 1.520905E+05 
3.763744E+07 2.611434E+07 2.129265E+07 1.698341E+07 1.631373E+07 1.500788E+07 1.340513E+07 1.231599E+07 1.156951E+07 1.102354E+07 1.059333E+07 9.922908E+06 9.405711E+06 8.999968E+06 8.686368E+06 8.447812E+06 8.266988E+06 8.127541E+06 7.636299E+06 6.976073E+06 6.066503E+06 5.089415E+06 4.188366E+06 3.417866E+06 2.252278E+06 1.456001E+06 9.085443E+05 5.457769E+05 3.210186E+05 1.892224E+05 
2.883202E+07 1.958562E+07 1.599448E+07 1.313913E+07 1.255592E+07 1.083778E+07 9.413482E+06 8.536620E+06 7.961774E+06 7.552382E+06 7.234443E+06 6.740412E+06 6.352950E+06 6.039332E+06 5.786732E+06 5.584792E+06 5.422817E+06 5.290358E+06 4.797247E+06 4.247069E+06 3.588557E+06 2.932628E+06 2.357326E+06 1.883958E+06 1.199032E+06 7.540427E+05 4.601826E+05 2.715073E+05 1.573853E+05 9.167373E+04 
2.925398E+07 1.987150E+07 1.623210E+07 1.351166E+07 1.309879E+07 1.177208E+07 1.034989E+07 9.432102E+06 8.816960E+06 8.371839E+06 8.021917E+06 7.472002E+06 7.037406E+06 6.684695E+06 6.400462E+06 6.173381E+06 5.991524E+06 5.843157E+06 5.294888E+06 4.683796E+06 3.948634E+06 3.213554E+06 2.567013E+06 2.033929E+06 1.262312E+06 7.655453E+05 4.463178E+05 2.503387E+05 1.380516E+05 7.686259E+04 
2.650213E+07 1.787784E+07 1.462436E+07 1.232846E+07 1.193231E+07 1.049990E+07 9.149608E+06 8.304882E+06 7.746820E+06 7.346763E+06 7.034227E+06 6.545225E+06 6.159028E+06 5.844752E+06 5.590499E+06 5.386557E+06 5.222689E+06 5.088741E+06 4.597516E+06 4.061900E+06 3.422400E+06 2.784016E+06 2.222354E+06 1.758628E+06 1.085500E+06 6.511389E+05 3.732293E+05 2.048552E+05 1.103013E+05 5.997406E+04 
4.200757E+07 2.952099E+07 2.409841E+07 1.898670E+07 1.822570E+07 1.713056E+07 1.546384E+07 1.427649E+07 1.344494E+07 1.282690E+07 1.233286E+07 1.154867E+07 1.093083E+07 1.043675E+07 1.004654E+07 9.741378E+06 9.501688E+06 9.308873E+06 8.582425E+06 7.698051E+06 6.588437E+06 5.453854E+06 4.439015E+06 3.590184E+06 2.337281E+06 1.503118E+06 9.384905E+05 5.663220E+05 3.352598E+05 1.989787E+05 
3.649920E+07 2.522295E+07 2.054952E+07 1.630472E+07 1.552085E+07 1.381501E+07 1.219136E+07 1.113661E+07 1.042691E+07 9.913688E+06 9.512292E+06 8.889798E+06 8.409073E+06 8.029074E+06 7.731507E+06 7.500821E+06 7.321485E+06 7.178897E+06 6.649769E+06 5.984055E+06 5.125172E+06 4.234388E+06 3.430169E+06 2.752265E+06 1.742873E+06 1.070734E+06 6.279593E+05 3.522625E+05 1.935130E+05 1.071052E+05 
3.610225E+07 2.497724E+07 2.036228E+07 1.615658E+07 1.534703E+07 1.355520E+07 1.193558E+07 1.089496E+07 1.019835E+07 9.696326E+06 9.304551E+06 8.697836E+06 8.229351E+06 7.858675E+06 7.567969E+06 7.342136E+06 7.166081E+06 7.025576E+06 6.498076E+06 5.833369E+06 4.983222E+06 4.109475E+06 3.328214E+06 2.676488E+06 1.720328E+06 1.091020E+06 6.714775E+05 3.996521E+05 2.336816E+05 1.372210E+05 
2.884118E+07 1.956385E+07 1.598110E+07 1.331719E+07 1.290133E+07 1.154349E+07 1.013010E+07 9.223350E+06 8.616968E+06 8.178633E+06 7.834149E+06 7.292549E+06 6.863953E+06 6.515542E+06 6.234345E+06 6.009445E+06 5.829281E+06 5.682420E+06 5.144552E+06 4.551291E+06 3.836291E+06 3.118634E+06 2.485078E+06 1.961039E+06 1.200706E+06 7.130772E+05 4.045770E+05 2.200603E+05 1.176467E+05 6.364396E+04 
2.568181E+07 1.730520E+07 1.416430E+07 1.193427E+07 1.149553E+07 9.941702E+06 8.612607E+06 7.797328E+06 7.263198E+06 6.882135E+06 6.585202E+06 6.120921E+06 5.753479E+06 5.453356E+06 5.209469E+06 5.012872E+06 4.854073E+06 4.723603E+06 4.242709E+06 3.726515E+06 3.119214E+06 2.518485E+06 1.993667E+06 1.563232E+06 9.452063E+05 5.541308E+05 3.100934E+05 1.662504E+05 8.760768E+04 4.675190E+04 
3.889840E+07 2.709693E+07 2.209154E+07 1.735782E+07 1.646538E+07 1.469743E+07 1.302054E+07 1.192260E+07 1.118175E+07 1.064621E+07 1.022871E+07 9.587011E+06 9.099839E+06 8.723119E+06 8.436213E+06 8.221422E+06 8.061357E+06 7.939896E+06 7.510138E+06 6.889136E+06 6.010522E+06 5.058235E+06 4.176289E+06 3.420161E+06 2.273047E+06 1.485265E+06 9.384828E+05 5.711902E+05 3.401301E+05 2.026478E+05 
3.132334E+07 2.136119E+07 1.742252E+07 1.425927E+07 1.373536E+07 1.228249E+07 1.080269E+07 9.848371E+06 9.208887E+06 8.746792E+06 8.384491E+06 7.818174E+06 7.374328E+06 7.017300E+06 6.732294E+06 6.506844E+06 6.328080E+06 6.183534E+06 5.650398E+06 5.032786E+06 4.270074E+06 3.496049E+06 2.807568E+06 2.234189E+06 1.393134E+06 8.435036E+05 4.877967E+05 2.700034E+05 1.465176E+05 8.022420E+04 
2.523341E+07 1.698807E+07 1.389362E+07 1.149521E+07 1.088388E+07 8.994777E+06 7.691360E+06 6.928380E+06 6.440295E+06 6.098489E+06 5.836233E+06 5.432796E+06 5.117937E+06 4.863008E+06 4.657276E+06 4.492430E+06 4.359921E+06 4.251330E+06 3.844655E+06 3.388555E+06 2.843477E+06 2.302167E+06 1.828727E+06 1.440147E+06 8.808543E+05 5.240807E+05 2.982331E+05 1.626502E+05 8.708560E+04 4.711636E+04 
3.309842E+07 2.268688E+07 1.850525E+07 1.512633E+07 1.465633E+07 1.346104E+07 1.195755E+07 1.095034E+07 1.026418E+07 9.762925E+06 9.366765E+06 8.742959E+06 8.251716E+06 7.856063E+06 7.540288E+06 7.290672E+06 7.092904E+06 6.933113E+06 6.344766E+06 5.663589E+06 4.820963E+06 3.964101E+06 3.200584E+06 2.563741E+06 1.626926E+06 1.009338E+06 6.019677E+05 3.450548E+05 1.940609E+05 1.098957E+05 
2.409842E+07 1.619660E+07 1.327434E+07 1.120862E+07 1.072798E+07 9.045437E+06 7.769046E+06 7.008266E+06 6.516541E+06 6.168831E+06 5.899461E+06 5.479861E+06 5.147794E+06 4.875772E+06 4.653812E+06 4.474053E+06 4.328141E+06 4.207688E+06 3.761447E+06 3.288523E+06 2.739331E+06 2.200636E+06 1.733086E+06 1.351879E+06 8.091324E+05 4.698885E+05 2.608125E+05 1.389343E+05 7.287907E+04 3.877723E+04 
1.968746E+07 1.313455E+07 1.080039E+07 9.015332E+06 8.374246E+06 6.418732E+06 5.353652E+06 4.775572E+06 4.419907E+06 4.177153E+06 3.993666E+06 3.712642E+06 3.490793E+06 3.307579E+06 3.156389E+06 3.032410E+06 2.930426E+06 2.845066E+06 2.520408E+06 2.180564E+06 1.798241E+06 1.432060E+06 1.119875E+06 8.688721E+05 5.166325E+05 2.990390E+05 1.655258E+05 8.781003E+04 4.577256E+04 2.415544E+04 
2.421436E+07 1.628347E+07 1.332939E+07 1.103289E+07 1.039839E+07 8.448251E+06 7.182170E+06 6.453619E+06 5.991249E+06 5.668832E+06 5.421751E+06 5.040583E+06 4.740658E+06 4.495214E+06 4.294627E+06 4.131538E+06 3.998269E+06 3.887189E+06 3.462204E+06 3.006201E+06 2.487330E+06 1.987974E+06 1.561016E+06 1.216997E+06 7.328563E+05 4.318912E+05 2.448084E+05 1.335970E+05 7.179360E+04 3.904646E+04 
3.227956E+07 2.206986E+07 1.799604E+07 1.465030E+07 1.409366E+07 1.262785E+07 1.112389E+07 1.014928E+07 9.494657E+06 9.021038E+06 8.649595E+06 8.069564E+06 7.616281E+06 7.253149E+06 6.964743E+06 6.737982E+06 6.559406E+06 6.416018E+06 5.890125E+06 5.265243E+06 4.478267E+06 3.671542E+06 2.949854E+06 2.346834E+06 1.460814E+06 8.825806E+05 5.096485E+05 2.820157E+05 1.531623E+05 8.399718E+04 
3.528759E+07 2.432528E+07 1.983904E+07 1.611339E+07 1.564909E+07 1.466449E+07 1.314252E+07 1.208858E+07 1.136136E+07 1.082657E+07 1.040260E+07 9.735262E+06 9.212930E+06 8.796765E+06 8.469554E+06 8.215837E+06 8.019488E+06 7.864957E+06 7.317759E+06 6.642839E+06 5.752803E+06 4.814109E+06 3.957312E+06 3.229509E+06 2.134433E+06 1.387436E+06 8.715789E+05 5.271008E+05 3.118898E+05 1.847496E+05 
2.929561E+07 1.991032E+07 1.625616E+07 1.337417E+07 1.282676E+07 1.120921E+07 9.777752E+06 8.884315E+06 8.295335E+06 7.874857E+06 7.548328E+06 7.042776E+06 6.649513E+06 6.334495E+06 6.083968E+06 5.886781E+06 5.731541E+06 5.607191E+06 5.159276E+06 4.636222E+06 3.975328E+06 3.294846E+06 2.684090E+06 2.172189E+06 1.414172E+06 9.068180E+05 5.624608E+05 3.361753E+05 1.968228E+05 1.155105E+05 
2.382739E+07 1.599641E+07 1.312948E+07 1.135858E+07 1.107484E+07 9.762237E+06 8.489825E+06 7.697623E+06 7.175409E+06 6.801088E+06 6.508175E+06 6.047815E+06 5.681424E+06 5.380708E+06 5.135225E+06 4.936520E+06 4.775494E+06 4.642972E+06 4.159857E+06 3.657232E+06 3.072861E+06 2.496499E+06 1.993008E+06 1.579360E+06 9.814384E+05 5.956529E+05 3.468825E+05 1.939335E+05 1.064269E+05 5.891905E+04 
4.120012E+07 2.894702E+07 2.360920E+07 1.806202E+07 1.673409E+07 1.408695E+07 1.227268E+07 1.115745E+07 1.042450E+07 9.903613E+06 9.502321E+06 8.891109E+06 8.428195E+06 8.067984E+06 7.789443E+06 7.575172E+06 7.408595E+06 7.274706E+06 6.736903E+06 6.020316E+06 5.114427E+06 4.196300E+06 3.383936E+06 2.712096E+06 1.737508E+06 1.104576E+06 6.853230E+05 4.127890E+05 2.445875E+05 1.454487E+05 
3.987370E+07 2.787028E+07 2.273579E+07 1.788970E+07 1.703575E+07 1.544889E+07 1.375685E+07 1.262058E+07 1.184389E+07 1.127569E+07 1.082680E+07 1.012226E+07 9.571462E+06 9.131943E+06 8.784431E+06 8.511774E+06 8.296537E+06 8.122297E+06 7.456886E+06 6.652596E+06 5.658522E+06 4.653373E+06 3.762117E+06 3.022131E+06 1.940355E+06 1.229934E+06 7.566463E+05 4.501145E+05 2.630495E+05 1.543990E+05 
2.864672E+07 1.944090E+07 1.586794E+07 1.293839E+07 1.227713E+07 1.039679E+07 8.980606E+06 8.126159E+06 7.571502E+06 7.179734E+06 6.877967E+06 6.414385E+06 6.055820E+06 5.769266E+06 5.541478E+06 5.361965E+06 5.220164E+06 5.105895E+06 4.683175E+06 4.181392E+06 3.554268E+06 2.915656E+06 2.347610E+06 1.875218E+06 1.183857E+06 7.313333E+05 4.346975E+05 2.485045E+05 1.394410E+05 7.879622E+04 
2.239550E+07 1.500182E+07 1.228599E+07 1.007039E+07 9.350176E+06 7.263164E+06 6.092653E+06 5.447558E+06 5.047734E+06 4.774001E+06 4.567243E+06 4.252554E+06 4.007255E+06 3.807492E+06 3.644981E+06 3.513591E+06 3.406939E+06 3.318641E+06 2.981641E+06 2.607360E+06 2.169409E+06 1.741232E+06 1.371330E+06 1.070941E+06 6.445538E+05 3.775295E+05 2.115375E+05 1.136314E+05 5.996632E+04 3.201308E+04 
4.632043E+07 3.292109E+07 2.690734E+07 2.095127E+07 2.006599E+07 1.917276E+07 1.748663E+07 1.623373E+07 1.534202E+07 1.467435E+07 1.413989E+07 1.329716E+07 1.264590E+07 1.214000E+07 1.175553E+07 1.146921E+07 1.125718E+07 1.109725E+07 1.053266E+07 9.704477E+06 8.521735E+06 7.229045E+06 6.021903E+06 4.978731E+06 3.378134E+06 2.259002E+06 1.463284E+06 9.129080E+05 5.561562E+05 3.380324E+05 
3.102848E+07 2.113408E+07 1.724323E+07 1.425496E+07 1.385123E+07 1.266306E+07 1.120903E+07 1.024678E+07 9.595111E+06 9.120801E+06 8.746782E+06 8.158511E+06 7.694818E+06 7.320419E+06 7.020758E+06 6.783334E+06 6.595031E+06 6.443017E+06 5.890792E+06 5.261987E+06 4.483359E+06 3.688629E+06 2.977697E+06 2.382324E+06 1.501761E+06 9.191727E+05 5.371738E+05 3.002830E+05 1.644041E+05 9.071545E+04 
3.120550E+07 2.128148E+07 1.735358E+07 1.410366E+07 1.348693E+07 1.181819E+07 1.033193E+07 9.396079E+06 8.775754E+06 8.331155E+06 7.985064E+06 7.448785E+06 7.032456E+06 6.700321E+06 6.437490E+06 6.231665E+06 6.070345E+06 5.941491E+06 5.472168E+06 4.905967E+06 4.182787E+06 3.435546E+06 2.763524E+06 2.199752E+06 1.367969E+06 8.236663E+05 4.730950E+05 2.601077E+05 1.403208E+05 7.646886E+04 
4.258907E+07 2.994547E+07 2.443890E+07 1.919529E+07 1.840107E+07 1.728470E+07 1.561663E+07 1.442904E+07 1.359869E+07 1.298396E+07 1.249583E+07 1.173136E+07 1.114217E+07 1.068321E+07 1.033230E+07 1.006889E+07 9.872159E+06 9.722690E+06 9.200787E+06 8.465846E+06 7.426748E+06 6.294168E+06 5.237757E+06 4.325038E+06 2.923182E+06 1.941583E+06 1.245457E+06 7.680482E+05 4.623794E+05 2.779442E+05 
2.473598E+07 1.663445E+07 1.361022E+07 1.129427E+07 1.069553E+07 8.818459E+06 7.532240E+06 6.781677E+06 6.302257E+06 5.966785E+06 5.709449E+06 5.313416E+06 5.003954E+06 4.753018E+06 4.550193E+06 4.387435E+06 4.256430E+06 4.148972E+06 3.747213E+06 3.300056E+06 2.767644E+06 2.239674E+06 1.778173E+06 1.399453E+06 8.543043E+05 5.066319E+05 2.869445E+05 1.555712E+05 8.275468E+04 4.448288E+04 
3.149221E+07 2.150268E+07 1.753694E+07 1.426163E+07 1.365812E+07 1.203574E+07 1.054345E+07 9.597560E+06 8.968928E+06 8.517665E+06 8.165984E+06 7.620401E+06 7.196369E+06 6.857709E+06 6.589256E+06 6.378446E+06 6.212541E+06 6.079324E+06 5.588927E+06 5.003836E+06 4.267424E+06 3.513037E+06 2.838232E+06 2.273992E+06 1.442009E+06 8.925838E+05 5.303653E+05 3.025725E+05 1.692832E+05 9.536761E+04 
3.317347E+07 2.273245E+07 1.853273E+07 1.502569E+07 1.444820E+07 1.299434E+07 1.146849E+07 1.047246E+07 9.800949E+06 9.313859E+06 8.931172E+06 8.332830E+06 7.865180E+06 7.490911E+06 7.194147E+06 6.961315E+06 6.778440E+06 6.632038E+06 6.098105E+06 5.460382E+06 4.650892E+06 3.816452E+06 3.066750E+06 2.438164E+06 1.511632E+06 9.067758E+05 5.187102E+05 2.840502E+05 1.526967E+05 8.297529E+04 
3.327279E+07 2.279446E+07 1.858041E+07 1.506759E+07 1.449993E+07 1.307689E+07 1.155169E+07 1.055282E+07 9.878767E+06 9.389665E+06 9.005331E+06 8.404250E+06 7.934190E+06 7.557631E+06 7.258572E+06 7.023339E+06 6.837893E+06 6.688733E+06 6.139623E+06 5.490408E+06 4.677282E+06 3.845205E+06 3.100350E+06 2.476529E+06 1.554632E+06 9.464500E+05 5.496750E+05 3.052277E+05 1.660139E+05 9.104744E+04 
3.896949E+07 2.716717E+07 2.215202E+07 1.737967E+07 1.645873E+07 1.462349E+07 1.293506E+07 1.183483E+07 1.109322E+07 1.055682E+07 1.013785E+07 9.490942E+06 8.995805E+06 8.608995E+06 8.310424E+06 8.082804E+06 7.909035E+06 7.773212E+06 7.268085E+06 6.582755E+06 5.666707E+06 4.704327E+06 3.831613E+06 3.095918E+06 2.004087E+06 1.276997E+06 7.884104E+05 4.702524E+05 2.753865E+05 1.619056E+05 
3.895126E+07 2.715207E+07 2.214511E+07 1.748230E+07 1.666554E+07 1.509302E+07 1.342794E+07 1.231540E+07 1.155714E+07 1.100396E+07 1.056834E+07 9.888222E+06 9.360577E+06 8.943014E+06 8.616118E+06 8.362780E+06 8.165738E+06 8.008765E+06 7.419267E+06 6.672523E+06 5.714298E+06 4.726531E+06 3.840664E+06 3.099516E+06 2.007625E+06 1.284283E+06 7.978858E+05 4.794107E+05 2.828041E+05 1.673612E+05 
1.695816E+07 1.128891E+07 9.332998E+06 7.912185E+06 7.322747E+06 5.483957E+06 4.536416E+06 4.033285E+06 3.726808E+06 3.518456E+06 3.360785E+06 3.117175E+06 2.921553E+06 2.757009E+06 2.618697E+06 2.503165E+06 2.406427E+06 2.324206E+06 2.010145E+06 1.703705E+06 1.379249E+06 1.079772E+06 8.310711E+05 6.353361E+05 3.678417E+05 2.079952E+05 1.127793E+05 5.875779E+04 3.015763E+04 1.570930E+04 
2.923958E+07 1.984768E+07 1.618590E+07 1.310563E+07 1.239367E+07 1.043554E+07 9.002918E+06 8.142588E+06 7.585514E+06 7.193083E+06 6.891755E+06 6.431169E+06 6.077393E+06 5.796705E+06 5.575371E+06 5.402534E+06 5.267373E+06 5.159545E+06 4.763251E+06 4.275329E+06 3.649578E+06 3.003278E+06 2.422519E+06 1.935406E+06 1.215256E+06 7.402979E+05 4.304061E+05 2.393117E+05 1.303221E+05 7.153659E+04 
2.375902E+07 1.595264E+07 1.308736E+07 1.120827E+07 1.083347E+07 9.338946E+06 8.068044E+06 7.294177E+06 6.788739E+06 6.428434E+06 6.147411E+06 5.706449E+06 5.355163E+06 5.066072E+06 4.829236E+06 4.636688E+06 4.479842E+06 4.350010E+06 3.870934E+06 3.375193E+06 2.807523E+06 2.254221E+06 1.775577E+06 1.386008E+06 8.316462E+05 4.844523E+05 2.696197E+05 1.438659E+05 7.550244E+04 4.015275E+04 
2.242781E+07 1.502598E+07 1.233795E+07 1.050963E+07 1.004195E+07 8.349625E+06 7.133975E+06 6.421932E+06 5.965900E+06 5.645481E+06 5.398326E+06 5.014442E+06 4.710672E+06 4.461309E+06 4.257242E+06 4.091439E+06 3.956404E+06 3.844571E+06 3.428714E+06 2.991969E+06 2.490055E+06 2.001181E+06 1.578987E+06 1.235941E+06 7.482787E+05 4.418237E+05 2.501425E+05 1.360334E+05 7.275647E+04 3.936964E+04 
2.981302E+07 2.025546E+07 1.652062E+07 1.347204E+07 1.285222E+07 1.110476E+07 9.655886E+06 8.761003E+06 8.173662E+06 7.755750E+06 7.432241E+06 6.933522E+06 6.547600E+06 6.239935E+06 5.996360E+06 5.805434E+06 5.655612E+06 5.535796E+06 5.099170E+06 4.575580E+06 3.909474E+06 3.222142E+06 2.603836E+06 2.084234E+06 1.313339E+06 8.022419E+05 4.672491E+05 2.600338E+05 1.416499E+05 7.775333E+04 
3.459275E+07 2.380237E+07 1.940595E+07 1.566813E+07 1.508010E+07 1.370973E+07 1.215795E+07 1.112773E+07 1.042831E+07 9.918888E+06 9.517594E+06 8.888969E+06 8.397487E+06 8.004569E+06 7.693405E+06 7.449396E+06 7.257569E+06 7.103593E+06 6.535167E+06 5.854713E+06 4.998133E+06 4.120044E+06 3.333654E+06 2.675229E+06 1.702492E+06 1.058272E+06 6.319508E+05 3.625170E+05 2.039643E+05 1.155239E+05 
2.883879E+07 1.955688E+07 1.597644E+07 1.335290E+07 1.297232E+07 1.169312E+07 1.028296E+07 9.370534E+06 8.758174E+06 8.314367E+06 7.964749E+06 7.413286E+06 6.975085E+06 6.617370E+06 6.327247E+06 6.093810E+06 5.905453E+06 5.750682E+06 5.176734E+06 4.556016E+06 3.825964E+06 3.104046E+06 2.472749E+06 1.953794E+06 1.203910E+06 7.220624E+05 4.143646E+05 2.279211E+05 1.230557E+05 6.710644E+04 
2.217700E+07 1.485910E+07 1.220875E+07 1.044038E+07 9.991085E+06 8.325659E+06 7.116347E+06 6.406755E+06 5.951764E+06 5.631695E+06 5.384508E+06 4.999940E+06 4.695022E+06 4.444222E+06 4.238538E+06 4.071019E+06 3.934240E+06 3.820684E+06 3.397559E+06 2.957026E+06 2.454967E+06 1.968616E+06 1.550430E+06 1.211990E+06 7.334158E+05 4.343540E+05 2.475606E+05 1.359296E+05 7.352021E+04 4.024067E+04 
4.650876E+07 3.309620E+07 2.705413E+07 2.094416E+07 1.991422E+07 1.860042E+07 1.683898E+07 1.557942E+07 1.469501E+07 1.403838E+07 1.351630E+07 1.269948E+07 1.207322E+07 1.158950E+07 1.122352E+07 1.095189E+07 1.075107E+07 1.059939E+07 1.004893E+07 9.219955E+06 8.041867E+06 6.763515E+06 5.577997E+06 4.560748E+06 3.019076E+06 1.966010E+06 1.240381E+06 7.554805E+05 4.509775E+05 2.696259E+05 
3.014883E+07 2.055179E+07 1.676259E+07 1.348431E+07 1.271379E+07 1.067092E+07 9.203074E+06 8.321162E+06 7.748679E+06 7.343889E+06 7.031654E+06 6.551048E+06 6.178564E+06 5.880502E+06 5.643328E+06 5.456221E+06 5.308235E+06 5.188807E+06 4.745447E+06 4.218323E+06 3.559548E+06 2.888919E+06 2.293032E+06 1.798825E+06 1.082966E+06 6.293701E+05 3.487960E+05 1.855612E+05 9.737827E+04 5.194120E+04 
2.599910E+07 1.753931E+07 1.436619E+07 1.226640E+07 1.196946E+07 1.072112E+07 9.385502E+06 8.533653E+06 7.965314E+06 7.554376E+06 7.230656E+06 6.718660E+06 6.309435E+06 5.973090E+06 5.698402E+06 5.475959E+06 5.295537E+06 5.146822E+06 4.601007E+06 4.029988E+06 3.367511E+06 2.716242E+06 2.149442E+06 1.686007E+06 1.023045E+06 6.046614E+05 3.428473E+05 1.870256E+05 1.005179E+05 5.473056E+04 
3.956544E+07 2.762128E+07 2.252605E+07 1.769423E+07 1.680720E+07 1.510842E+07 1.341724E+07 1.229671E+07 1.153584E+07 1.098261E+07 1.054851E+07 9.874397E+06 9.355045E+06 8.946838E+06 8.629619E+06 8.385832E+06 8.197992E+06 8.049797E+06 7.498482E+06 6.781077E+06 5.841127E+06 4.860290E+06 3.972609E+06 3.224024E+06 2.109013E+06 1.359262E+06 8.484736E+05 5.109633E+05 3.015690E+05 1.783745E+05 
3.193075E+07 2.181113E+07 1.778355E+07 1.445265E+07 1.386132E+07 1.229283E+07 1.079232E+07 9.832719E+06 9.192096E+06 8.730726E+06 8.370330E+06 7.810252E+06 7.374808E+06 7.027459E+06 6.752783E+06 6.537882E+06 6.369609E+06 6.235323E+06 5.746587E+06 5.155714E+06 4.399798E+06 3.617970E+06 2.914305E+06 2.323558E+06 1.450803E+06 8.779505E+05 5.071913E+05 2.805408E+05 1.522245E+05 8.339062E+04 
2.189595E+07 1.465212E+07 1.203397E+07 1.022619E+07 9.727153E+06 7.975068E+06 6.783879E+06 6.095909E+06 5.658437E+06 5.352599E+06 5.117499E+06 4.753152E+06 4.464857E+06 4.227817E+06 4.033393E+06 3.874997E+06 3.745604E+06 3.638107E+06 3.236649E+06 2.818375E+06 2.342214E+06 1.880871E+06 1.483516E+06 1.160977E+06 7.022371E+05 4.134004E+05 2.326741E+05 1.254465E+05 6.639955E+04 3.553643E+04 
2.876489E+07 1.949915E+07 1.591452E+07 1.307438E+07 1.250059E+07 1.080117E+07 9.383588E+06 8.510086E+06 7.937455E+06 7.530124E+06 7.214621E+06 6.727221E+06 6.348512E+06 6.045102E+06 5.803555E+06 5.613056E+06 5.462599E+06 5.341524E+06 4.898624E+06 4.379258E+06 3.728833E+06 3.063389E+06 2.468340E+06 1.970720E+06 1.236868E+06 7.536532E+05 4.384554E+05 2.440015E+05 1.330105E+05 7.309151E+04 
4.018100E+07 2.807500E+07 2.289911E+07 1.807787E+07 1.730779E+07 1.598657E+07 1.433336E+07 1.319528E+07 1.241080E+07 1.183534E+07 1.138144E+07 1.067501E+07 1.013290E+07 9.711198E+06 9.388902E+06 9.147101E+06 8.966755E+06 8.830042E+06 8.354052E+06 7.675974E+06 6.712192E+06 5.662017E+06 4.685033E+06 3.844263E+06 2.563138E+06 1.679292E+06 1.063721E+06 6.489984E+05 3.873875E+05 2.313319E+05 
3.263108E+07 2.237077E+07 1.825062E+07 1.483452E+07 1.425911E+07 1.277617E+07 1.126260E+07 1.028139E+07 9.622325E+06 9.145539E+06 8.771636E+06 8.187876E+06 7.732037E+06 7.367429E+06 7.078547E+06 6.852162E+06 6.674629E+06 6.532760E+06 6.016007E+06 5.393750E+06 4.599922E+06 3.781043E+06 3.046766E+06 2.433436E+06 1.535259E+06 9.508320E+05 5.701548E+05 3.309118E+05 1.892887E+05 1.091892E+05 
2.526531E+07 1.700760E+07 1.393486E+07 1.190941E+07 1.158633E+07 1.025191E+07 8.938535E+06 8.114826E+06 7.570257E+06 7.179571E+06 6.874024E+06 6.395025E+06 6.015630E+06 5.705972E+06 5.454730E+06 5.252682E+06 5.090026E+06 4.956969E+06 4.472937E+06 3.955071E+06 3.339972E+06 2.726210E+06 2.185923E+06 1.739424E+06 1.089487E+06 6.664409E+05 3.912247E+05 2.204728E+05 1.219052E+05 6.794534E+04 
4.672438E+07 3.328013E+07 2.720953E+07 2.104667E+07 1.999654E+07 1.865041E+07 1.687971E+07 1.561613E+07 1.472984E+07 1.407238E+07 1.355002E+07 1.273335E+07 1.210756E+07 1.162445E+07 1.125914E+07 1.098817E+07 1.078795E+07 1.063678E+07 1.008680E+07 9.255810E+06 8.075050E+06 6.794447E+06 5.607634E+06 4.590213E+06 3.050784E+06 2.000414E+06 1.274296E+06 7.848310E+05 4.737434E+05 2.861128E+05 
2.645626E+07 1.785671E+07 1.459966E+07 1.214513E+07 1.161507E+07 9.908324E+06 8.555634E+06 7.736187E+06 7.202617E+06 6.823831E+06 6.529921E+06 6.072445E+06 5.711761E+06 5.417726E+06 5.178915E+06 4.986204E+06 4.830069E+06 4.701105E+06 4.215603E+06 3.688667E+06 3.075930E+06 2.476633E+06 1.957561E+06 1.534567E+06 9.306528E+05 5.491576E+05 3.099220E+05 1.676473E+05 8.907442E+04 4.786563E+04 
3.963291E+07 2.758141E+07 2.247874E+07 1.784789E+07 1.719245E+07 1.612194E+07 1.450752E+07 1.337135E+07 1.258065E+07 1.199637E+07 1.153245E+07 1.080414E+07 1.023897E+07 9.794027E+06 9.449023E+06 9.185486E+06 8.984561E+06 8.828439E+06 8.270269E+06 7.531451E+06 6.528048E+06 5.455433E+06 4.466399E+06 3.618600E+06 2.330459E+06 1.452118E+06 8.619628E+05 4.885538E+05 2.707638E+05 1.509917E+05 
2.833124E+07 1.920682E+07 1.567913E+07 1.282030E+07 1.217875E+07 1.032029E+07 8.909385E+06 8.057155E+06 7.503085E+06 7.110656E+06 6.807147E+06 6.337367E+06 5.969884E+06 5.672607E+06 5.432974E+06 5.240973E+06 5.086375E+06 4.959237E+06 4.477015E+06 3.935609E+06 3.294976E+06 2.663246E+06 2.113274E+06 1.663375E+06 1.018053E+06 6.075250E+05 3.475377E+05 1.908704E+05 1.030082E+05 5.618153E+04 
3.785522E+07 2.630438E+07 2.145529E+07 1.711824E+07 1.645110E+07 1.516589E+07 1.355001E+07 1.244647E+07 1.168751E+07 1.112972E+07 1.068713E+07 9.988226E+06 9.437721E+06 8.995348E+06 8.643274E+06 8.365459E+06 8.145269E+06 7.966788E+06 7.296301E+06 6.509351E+06 5.542151E+06 4.564230E+06 3.696517E+06 2.975426E+06 1.919252E+06 1.222780E+06 7.560990E+05 4.519025E+05 2.651517E+05 1.561392E+05 
2.513417E+07 1.691584E+07 1.386212E+07 1.186300E+07 1.154582E+07 1.021784E+07 8.908040E+06 8.086615E+06 7.543506E+06 7.153767E+06 6.848855E+06 6.370615E+06 5.991627E+06 5.682181E+06 5.431019E+06 5.228955E+06 5.066218E+06 4.933040E+06 4.448571E+06 3.931555E+06 3.318641E+06 2.707744E+06 2.170414E+06 1.726660E+06 1.081247E+06 6.614902E+05 3.884989E+05 2.190897E+05 1.212385E+05 6.762853E+04 
3.038873E+07 2.067881E+07 1.685761E+07 1.362411E+07 1.292104E+07 1.102832E+07 9.561469E+06 8.666061E+06 8.081585E+06 7.667644E+06 7.348728E+06 6.860448E+06 6.485921E+06 6.189893E+06 5.957671E+06 5.777480E+06 5.637606E+06 5.526892E+06 5.123626E+06 4.615982E+06 3.953107E+06 3.261751E+06 2.636531E+06 2.109644E+06 1.326844E+06 8.083718E+05 4.695461E+05 2.606747E+05 1.417102E+05 7.765985E+04 
3.196912E+07 2.186706E+07 1.783384E+07 1.445152E+07 1.381639E+07 1.215311E+07 1.064641E+07 9.692427E+06 9.058749E+06 8.604100E+06 8.249960E+06 7.700930E+06 7.274573E+06 6.934353E+06 6.664947E+06 6.453687E+06 6.287739E+06 6.154804E+06 5.668446E+06 5.087586E+06 4.352636E+06 3.596884E+06 2.919032E+06 2.351036E+06 1.510787E+06 9.516326E+05 5.775700E+05 3.372276E+05 1.930358E+05 1.110374E+05 
2.293059E+07 1.536516E+07 1.259839E+07 1.060497E+07 1.006943E+07 8.271772E+06 7.047842E+06 6.338984E+06 5.888121E+06 5.573450E+06 5.332353E+06 4.961126E+06 4.670220E+06 4.433425E+06 4.241311E+06 4.086688E+06 3.962037E+06 3.859841E+06 3.483386E+06 3.073888E+06 2.587050E+06 2.102539E+06 1.677234E+06 1.326681E+06 8.185280E+05 4.907682E+05 2.810065E+05 1.539409E+05 8.266146E+04 4.479683E+04 
1.731430E+07 1.152780E+07 9.521992E+06 8.047815E+06 7.447831E+06 5.588015E+06 4.626016E+06 4.114258E+06 3.802309E+06 3.590228E+06 3.429813E+06 3.182301E+06 2.983995E+06 2.817586E+06 2.678032E+06 2.561728E+06 2.464548E+06 2.382091E+06 2.067016E+06 1.756586E+06 1.425322E+06 1.118137E+06 8.622050E+05 6.602492E+05 3.833643E+05 2.172600E+05 1.179997E+05 6.154835E+04 3.161255E+04 1.647362E+04 
2.318936E+07 1.555810E+07 1.276523E+07 1.085590E+07 1.040126E+07 8.744670E+06 7.498245E+06 6.758744E+06 6.281764E+06 5.944764E+06 5.683660E+06 5.276357E+06 4.953056E+06 4.687293E+06 4.469634E+06 4.292683E+06 4.148513E+06 4.029110E+06 3.586697E+06 3.125650E+06 2.596804E+06 2.081462E+06 1.636019E+06 1.273892E+06 7.598347E+05 4.395358E+05 2.427797E+05 1.285729E+05 6.700844E+04 3.541987E+04 
3.844162E+07 2.674358E+07 2.180169E+07 1.716118E+07 1.628932E+07 1.453450E+07 1.286945E+07 1.178102E+07 1.104718E+07 1.051692E+07 1.010356E+07 9.467915E+06 8.984712E+06 8.610395E+06 8.324694E+06 8.110251E+06 7.949970E+06 7.827966E+06 7.395552E+06 6.777146E+06 5.906577E+06 4.965055E+06 4.094174E+06 3.348158E+06 2.217451E+06 1.442369E+06 9.063956E+05 5.484189E+05 3.247191E+05 1.924878E+05 
2.898316E+07 1.967609E+07 1.605542E+07 1.307362E+07 1.240796E+07 1.052672E+07 9.095834E+06 8.229350E+06 7.665312E+06 7.265610E+06 6.956501E+06 6.478534E+06 6.105471E+06 5.804499E+06 5.562616E+06 5.369431E+06 5.214373E+06 5.087217E+06 4.605172E+06 4.057419E+06 3.403794E+06 2.756215E+06 2.190587E+06 1.726639E+06 1.058992E+06 6.326964E+05 3.620533E+05 1.987710E+05 1.071860E+05 5.840118E+04 
2.278657E+07 1.527238E+07 1.254317E+07 1.079450E+07 1.041864E+07 8.893724E+06 7.653458E+06 6.906532E+06 6.420750E+06 6.074990E+06 5.805224E+06 5.380718E+06 5.040517E+06 4.758529E+06 4.525649E+06 4.334656E+06 4.177649E+06 4.046547E+06 3.559253E+06 3.070955E+06 2.529245E+06 2.011356E+06 1.569197E+06 1.212961E+06 7.123939E+05 4.046413E+05 2.186165E+05 1.128435E+05 5.720624E+04 2.941260E+04 
3.230929E+07 2.213738E+07 1.806639E+07 1.476646E+07 1.425039E+07 1.288372E+07 1.138355E+07 1.040134E+07 9.738922E+06 9.258043E+06 8.879431E+06 8.284433E+06 7.815432E+06 7.436473E+06 7.132635E+06 6.891078E+06 6.698402E+06 6.541575E+06 5.957413E+06 5.291812E+06 4.485158E+06 3.676758E+06 2.965237E+06 2.378641E+06 1.528965E+06 9.758157E+05 6.073842E+05 3.665761E+05 2.174095E+05 1.293289E+05 
3.277741E+07 2.247952E+07 1.834141E+07 1.494345E+07 1.440523E+07 1.302034E+07 1.150889E+07 1.051781E+07 9.848612E+06 9.362500E+06 8.979806E+06 8.379167E+06 7.907058E+06 7.526955E+06 7.223518E+06 6.983514E+06 6.793166E+06 6.639103E+06 6.066488E+06 5.396994E+06 4.570906E+06 3.735885E+06 2.997523E+06 2.387284E+06 1.503447E+06 9.332596E+05 5.621959E+05 3.279959E+05 1.885013E+05 1.091390E+05 
3.827223E+07 2.661986E+07 2.171250E+07 1.729891E+07 1.662362E+07 1.535780E+07 1.373647E+07 1.262448E+07 1.185830E+07 1.129461E+07 1.084712E+07 1.014057E+07 9.584655E+06 9.138792E+06 8.784827E+06 8.506353E+06 8.286367E+06 8.108637E+06 7.442764E+06 6.653030E+06 5.674169E+06 4.679554E+06 3.793857E+06 3.055594E+06 1.970219E+06 1.251931E+06 7.705156E+05 4.578104E+05 2.669696E+05 1.563144E+05 
4.619153E+07 3.285423E+07 2.685495E+07 2.077503E+07 1.971484E+07 1.826408E+07 1.647819E+07 1.521862E+07 1.433877E+07 1.368695E+07 1.316859E+07 1.235416E+07 1.172305E+07 1.122793E+07 1.084528E+07 1.055303E+07 1.032896E+07 1.015252E+07 9.484389E+06 8.592438E+06 7.419489E+06 6.192731E+06 5.079180E+06 4.137229E+06 2.728566E+06 1.775936E+06 1.121479E+06 6.838458E+05 4.085538E+05 2.443527E+05 
3.219046E+07 2.205257E+07 1.797472E+07 1.430989E+07 1.346324E+07 1.135815E+07 9.833156E+06 8.910420E+06 8.310374E+06 7.886750E+06 7.561398E+06 7.065497E+06 6.687455E+06 6.390599E+06 6.159409E+06 5.981433E+06 5.844387E+06 5.736661E+06 5.341319E+06 4.821741E+06 4.132126E+06 3.410233E+06 2.758367E+06 2.211640E+06 1.407725E+06 8.813421E+05 5.350720E+05 3.145007E+05 1.819860E+05 1.059890E+05 
2.505508E+07 1.688253E+07 1.381003E+07 1.137532E+07 1.071913E+07 8.744848E+06 7.448066E+06 6.697771E+06 6.220231E+06 5.886619E+06 5.630688E+06 5.235743E+06 4.925223E+06 4.671443E+06 4.464309E+06 4.296051E+06 4.158610E+06 4.044015E+06 3.603561E+06 3.127970E+06 2.586601E+06 2.066154E+06 1.621782E+06 1.264287E+06 7.623439E+05 4.510245E+05 2.573647E+05 1.416980E+05 7.690665E+04 4.224351E+04 
3.108427E+07 2.117980E+07 1.726786E+07 1.403901E+07 1.342606E+07 1.175972E+07 1.027868E+07 9.347455E+06 8.731087E+06 8.290099E+06 7.947507E+06 7.418221E+06 7.008831E+06 6.683325E+06 6.426604E+06 6.226285E+06 6.069879E+06 5.945424E+06 5.493759E+06 4.943167E+06 4.234236E+06 3.497996E+06 2.832848E+06 2.272029E+06 1.436775E+06 8.805275E+05 5.144881E+05 2.872250E+05 1.569343E+05 8.638414E+04 
4.047741E+07 2.829904E+07 2.309027E+07 1.838874E+07 1.780278E+07 1.703963E+07 1.545572E+07 1.430065E+07 1.348581E+07 1.287813E+07 1.239175E+07 1.162054E+07 1.101586E+07 1.053625E+07 1.016205E+07 9.874499E+06 9.653889E+06 9.481398E+06 8.862813E+06 8.063932E+06 6.994734E+06 5.861121E+06 4.823268E+06 3.940054E+06 2.610066E+06 1.703253E+06 1.076478E+06 6.560423E+05 3.914129E+05 2.337179E+05 
3.020369E+07 2.054614E+07 1.676384E+07 1.376206E+07 1.323073E+07 1.169427E+07 1.023976E+07 9.317051E+06 8.703417E+06 8.262320E+06 7.917876E+06 7.381654E+06 6.962801E+06 6.626587E+06 6.358767E+06 6.147531E+06 5.980726E+06 5.846555E+06 5.357094E+06 4.784602E+06 4.067155E+06 3.332704E+06 2.676034E+06 2.127480E+06 1.321622E+06 7.960481E+05 4.577832E+05 2.520775E+05 1.361956E+05 7.431855E+04 
2.580078E+07 1.739580E+07 1.424548E+07 1.210007E+07 1.174143E+07 1.035164E+07 9.016139E+06 8.179171E+06 7.624921E+06 7.225986E+06 6.912536E+06 6.417178E+06 6.020359E+06 5.692666E+06 5.423230E+06 5.203083E+06 5.022522E+06 4.871781E+06 4.304146E+06 3.720856E+06 3.069834E+06 2.447704E+06 1.917407E+06 1.490792E+06 8.913218E+05 5.199423E+05 2.908351E+05 1.563045E+05 8.268404E+04 4.431171E+04 
4.514822E+07 3.199507E+07 2.614056E+07 2.038892E+07 1.950790E+07 1.846298E+07 1.676585E+07 1.553095E+07 1.465894E+07 1.400907E+07 1.349051E+07 1.267504E+07 1.204573E+07 1.155677E+07 1.118492E+07 1.090782E+07 1.070263E+07 1.054800E+07 1.000340E+07 9.198258E+06 8.042250E+06 6.777186E+06 5.596884E+06 4.579543E+06 3.030948E+06 1.970440E+06 1.240500E+06 7.541449E+05 4.496174E+05 2.686371E+05 
2.999004E+07 2.043150E+07 1.666428E+07 1.341336E+07 1.264773E+07 1.061345E+07 9.156129E+06 8.282690E+06 7.717451E+06 7.319431E+06 7.013941E+06 6.547338E+06 6.189385E+06 5.905809E+06 5.682604E+06 5.508687E+06 5.373011E+06 5.265011E+06 4.867059E+06 4.368792E+06 3.725278E+06 3.060315E+06 2.464648E+06 1.967908E+06 1.241887E+06 7.698464E+05 4.619495E+05 2.680663E+05 1.531582E+05 8.816906E+04 
4.724916E+07 3.366062E+07 2.751764E+07 2.131723E+07 2.033121E+07 1.925513E+07 1.752537E+07 1.625633E+07 1.535728E+07 1.468660E+07 1.415190E+07 1.331411E+07 1.267241E+07 1.217870E+07 1.180772E+07 1.153527E+07 1.133697E+07 1.119036E+07 1.068514E+07 9.903202E+06 8.748980E+06 7.466216E+06 6.254437E+06 5.197106E+06 3.553931E+06 2.386653E+06 1.547117E+06 9.634126E+05 5.850224E+05 3.542814E+05 
2.793996E+07 1.894374E+07 1.546665E+07 1.258733E+07 1.188866E+07 9.912423E+06 8.520362E+06 7.694724E+06 7.163253E+06 6.790064E+06 6.503817E+06 6.065557E+06 5.727097E+06 5.456595E+06 5.241522E+06 5.072070E+06 4.938331E+06 4.830701E+06 4.432820E+06 3.956013E+06 3.356289E+06 2.744582E+06 2.201146E+06 1.750767E+06 1.097102E+06 6.755334E+05 4.026378E+05 2.321111E+05 1.318049E+05 7.546784E+04 
2.832303E+07 1.921664E+07 1.568509E+07 1.273818E+07 1.202789E+07 1.003693E+07 8.627605E+06 7.788696E+06 7.246718E+06 6.864509E+06 6.569941E+06 6.115853E+06 5.762216E+06 5.477365E+06 5.248979E+06 5.067312E+06 4.922400E+06 4.804530E+06 4.365902E+06 3.861186E+06 3.244055E+06 2.622905E+06 2.074969E+06 1.622911E+06 9.716579E+05 5.612538E+05 3.086596E+05 1.626301E+05 8.439836E+04 4.449314E+04 
3.431690E+07 2.360238E+07 1.924182E+07 1.549374E+07 1.485458E+07 1.333845E+07 1.178213E+07 1.076586E+07 1.008088E+07 9.584580E+06 9.195387E+06 8.589017E+06 8.117639E+06 7.742514E+06 7.446724E+06 7.215808E+06 7.035100E+06 6.890642E+06 6.356484E+06 5.702804E+06 4.871023E+06 4.015149E+06 3.247673E+06 2.604981E+06 1.656297E+06 1.029225E+06 6.149148E+05 3.531774E+05 1.990361E+05 1.129288E+05 
3.800021E+07 2.639583E+07 2.152356E+07 1.713683E+07 1.644764E+07 1.512439E+07 1.351219E+07 1.241644E+07 1.166557E+07 1.111666E+07 1.068444E+07 1.001165E+07 9.493439E+06 9.087617E+06 8.774638E+06 8.537209E+06 8.357843E+06 8.220037E+06 7.736415E+06 7.078820E+06 6.166304E+06 5.182875E+06 4.274424E+06 3.496844E+06 2.319427E+06 1.512972E+06 9.547509E+05 5.806265E+05 3.456300E+05 2.059265E+05 
2.400451E+07 1.611422E+07 1.320498E+07 1.116925E+07 1.070350E+07 9.049534E+06 7.780024E+06 7.022743E+06 6.533950E+06 6.189288E+06 5.923328E+06 5.511750E+06 5.188889E+06 4.926649E+06 4.714593E+06 4.544588E+06 4.408140E+06 4.296802E+06 3.890287E+06 3.445329E+06 2.910357E+06 2.373910E+06 1.900468E+06 1.508566E+06 9.374827E+05 5.665148E+05 3.272019E+05 1.809137E+05 9.805357E+04 5.361030E+04 
2.523498E+07 1.698741E+07 1.389761E+07 1.156748E+07 1.100603E+07 9.206837E+06 7.899636E+06 7.125497E+06 6.627360E+06 6.276975E+06 6.007209E+06 5.590901E+06 5.265330E+06 5.001574E+06 4.788751E+06 4.618362E+06 4.481612E+06 4.369819E+06 3.954875E+06 3.491316E+06 2.934653E+06 2.379444E+06 1.892273E+06 1.491439E+06 9.130745E+05 5.433926E+05 3.092074E+05 1.686185E+05 9.028080E+04 4.885216E+04 
5.319911E+07 3.860417E+07 3.166988E+07 2.416564E+07 2.282824E+07 2.154858E+07 1.970634E+07 1.833312E+07 1.735087E+07 1.661348E+07 1.602344E+07 1.509848E+07 1.439426E+07 1.385912E+07 1.346383E+07 1.317936E+07 1.297659E+07 1.282913E+07 1.229373E+07 1.137268E+07 9.998334E+06 8.475011E+06 7.042509E+06 5.800122E+06 3.894181E+06 2.573245E+06 1.648789E+06 1.019954E+06 6.177614E+05 3.741184E+05 
3.686628E+07 2.549136E+07 2.077090E+07 1.655201E+07 1.585157E+07 1.438694E+07 1.277899E+07 1.170728E+07 1.097817E+07 1.044705E+07 1.002944E+07 9.378831E+06 8.875232E+06 8.477394E+06 8.166651E+06 7.926787E+06 7.741454E+06 7.595213E+06 7.060232E+06 6.377506E+06 5.481523E+06 4.543129E+06 3.690599E+06 2.968714E+06 1.888544E+06 1.165317E+06 6.864983E+05 3.868681E+05 2.134811E+05 1.186563E+05 
2.456162E+07 1.651280E+07 1.351763E+07 1.128753E+07 1.073333E+07 8.930818E+06 7.646397E+06 6.890645E+06 6.405870E+06 6.065493E+06 5.803605E+06 5.399140E+06 5.081936E+06 4.823950E+06 4.614815E+06 4.446486E+06 4.310599E+06 4.198861E+06 3.781764E+06 3.324626E+06 2.785137E+06 2.252330E+06 1.787731E+06 1.407129E+06 8.601935E+05 5.116615E+05 2.910989E+05 1.587084E+05 8.494069E+04 4.593591E+04 
2.673402E+07 1.804479E+07 1.474318E+07 1.217868E+07 1.159564E+07 9.800267E+06 8.445071E+06 7.632235E+06 7.106199E+06 6.735187E+06 6.449453E+06 6.009804E+06 5.668432E+06 5.394337E+06 5.175413E+06 5.002133E+06 4.864782E+06 4.753892E+06 4.347285E+06 3.874891E+06 3.287765E+06 2.690217E+06 2.158305E+06 1.715433E+06 1.066592E+06 6.436005E+05 3.707332E+05 2.043141E+05 1.103644E+05 6.015269E+04 
2.739376E+07 1.851071E+07 1.512087E+07 1.252825E+07 1.199587E+07 1.032377E+07 8.947666E+06 8.106007E+06 7.556351E+06 7.166290E+06 6.864571E+06 6.398678E+06 6.036335E+06 5.745498E+06 5.513490E+06 5.330199E+06 5.185293E+06 5.068704E+06 4.645734E+06 4.155572E+06 3.541920E+06 2.913159E+06 2.350109E+06 1.878632E+06 1.181975E+06 7.218899E+05 4.208557E+05 2.346223E+05 1.280792E+05 7.045798E+04 
4.101355E+07 2.872219E+07 2.343096E+07 1.844233E+07 1.764020E+07 1.632000E+07 1.465186E+07 1.349789E+07 1.270067E+07 1.211514E+07 1.165303E+07 1.093397E+07 1.038299E+07 9.955493E+06 9.629901E+06 9.386675E+06 9.206176E+06 9.070077E+06 8.597645E+06 7.911939E+06 6.928455E+06 5.852452E+06 4.848852E+06 3.983481E+06 2.661866E+06 1.747615E+06 1.109220E+06 6.780300E+05 4.053959E+05 2.424354E+05 
4.392986E+07 3.108050E+07 2.537470E+07 1.941131E+07 1.808931E+07 1.568016E+07 1.382492E+07 1.263922E+07 1.184519E+07 1.127442E+07 1.083232E+07 1.016054E+07 9.659874E+06 9.281045E+06 8.999707E+06 8.794953E+06 8.646802E+06 8.537216E+06 8.132731E+06 7.460220E+06 6.477227E+06 5.404211E+06 4.409557E+06 3.559273E+06 2.285032E+06 1.437794E+06 8.766137E+05 5.177950E+05 3.013657E+05 1.766180E+05 
3.887395E+07 2.703239E+07 2.202676E+07 1.731067E+07 1.643410E+07 1.469255E+07 1.301135E+07 1.190646E+07 1.115867E+07 1.061612E+07 1.019123E+07 9.533104E+06 9.027410E+06 8.630654E+06 8.322769E+06 8.086496E+06 7.904757E+06 7.761661E+06 7.230896E+06 6.536158E+06 5.620587E+06 4.660967E+06 3.788453E+06 3.048868E+06 1.940381E+06 1.196803E+06 7.041391E+05 3.960222E+05 2.180103E+05 1.208698E+05 
3.682051E+07 2.548401E+07 2.078209E+07 1.675119E+07 1.623093E+07 1.524579E+07 1.369543E+07 1.261272E+07 1.186280E+07 1.131016E+07 1.087167E+07 1.018202E+07 9.644065E+06 9.217697E+06 8.884651E+06 8.628365E+06 8.431680E+06 8.278176E+06 7.737551E+06 7.050439E+06 6.127476E+06 5.145322E+06 4.243741E+06 3.474609E+06 2.311503E+06 1.512846E+06 9.571595E+05 5.829324E+05 3.471500E+05 2.067843E+05 
4.777150E+07 3.415212E+07 2.793832E+07 2.146332E+07 2.025201E+07 1.855621E+07 1.670197E+07 1.540982E+07 1.451039E+07 1.384523E+07 1.331678E+07 1.248691E+07 1.184355E+07 1.133803E+07 1.094602E+07 1.064482E+07 1.041169E+07 1.022576E+07 9.502322E+06 8.553777E+06 7.338504E+06 6.087187E+06 4.963096E+06 4.019854E+06 2.623426E+06 1.691691E+06 1.059919E+06 6.422692E+05 3.818862E+05 2.275902E+05 
2.728428E+07 1.842922E+07 1.507399E+07 1.280800E+07 1.253792E+07 1.141926E+07 1.005702E+07 9.168317E+06 8.569775E+06 8.134573E+06 7.790557E+06 7.245263E+06 6.809305E+06 6.451397E+06 6.159550E+06 5.923575E+06 5.732429E+06 5.575023E+06 4.997049E+06 4.390181E+06 3.684585E+06 2.989044E+06 2.381145E+06 1.881127E+06 1.157296E+06 6.911886E+05 3.938057E+05 2.145365E+05 1.145676E+05 6.178741E+04 
5.049652E+07 3.646085E+07 2.987402E+07 2.248257E+07 2.075317E+07 1.792180E+07 1.585964E+07 1.453039E+07 1.363440E+07 1.298689E+07 1.248285E+07 1.171180E+07 1.113236E+07 1.068979E+07 1.035588E+07 1.010576E+07 9.915962E+06 9.765837E+06 9.139811E+06 8.228441E+06 7.043038E+06 5.824519E+06 4.734435E+06 3.824605E+06 2.490848E+06 1.613442E+06 1.022725E+06 6.301188E+05 3.815778E+05 2.313927E+05 
2.650228E+07 1.788640E+07 1.462372E+07 1.217751E+07 1.165985E+07 9.984108E+06 8.635258E+06 7.816254E+06 7.283279E+06 6.905905E+06 6.614410E+06 6.164673E+06 5.814836E+06 5.533781E+06 5.309314E+06 5.131773E+06 4.991264E+06 4.878125E+06 4.467940E+06 3.994607E+06 3.403453E+06 2.798963E+06 2.258889E+06 1.807785E+06 1.143410E+06 7.052910E+05 4.171286E+05 2.366363E+05 1.315916E+05 7.368969E+04 
3.750841E+07 2.602679E+07 2.121397E+07 1.674128E+07 1.588706E+07 1.408954E+07 1.243185E+07 1.135664E+07 1.063303E+07 1.010944E+07 9.699584E+06 9.063086E+06 8.570667E+06 8.180676E+06 7.874390E+06 7.635793E+06 7.448925E+06 7.298849E+06 6.728256E+06 6.017766E+06 5.122027E+06 4.207737E+06 3.392398E+06 2.712462E+06 1.713959E+06 1.058610E+06 6.288080E+05 3.592374E+05 2.015103E+05 1.138856E+05 
3.408534E+07 2.340465E+07 1.907166E+07 1.531952E+07 1.464604E+07 1.302963E+07 1.147308E+07 1.046891E+07 9.795841E+06 9.310231E+06 8.930827E+06 8.342307E+06 7.886840E+06 7.525629E+06 7.241790E+06 7.021096E+06 6.849220E+06 6.712560E+06 6.210779E+06 5.587522E+06 4.783564E+06 3.949430E+06 3.196660E+06 2.562690E+06 1.620281E+06 9.942112E+05 5.825946E+05 3.266521E+05 1.794002E+05 9.928592E+04 
2.845141E+07 1.928894E+07 1.575884E+07 1.311114E+07 1.265749E+07 1.119223E+07 9.781595E+06 8.889060E+06 8.295547E+06 7.867805E+06 7.532038E+06 7.003599E+06 6.583593E+06 6.239862E+06 5.959927E+06 5.733408E+06 5.549313E+06 5.396767E+06 4.820936E+06 4.203805E+06 3.494451E+06 2.805358E+06 2.211278E+06 1.728976E+06 1.043739E+06 6.136409E+05 3.454364E+05 1.865995E+05 9.910830E+04 5.328027E+04 
2.967127E+07 2.015719E+07 1.644125E+07 1.339320E+07 1.275622E+07 1.096595E+07 9.519774E+06 8.631530E+06 8.049963E+06 7.636752E+06 7.317122E+06 6.824405E+06 6.442725E+06 6.137878E+06 5.895930E+06 5.705658E+06 5.555733E+06 5.435250E+06 4.992116E+06 4.465047E+06 3.802334E+06 3.123653E+06 2.516475E+06 2.008524E+06 1.259189E+06 7.658709E+05 4.444825E+05 2.466508E+05 1.340517E+05 7.345027E+04 
2.774931E+07 1.876991E+07 1.532356E+07 1.257387E+07 1.195714E+07 1.013115E+07 8.744324E+06 7.908693E+06 7.366709E+06 6.984062E+06 6.689367E+06 6.236589E+06 5.886231E+06 5.606157E+06 5.383584E+06 5.208389E+06 5.070323E+06 4.959464E+06 4.553875E+06 4.072277E+06 3.465070E+06 2.842527E+06 2.285675E+06 1.820289E+06 1.135444E+06 6.867766E+05 3.962766E+05 2.186466E+05 1.181975E+05 6.445393E+04 
4.788128E+07 3.419830E+07 2.797315E+07 2.165272E+07 2.065092E+07 1.961867E+07 1.788639E+07 1.660479E+07 1.569316E+07 1.501096E+07 1.446554E+07 1.360817E+07 1.294944E+07 1.244170E+07 1.205976E+07 1.177904E+07 1.157453E+07 1.142307E+07 1.089269E+07 1.005861E+07 8.829372E+06 7.468742E+06 6.190031E+06 5.081809E+06 3.384389E+06 2.213649E+06 1.402244E+06 8.576600E+05 5.142080E+05 3.087480E+05 
2.220538E+07 1.487939E+07 1.219192E+07 1.001668E+07 9.306919E+06 7.234385E+06 6.068643E+06 5.425836E+06 5.027135E+06 4.753847E+06 4.547096E+06 4.231580E+06 3.984712E+06 3.782869E+06 3.617917E+06 3.483850E+06 3.374385E+06 3.283221E+06 2.933026E+06 2.550611E+06 2.110952E+06 1.686114E+06 1.322447E+06 1.029516E+06 6.180821E+05 3.633329E+05 2.056133E+05 1.121256E+05 6.024784E+04 3.277127E+04 
4.149743E+07 2.910154E+07 2.374349E+07 1.865548E+07 1.783239E+07 1.650718E+07 1.483020E+07 1.366751E+07 1.286336E+07 1.227235E+07 1.180579E+07 1.107999E+07 1.052453E+07 1.009438E+07 9.767595E+06 9.524231E+06 9.344298E+06 9.209176E+06 8.741589E+06 8.053909E+06 7.061030E+06 5.971596E+06 4.953734E+06 4.075042E+06 2.731376E+06 1.800036E+06 1.147562E+06 7.047567E+05 4.232600E+05 2.541208E+05 
2.394865E+07 1.608813E+07 1.318652E+07 1.114139E+07 1.066165E+07 8.977280E+06 7.706331E+06 6.950067E+06 6.461689E+06 6.116558E+06 5.849302E+06 5.433122E+06 5.103775E+06 4.833938E+06 4.613716E+06 4.435329E+06 4.290508E+06 4.170943E+06 3.728076E+06 3.259261E+06 2.715233E+06 2.181715E+06 1.718579E+06 1.340793E+06 8.023404E+05 4.652695E+05 2.574511E+05 1.365035E+05 7.119103E+04 3.764352E+04 
2.638686E+07 1.779906E+07 1.456290E+07 1.229564E+07 1.190858E+07 1.048983E+07 9.142884E+06 8.299563E+06 7.742232E+06 7.342582E+06 7.030272E+06 6.541439E+06 6.155210E+06 5.840797E+06 5.586352E+06 5.382200E+06 5.218128E+06 5.084001E+06 4.592405E+06 4.057145E+06 3.418325E+06 2.780763E+06 2.220027E+06 1.757305E+06 1.086193E+06 6.533776E+05 3.761228E+05 2.075737E+05 1.124410E+05 6.150524E+04 
3.848406E+07 2.681092E+07 2.185251E+07 1.696220E+07 1.586146E+07 1.355873E+07 1.184738E+07 1.078303E+07 1.008035E+07 9.579709E+06 9.193682E+06 8.606843E+06 8.165277E+06 7.825375E+06 7.567032E+06 7.373560E+06 7.228857E+06 7.118119E+06 6.708059E+06 6.102330E+06 5.258405E+06 4.356561E+06 3.531814E+06 2.833786E+06 1.798732E+06 1.118202E+06 6.724193E+05 3.912480E+05 2.243134E+05 1.296447E+05 
2.718006E+07 1.836441E+07 1.500984E+07 1.252039E+07 1.204536E+07 1.047846E+07 9.106147E+06 8.256855E+06 7.698575E+06 7.299940E+06 6.989593E+06 6.505960E+06 6.125506E+06 5.816787E+06 5.567584E+06 5.368010E+06 5.207771E+06 5.076735E+06 4.592081E+06 4.056922E+06 3.417274E+06 2.779451E+06 2.218844E+06 1.756298E+06 1.085137E+06 6.518706E+05 3.742881E+05 2.057958E+05 1.109863E+05 6.042909E+04 
2.330495E+07 1.562233E+07 1.282638E+07 1.110581E+07 1.080633E+07 9.445044E+06 8.189149E+06 7.415099E+06 6.907206E+06 6.544230E+06 6.260725E+06 5.815596E+06 5.461131E+06 5.169714E+06 4.931317E+06 4.737903E+06 4.580800E+06 4.451231E+06 3.978139E+06 3.489697E+06 2.925561E+06 2.371036E+06 1.887446E+06 1.490485E+06 9.172355E+05 5.487827E+05 3.136036E+05 1.714847E+05 9.194087E+04 4.977035E+04 
3.795652E+07 2.639804E+07 2.153284E+07 1.711028E+07 1.637167E+07 1.490796E+07 1.327084E+07 1.217199E+07 1.142195E+07 1.087373E+07 1.044063E+07 9.759951E+06 9.226217E+06 8.798773E+06 8.459581E+06 8.192624E+06 7.981459E+06 7.810450E+06 7.163816E+06 6.394686E+06 5.447131E+06 4.489782E+06 3.641660E+06 2.938302E+06 1.911350E+06 1.235129E+06 7.786336E+05 4.757121E+05 2.852439E+05 1.712720E+05 
2.703985E+07 1.825680E+07 1.491265E+07 1.231579E+07 1.174133E+07 9.973654E+06 8.609732E+06 7.787393E+06 7.254122E+06 6.877666E+06 6.587693E+06 6.141854E+06 5.796347E+06 5.519662E+06 5.299401E+06 5.125778E+06 4.988841E+06 4.878909E+06 4.479813E+06 4.011281E+06 3.420632E+06 2.813727E+06 2.269440E+06 1.813235E+06 1.138620E+06 6.931632E+05 4.023144E+05 2.230979E+05 1.211011E+05 6.625185E+04 
2.847847E+07 1.930642E+07 1.576611E+07 1.301565E+07 1.248000E+07 1.084456E+07 9.432628E+06 8.556764E+06 7.979993E+06 7.567713E+06 7.246659E+06 6.746817E+06 6.354719E+06 6.037820E+06 5.783261E+06 5.580546E+06 5.418779E+06 5.287284E+06 4.802750E+06 4.254379E+06 3.586127E+06 2.913107E+06 2.318385E+06 1.826514E+06 1.113801E+06 6.582927E+05 3.715351E+05 2.009988E+05 1.068945E+05 5.754789E+04 
2.746557E+07 1.856668E+07 1.517848E+07 1.275155E+07 1.236381E+07 1.099436E+07 9.617833E+06 8.744270E+06 8.163180E+06 7.744589E+06 7.416357E+06 6.900981E+06 6.492935E+06 6.160531E+06 5.891433E+06 5.675408E+06 5.501624E+06 5.359344E+06 4.835481E+06 4.265333E+06 3.587911E+06 2.913938E+06 2.322365E+06 1.834867E+06 1.128973E+06 6.750509E+05 3.857063E+05 2.110612E+05 1.133309E+05 6.147618E+04 
3.181772E+07 2.173407E+07 1.771660E+07 1.430025E+07 1.361769E+07 1.183670E+07 1.032781E+07 9.384824E+06 8.761826E+06 8.316396E+06 7.970336E+06 7.435120E+06 7.020102E+06 6.688927E+06 6.426374E+06 6.219960E+06 6.057127E+06 5.925879E+06 5.436129E+06 4.849563E+06 4.117198E+06 3.371826E+06 2.708241E+06 2.155468E+06 1.344748E+06 8.150667E+05 4.721247E+05 2.618641E+05 1.424088E+05 7.813214E+04 
2.478863E+07 1.667576E+07 1.365366E+07 1.145564E+07 1.094692E+07 9.230823E+06 7.933016E+06 7.158327E+06 6.657313E+06 6.303065E+06 6.028817E+06 5.602341E+06 5.265766E+06 4.990867E+06 4.767256E+06 4.586745E+06 4.440696E+06 4.320478E+06 3.875524E+06 3.398045E+06 2.838312E+06 2.286212E+06 1.804935E+06 1.410949E+06 8.468370E+05 4.918037E+05 2.721132E+05 1.440638E+05 7.494555E+04 3.950731E+04 
3.819016E+07 2.655254E+07 2.164563E+07 1.705083E+07 1.618451E+07 1.442185E+07 1.276122E+07 1.167822E+07 1.094887E+07 1.042224E+07 1.001190E+07 9.381060E+06 8.901444E+06 8.529692E+06 8.245698E+06 8.032297E+06 7.872587E+06 7.750857E+06 7.319256E+06 6.705182E+06 5.842831E+06 4.911319E+06 4.050470E+06 3.313637E+06 2.197931E+06 1.433491E+06 9.041145E+05 5.493229E+05 3.266015E+05 1.943274E+05 
3.820702E+07 2.660046E+07 2.168018E+07 1.683503E+07 1.573710E+07 1.342243E+07 1.171815E+07 1.066171E+07 9.965481E+06 9.470022E+06 9.088260E+06 8.508035E+06 8.071271E+06 7.734836E+06 7.478938E+06 7.287150E+06 7.143590E+06 7.033640E+06 6.626285E+06 6.025933E+06 5.190623E+06 4.298730E+06 3.483725E+06 2.794551E+06 1.774144E+06 1.104535E+06 6.661597E+05 3.891935E+05 2.241578E+05 1.301335E+05 
2.855110E+07 1.935060E+07 1.580817E+07 1.318545E+07 1.276732E+07 1.138828E+07 9.982151E+06 9.084339E+06 8.485531E+06 8.053626E+06 7.714823E+06 7.183135E+06 6.762878E+06 6.421250E+06 6.145290E+06 5.924200E+06 5.746617E+06 5.601341E+06 5.064092E+06 4.472516E+06 3.766636E+06 3.063285E+06 2.445395E+06 1.935865E+06 1.197224E+06 7.208635E+05 4.155020E+05 2.296410E+05 1.245826E+05 6.824631E+04 
4.260248E+07 2.996143E+07 2.445854E+07 1.931832E+07 1.864392E+07 1.788690E+07 1.627282E+07 1.508140E+07 1.423648E+07 1.360453E+07 1.309804E+07 1.229529E+07 1.166806E+07 1.117351E+07 1.079063E+07 1.049907E+07 1.027762E+07 1.010615E+07 9.492985E+06 8.670802E+06 7.548675E+06 6.347974E+06 5.242225E+06 4.297073E+06 2.866555E+06 1.884743E+06 1.200792E+06 7.377143E+05 4.434289E+05 2.665016E+05 
3.313581E+07 2.272938E+07 1.852809E+07 1.487293E+07 1.415392E+07 1.237596E+07 1.083759E+07 9.868594E+06 9.226971E+06 8.768538E+06 8.413451E+06 7.868353E+06 7.451191E+06 7.123590E+06 6.868966E+06 6.673703E+06 6.524274E+06 6.407883E+06 5.994386E+06 5.455740E+06 4.728654E+06 3.956093E+06 3.248886E+06 2.647331E+06 1.741512E+06 1.124225E+06 6.999774E+05 4.191134E+05 2.455163E+05 1.440792E+05 
3.030799E+07 2.062494E+07 1.682639E+07 1.377793E+07 1.321942E+07 1.162849E+07 1.016862E+07 9.247139E+06 8.635590E+06 8.196584E+06 7.854112E+06 7.321465E+06 6.905737E+06 6.572231E+06 6.306727E+06 6.097452E+06 5.932309E+06 5.799566E+06 5.315644E+06 4.748384E+06 4.036119E+06 3.306107E+06 2.652853E+06 2.106836E+06 1.304602E+06 7.822462E+05 4.474175E+05 2.449682E+05 1.316365E+05 7.148582E+04 
2.757130E+07 1.864447E+07 1.521922E+07 1.243814E+07 1.177802E+07 9.862448E+06 8.482515E+06 7.661158E+06 7.131713E+06 6.759661E+06 6.474186E+06 6.037124E+06 5.699743E+06 5.430257E+06 5.216103E+06 5.047445E+06 4.914383E+06 4.807348E+06 4.412995E+06 3.943274E+06 3.352942E+06 2.749301E+06 2.210343E+06 1.760468E+06 1.099056E+06 6.657246E+05 3.847961E+05 2.126871E+05 1.151594E+05 6.287977E+04 
2.665110E+07 1.798766E+07 1.471577E+07 1.243247E+07 1.206417E+07 1.069631E+07 9.341947E+06 8.487056E+06 7.919801E+06 7.511750E+06 7.191986E+06 6.689810E+06 6.291625E+06 5.966513E+06 5.702612E+06 5.490154E+06 5.318756E+06 5.178079E+06 4.659804E+06 4.101731E+06 3.443682E+06 2.791769E+06 2.221335E+06 1.752515E+06 1.076015E+06 6.427622E+05 3.673294E+05 2.012409E+05 1.082533E+05 5.884445E+04 
2.846054E+07 1.928321E+07 1.573159E+07 1.278954E+07 1.210051E+07 1.015901E+07 8.750974E+06 7.909184E+06 7.365332E+06 6.982684E+06 6.688985E+06 6.239761E+06 5.893967E+06 5.618815E+06 5.401124E+06 5.230517E+06 5.096604E+06 4.989403E+06 4.595215E+06 4.116929E+06 3.508692E+06 2.883004E+06 2.322156E+06 1.852580E+06 1.159748E+06 7.040168E+05 4.076401E+05 2.256309E+05 1.223060E+05 6.684240E+04 
2.509476E+07 1.689280E+07 1.383048E+07 1.162481E+07 1.114070E+07 9.477980E+06 8.167543E+06 7.378089E+06 6.865351E+06 6.501697E+06 6.219428E+06 5.779088E+06 5.430331E+06 5.144496E+06 4.911002E+06 4.721457E+06 4.566998E+06 4.438788E+06 3.956170E+06 3.444865E+06 2.860439E+06 2.294272E+06 1.807121E+06 1.412235E+06 8.520480E+05 5.008075E+05 2.818296E+05 1.521519E+05 8.073893E+04 4.335305E+04 
2.221231E+07 1.487407E+07 1.222718E+07 1.057825E+07 1.021872E+07 8.711804E+06 7.492458E+06 6.760858E+06 6.286431E+06 5.949745E+06 5.687818E+06 5.277164E+06 4.949394E+06 4.678650E+06 4.455846E+06 4.273819E+06 4.124799E+06 4.000864E+06 3.541751E+06 3.074497E+06 2.548138E+06 2.040371E+06 1.604319E+06 1.251390E+06 7.518809E+05 4.399337E+05 2.464184E+05 1.324362E+05 6.999140E+04 3.745147E+04 
3.315217E+07 2.276741E+07 1.856751E+07 1.493217E+07 1.422855E+07 1.247946E+07 1.093248E+07 9.952700E+06 9.300983E+06 8.832442E+06 8.466474E+06 7.896293E+06 7.450198E+06 7.091208E+06 6.803902E+06 6.575417E+06 6.392647E+06 6.243028E+06 5.671294E+06 5.009117E+06 4.214022E+06 3.425012E+06 2.736042E+06 2.171835E+06 1.362298E+06 8.442811E+05 5.084001E+05 2.966091E+05 1.704470E+05 9.865154E+04 
3.006578E+07 2.044297E+07 1.668262E+07 1.374941E+07 1.326020E+07 1.180973E+07 1.036244E+07 9.436560E+06 8.818478E+06 8.372838E+06 8.023843E+06 7.478436E+06 7.050446E+06 6.705442E+06 6.429386E+06 6.210533E+06 6.036701E+06 5.896013E+06 5.379188E+06 4.786273E+06 4.056157E+06 3.316095E+06 2.658589E+06 2.111752E+06 1.311577E+06 7.908413E+05 4.554704E+05 2.511417E+05 1.358158E+05 7.414708E+04 
4.040976E+07 2.827192E+07 2.306881E+07 1.825378E+07 1.752640E+07 1.634329E+07 1.469340E+07 1.353857E+07 1.273584E+07 1.214220E+07 1.166952E+07 1.092236E+07 1.033570E+07 9.867329E+06 9.497754E+06 9.209010E+06 8.982525E+06 8.800673E+06 8.118114E+06 7.283982E+06 6.232957E+06 5.156550E+06 4.193386E+06 3.387887E+06 2.199677E+06 1.409839E+06 8.767718E+05 5.268767E+05 3.106696E+05 1.837329E+05 
2.831423E+07 1.919505E+07 1.568031E+07 1.298258E+07 1.246866E+07 1.087039E+07 9.462829E+06 8.587180E+06 8.009966E+06 7.597027E+06 7.275117E+06 6.772959E+06 6.377839E+06 6.057349E+06 5.798718E+06 5.591511E+06 5.424900E+06 5.288288E+06 4.777743E+06 4.211813E+06 3.539796E+06 2.873721E+06 2.291290E+06 1.813010E+06 1.123249E+06 6.803281E+05 3.960150E+05 2.216537E+05 1.219155E+05 6.768521E+04 
2.425109E+07 1.629233E+07 1.334088E+07 1.116054E+07 1.061300E+07 8.815667E+06 7.541878E+06 6.794008E+06 6.314796E+06 5.978535E+06 5.719898E+06 5.320472E+06 5.007103E+06 4.752083E+06 4.545216E+06 4.378609E+06 4.244043E+06 4.133359E+06 3.720659E+06 3.269942E+06 2.738808E+06 2.214468E+06 1.757253E+06 1.382618E+06 8.440115E+05 5.007262E+05 2.837663E+05 1.539475E+05 8.194268E+04 4.407226E+04 
2.738118E+07 1.850541E+07 1.512478E+07 1.264337E+07 1.219935E+07 1.070610E+07 9.329475E+06 8.469067E+06 7.900948E+06 7.494052E+06 7.176564E+06 6.680804E+06 6.290301E+06 5.973308E+06 5.717452E+06 5.512644E+06 5.348336E+06 5.214132E+06 4.719714E+06 4.174428E+06 3.520932E+06 2.867693E+06 2.292340E+06 1.816741E+06 1.124923E+06 6.769207E+05 3.891549E+05 2.141527E+05 1.155578E+05 6.294110E+04 
2.583337E+07 1.741362E+07 1.423562E+07 1.175530E+07 1.114201E+07 9.262074E+06 7.936174E+06 7.154605E+06 6.652774E+06 6.300381E+06 6.029441E+06 5.611881E+06 5.285636E+06 5.021380E+06 4.808025E+06 4.636933E+06 4.499223E+06 4.386180E+06 3.961464E+06 3.487027E+06 2.923116E+06 2.364907E+06 1.877631E+06 1.478189E+06 9.038624E+05 5.377479E+05 3.060231E+05 1.669056E+05 8.936566E+04 4.835021E+04 
2.850412E+07 1.932980E+07 1.579184E+07 1.312277E+07 1.265783E+07 1.117968E+07 9.776787E+06 8.892725E+06 8.307589E+06 7.888734E+06 7.562857E+06 7.057656E+06 6.664626E+06 6.350155E+06 6.100635E+06 5.904979E+06 5.751807E+06 5.630030E+06 5.199807E+06 4.694184E+06 4.043479E+06 3.365549E+06 2.752150E+06 2.234769E+06 1.462698E+06 9.411871E+05 5.847825E+05 3.496416E+05 2.046083E+05 1.199763E+05 
2.536971E+07 1.707048E+07 1.398853E+07 1.205174E+07 1.181788E+07 1.067738E+07 9.365272E+06 8.522211E+06 7.958483E+06 7.550543E+06 7.229159E+06 6.721209E+06 6.315801E+06 5.983146E+06 5.712027E+06 5.493077E+06 5.316131E+06 5.170936E+06 4.644187E+06 4.092788E+06 3.445804E+06 2.803468E+06 2.239413E+06 1.773967E+06 1.097972E+06 6.607692E+05 3.800883E+05 2.093746E+05 1.131311E+05 6.171374E+04 
4.440930E+07 3.141700E+07 2.566150E+07 1.999748E+07 1.907097E+07 1.778445E+07 1.604875E+07 1.481687E+07 1.395368E+07 1.331193E+07 1.279939E+07 1.198848E+07 1.135371E+07 1.085002E+07 1.045545E+07 1.014925E+07 9.910147E+06 9.718263E+06 8.977971E+06 8.036293E+06 6.844930E+06 5.627613E+06 4.541124E+06 3.634742E+06 2.304596E+06 1.432838E+06 8.600901E+05 4.981245E+05 2.836764E+05 1.627462E+05 
4.220681E+07 2.968387E+07 2.422949E+07 1.897533E+07 1.809478E+07 1.668197E+07 1.496993E+07 1.378580E+07 1.296619E+07 1.236212E+07 1.188289E+07 1.112960E+07 1.054278E+07 1.007819E+07 9.714867E+06 9.433651E+06 9.215070E+06 9.040886E+06 8.384193E+06 7.551637E+06 6.484159E+06 5.382129E+06 4.391045E+06 3.559078E+06 2.326556E+06 1.502563E+06 9.423477E+05 5.711916E+05 3.395291E+05 2.022192E+05 
2.757025E+07 1.864808E+07 1.523454E+07 1.261775E+07 1.208491E+07 1.041675E+07 9.032355E+06 8.183026E+06 7.626930E+06 7.231111E+06 6.923880E+06 6.447003E+06 6.073634E+06 5.772001E+06 5.529656E+06 5.336568E+06 5.182367E+06 5.056897E+06 4.593056E+06 4.067732E+06 3.429346E+06 2.788019E+06 2.222340E+06 1.754973E+06 1.077452E+06 6.423939E+05 3.660167E+05 1.998176E+05 1.071028E+05 5.802291E+04 
2.833607E+07 1.918443E+07 1.565963E+07 1.288767E+07 1.231993E+07 1.061520E+07 9.211415E+06 8.350079E+06 7.786773E+06 7.386869E+06 7.077681E+06 6.601106E+06 6.231728E+06 5.936463E+06 5.702022E+06 5.517765E+06 5.372890E+06 5.256930E+06 4.837079E+06 4.339872E+06 3.708606E+06 3.057166E+06 2.471032E+06 1.978384E+06 1.247251E+06 7.622127E+05 4.440769E+05 2.471786E+05 1.346502E+05 7.390494E+04 
3.533803E+07 2.438724E+07 1.987947E+07 1.584274E+07 1.508058E+07 1.334557E+07 1.174884E+07 1.072271E+07 1.003622E+07 9.541830E+06 9.156285E+06 8.559731E+06 8.099505E+06 7.735677E+06 7.450742E+06 7.229982E+06 7.058685E+06 6.922964E+06 6.426386E+06 5.804731E+06 4.997789E+06 4.157766E+06 3.398453E+06 2.758528E+06 1.805162E+06 1.163026E+06 7.248620E+05 4.353768E+05 2.561226E+05 1.509752E+05 
2.786197E+07 1.885790E+07 1.540503E+07 1.276681E+07 1.225005E+07 1.062945E+07 9.239576E+06 8.381308E+06 7.818276E+06 7.417509E+06 7.106854E+06 6.626399E+06 6.252573E+06 5.952725E+06 5.713803E+06 5.525309E+06 5.376512E+06 5.256972E+06 4.824154E+06 4.320944E+06 3.688939E+06 3.040363E+06 2.459211E+06 1.972511E+06 1.253094E+06 7.762848E+05 4.610570E+05 2.626119E+05 1.465765E+05 8.234937E+04 
3.712496E+07 2.573905E+07 2.098508E+07 1.667617E+07 1.592301E+07 1.435359E+07 1.273256E+07 1.166219E+07 1.093743E+07 1.041159E+07 9.999662E+06 9.360989E+06 8.869564E+06 8.483734E+06 8.184589E+06 7.955791E+06 7.780955E+06 7.644660E+06 7.152010E+06 6.499540E+06 5.621798E+06 4.692816E+06 3.845246E+06 3.126805E+06 2.051602E+06 1.325550E+06 8.294129E+05 5.006779E+05 2.961702E+05 1.755385E+05 
3.764848E+07 2.607927E+07 2.125275E+07 1.695939E+07 1.631171E+07 1.505523E+07 1.345103E+07 1.235448E+07 1.160032E+07 1.104666E+07 1.060846E+07 9.920363E+06 9.383284E+06 8.956109E+06 8.620240E+06 8.359116E+06 8.155777E+06 7.994096E+06 7.401394E+06 6.668971E+06 5.724409E+06 4.741757E+06 3.851542E+06 3.098579E+06 1.971938E+06 1.216793E+06 7.163580E+05 4.031878E+05 2.221274E+05 1.232525E+05 
2.917207E+07 1.978792E+07 1.614430E+07 1.322014E+07 1.262669E+07 1.090589E+07 9.477546E+06 8.597221E+06 8.020233E+06 7.610163E+06 7.293054E+06 6.804811E+06 6.427478E+06 6.126972E+06 5.889373E+06 5.703497E+06 5.558055E+06 5.442181E+06 5.023502E+06 4.518488E+06 3.869769E+06 3.196449E+06 2.588420E+06 2.075982E+06 1.313105E+06 8.050989E+05 4.706628E+05 2.628852E+05 1.436873E+05 7.910855E+04 
2.967521E+07 2.016339E+07 1.646057E+07 1.362582E+07 1.317052E+07 1.177317E+07 1.033787E+07 9.416569E+06 8.800607E+06 8.355859E+06 8.007000E+06 7.460419E+06 7.030024E+06 6.681867E+06 6.402237E+06 6.179633E+06 6.002038E+06 5.857685E+06 5.325779E+06 4.724982E+06 3.994047E+06 3.258123E+06 2.607337E+06 2.068130E+06 1.282672E+06 7.738363E+05 4.467416E+05 2.472641E+05 1.343297E+05 7.368291E+04 
4.093640E+07 2.865295E+07 2.337474E+07 1.846633E+07 1.773656E+07 1.661003E+07 1.496747E+07 1.381015E+07 1.300477E+07 1.241009E+07 1.193842E+07 1.119945E+07 1.062821E+07 1.018104E+07 9.836942E+06 9.576640E+06 9.380519E+06 9.230162E+06 8.703088E+06 7.984917E+06 6.985959E+06 5.905272E+06 4.902172E+06 4.038783E+06 2.718622E+06 1.799161E+06 1.150288E+06 7.072652E+05 4.246973E+05 2.547398E+05 
2.548975E+07 1.716543E+07 1.406033E+07 1.199198E+07 1.166044E+07 1.031830E+07 8.998752E+06 8.170717E+06 7.623177E+06 7.230338E+06 6.923120E+06 6.441595E+06 6.060392E+06 5.749502E+06 5.497512E+06 5.295099E+06 5.132354E+06 4.999385E+06 4.516133E+06 3.996866E+06 3.377884E+06 2.759017E+06 2.213505E+06 1.762213E+06 1.104493E+06 6.758227E+05 3.967272E+05 2.235192E+05 1.235431E+05 6.882920E+04 
4.039375E+07 2.822255E+07 2.302127E+07 1.827417E+07 1.762332E+07 1.666117E+07 1.505204E+07 1.390318E+07 1.309977E+07 1.250463E+07 1.203139E+07 1.128781E+07 1.071141E+07 1.025926E+07 9.910804E+06 9.646928E+06 9.448030E+06 9.295592E+06 8.763158E+06 8.038101E+06 7.027418E+06 5.932970E+06 4.916718E+06 4.041935E+06 2.705009E+06 1.776467E+06 1.125538E+06 6.855255E+05 4.079970E+05 2.428325E+05 
3.832486E+07 2.664833E+07 2.173207E+07 1.729976E+07 1.661595E+07 1.532976E+07 1.370426E+07 1.259051E+07 1.182277E+07 1.125754E+07 1.080858E+07 1.009951E+07 9.541706E+06 9.094452E+06 8.739384E+06 8.459858E+06 8.238661E+06 8.059390E+06 7.378169E+06 6.562890E+06 5.558376E+06 4.544783E+06 3.647759E+06 2.904311E+06 1.821254E+06 1.117865E+06 6.609057E+05 3.764165E+05 2.107971E+05 1.190666E+05 
2.713342E+07 1.833970E+07 1.497759E+07 1.227703E+07 1.163131E+07 9.728368E+06 8.360747E+06 7.547827E+06 7.023785E+06 6.655110E+06 6.371640E+06 5.935908E+06 5.597535E+06 5.325553E+06 5.107900E+06 4.935097E+06 4.797500E+06 4.685728E+06 4.268687E+06 3.784326E+06 3.190835E+06 2.593626E+06 2.066901E+06 1.631974E+06 1.002123E+06 5.980414E+05 3.412810E+05 1.866704E+05 1.002488E+05 5.440142E+04 
2.641836E+07 1.781964E+07 1.456681E+07 1.211425E+07 1.158309E+07 9.875557E+06 8.527475E+06 7.712185E+06 7.182325E+06 6.807162E+06 6.517034E+06 6.067891E+06 5.716396E+06 5.432020E+06 5.203035E+06 5.020144E+06 4.873742E+06 4.754392E+06 4.314142E+06 3.822166E+06 3.228009E+06 2.631978E+06 2.105910E+06 1.670373E+06 1.035634E+06 6.236602E+05 3.585901E+05 1.972484E+05 1.063404E+05 5.784991E+04 
2.964086E+07 2.014654E+07 1.642358E+07 1.319686E+07 1.241322E+07 1.032695E+07 8.879423E+06 8.019477E+06 7.465381E+06 7.076306E+06 6.778163E+06 6.322884E+06 5.972864E+06 5.694462E+06 5.474078E+06 5.301022E+06 5.164674E+06 5.054902E+06 4.644521E+06 4.147645E+06 3.523884E+06 2.887666E+06 2.320627E+06 1.847900E+06 1.153802E+06 6.995657E+05 4.050765E+05 2.244289E+05 1.218384E+05 6.669984E+04 
3.116425E+07 2.123140E+07 1.730711E+07 1.405730E+07 1.343781E+07 1.176374E+07 1.028307E+07 9.353101E+06 8.738303E+06 8.299258E+06 7.959054E+06 7.435838E+06 7.033819E+06 6.716461E+06 6.468281E+06 6.276651E+06 6.128936E+06 6.013086E+06 5.600888E+06 5.078088E+06 4.381151E+06 3.643602E+06 2.968991E+06 2.394788E+06 1.529916E+06 9.460863E+05 5.572715E+05 3.133487E+05 1.722748E+05 9.532549E+04 
3.712748E+07 2.568264E+07 2.092811E+07 1.671831E+07 1.606968E+07 1.476268E+07 1.316523E+07 1.208234E+07 1.134042E+07 1.079733E+07 1.036861E+07 9.697609E+06 9.175818E+06 8.762171E+06 8.438090E+06 8.187198E+06 7.992820E+06 7.839134E+06 7.279615E+06 6.576983E+06 5.658850E+06 4.697290E+06 3.822714E+06 3.080947E+06 1.967734E+06 1.218829E+06 7.205294E+05 4.072840E+05 2.253245E+05 1.255042E+05 
2.749016E+07 1.861568E+07 1.522669E+07 1.279402E+07 1.239922E+07 1.101107E+07 9.627021E+06 8.748936E+06 8.164120E+06 7.741735E+06 7.409201E+06 6.883239E+06 6.462323E+06 6.115489E+06 5.831000E+06 5.599020E+06 5.408969E+06 5.250283E+06 4.647441E+06 4.017846E+06 3.312308E+06 2.638349E+06 2.064904E+06 1.604769E+06 9.610975E+05 5.644037E+05 3.196363E+05 1.747530E+05 9.429167E+04 5.156402E+04 
2.408967E+07 1.616989E+07 1.326126E+07 1.139934E+07 1.107547E+07 9.693617E+06 8.414541E+06 7.623729E+06 7.104215E+06 6.732859E+06 6.442967E+06 5.988573E+06 5.627802E+06 5.332189E+06 5.091229E+06 4.896477E+06 4.738890E+06 4.609369E+06 4.136985E+06 3.641313E+06 3.061608E+06 2.487844E+06 1.985183E+06 1.571100E+06 9.706172E+05 5.827361E+05 3.340725E+05 1.832194E+05 9.849659E+04 5.344531E+04 
2.665431E+07 1.798639E+07 1.471101E+07 1.238474E+07 1.198174E+07 1.054210E+07 9.187727E+06 8.340339E+06 7.780513E+06 7.379239E+06 7.065815E+06 6.575623E+06 6.188740E+06 5.874161E+06 5.619914E+06 5.416212E+06 5.252748E+06 5.119307E+06 4.630642E+06 4.095611E+06 3.454248E+06 2.812491E+06 2.246966E+06 1.779495E+06 1.100025E+06 6.608817E+05 3.794648E+05 2.086625E+05 1.125610E+05 6.131101E+04 
3.779274E+07 2.624885E+07 2.139408E+07 1.681878E+07 1.591194E+07 1.401807E+07 1.235634E+07 1.128888E+07 1.057485E+07 1.006178E+07 9.663583E+06 9.054089E+06 8.592654E+06 8.236126E+06 7.964597E+06 7.761265E+06 7.609699E+06 7.494668E+06 7.087502E+06 6.498562E+06 5.665294E+06 4.762594E+06 3.927040E+06 3.211015E+06 2.125376E+06 1.381028E+06 8.665474E+05 5.233693E+05 3.093079E+05 1.830242E+05 
2.483823E+07 1.672693E+07 1.369333E+07 1.140615E+07 1.083419E+07 9.002538E+06 7.705365E+06 6.942185E+06 6.452320E+06 6.107876E+06 5.842255E+06 5.430235E+06 5.104967E+06 4.838511E+06 4.620674E+06 4.443539E+06 4.298822E+06 4.178289E+06 3.720015E+06 3.233073E+06 2.679945E+06 2.147177E+06 1.691039E+06 1.322964E+06 8.036281E+05 4.789782E+05 2.752597E+05 1.525364E+05 8.326035E+04 4.595377E+04 
2.946160E+07 2.000539E+07 1.633165E+07 1.352030E+07 1.305806E+07 1.163249E+07 1.020121E+07 9.286500E+06 8.676077E+06 8.235855E+06 7.890858E+06 7.350835E+06 6.925949E+06 6.582444E+06 6.306722E+06 6.087422E+06 5.912681E+06 5.770876E+06 5.250326E+06 4.661258E+06 3.941456E+06 3.214583E+06 2.570459E+06 2.035969E+06 1.256597E+06 7.524287E+05 4.301648E+05 2.354550E+05 1.264637E+05 6.862525E+04 
4.256168E+07 2.995552E+07 2.445368E+07 1.917049E+07 1.832259E+07 1.704195E+07 1.533962E+07 1.414458E+07 1.331230E+07 1.269627E+07 1.220577E+07 1.143140E+07 1.082533E+07 1.034366E+07 9.965643E+06 9.671972E+06 9.442855E+06 9.259669E+06 8.570109E+06 7.710192E+06 6.615720E+06 5.488347E+06 4.474835E+06 3.623560E+06 2.360504E+06 1.515049E+06 9.418389E+05 5.650326E+05 3.324046E+05 1.961177E+05 
3.071368E+07 2.095320E+07 1.709029E+07 1.381301E+07 1.310721E+07 1.121863E+07 9.734078E+06 8.823342E+06 8.226505E+06 7.801600E+06 7.471943E+06 6.960995E+06 6.562005E+06 6.240502E+06 5.982510E+06 5.776665E+06 5.611437E+06 5.475749E+06 4.956378E+06 4.361546E+06 3.653754E+06 2.955129E+06 2.347091E+06 1.850139E+06 1.138561E+06 6.862429E+05 3.984129E+05 2.228787E+05 1.227089E+05 6.824697E+04 
2.730495E+07 1.846392E+07 1.510455E+07 1.278153E+07 1.245943E+07 1.122351E+07 9.854079E+06 8.972361E+06 8.381991E+06 7.954542E+06 7.617788E+06 7.085838E+06 6.661777E+06 6.314228E+06 6.031122E+06 5.802309E+06 5.616892E+06 5.463996E+06 4.897723E+06 4.297441E+06 3.600518E+06 2.916180E+06 2.320764E+06 1.833390E+06 1.132663E+06 6.840621E+05 3.969190E+05 2.214005E+05 1.213673E+05 6.717702E+04 
2.593513E+07 1.750071E+07 1.430796E+07 1.179101E+07 1.116008E+07 9.249065E+06 7.918107E+06 7.134699E+06 6.631377E+06 6.277371E+06 6.004604E+06 5.582816E+06 5.251894E+06 4.982906E+06 4.765077E+06 4.589975E+06 4.448823E+06 4.332930E+06 3.901171E+06 3.425506E+06 2.860732E+06 2.300936E+06 1.811968E+06 1.411481E+06 8.390051E+05 4.811890E+05 2.624992E+05 1.370128E+05 7.036525E+04 3.669722E+04 
4.993483E+07 3.593232E+07 2.943350E+07 2.258785E+07 2.136923E+07 1.995577E+07 1.811907E+07 1.678983E+07 1.584955E+07 1.514687E+07 1.458451E+07 1.369629E+07 1.300676E+07 1.246707E+07 1.205166E+07 1.173564E+07 1.149372E+07 1.130265E+07 1.055043E+07 9.506547E+06 8.138508E+06 6.720084E+06 5.444419E+06 4.376356E+06 2.808413E+06 1.782285E+06 1.102908E+06 6.631036E+05 3.927768E+05 2.338456E+05 
2.861480E+07 1.940546E+07 1.583234E+07 1.285394E+07 1.215175E+07 1.018775E+07 8.771865E+06 7.925675E+06 7.378637E+06 6.993200E+06 6.696707E+06 6.241326E+06 5.888566E+06 5.605881E+06 5.380322E+06 5.201657E+06 5.059582E+06 4.944168E+06 4.510051E+06 4.000407E+06 3.375655E+06 2.747343E+06 2.193138E+06 1.735183E+06 1.070565E+06 6.422250E+05 3.684277E+05 2.025171E+05 1.092343E+05 5.949513E+04 
3.048346E+07 2.077110E+07 1.694814E+07 1.384749E+07 1.326321E+07 1.162409E+07 1.015529E+07 9.231700E+06 8.619838E+06 8.181059E+06 7.838854E+06 7.306095E+06 6.889062E+06 6.553041E+06 6.283880E+06 6.069900E+06 5.899132E+06 5.759995E+06 5.239065E+06 4.642347E+06 3.919322E+06 3.195170E+06 2.557563E+06 2.031172E+06 1.267257E+06 7.729345E+05 4.531852E+05 2.555116E+05 1.415232E+05 7.906924E+04 
3.515990E+07 2.424710E+07 1.978063E+07 1.608385E+07 1.562617E+07 1.464785E+07 1.312870E+07 1.207713E+07 1.135187E+07 1.081867E+07 1.039599E+07 9.730701E+06 9.210175E+06 8.795859E+06 8.470607E+06 8.218943E+06 8.024726E+06 7.872402E+06 7.338032E+06 6.679767E+06 5.808116E+06 4.886513E+06 4.044228E+06 3.328318E+06 2.249574E+06 1.507172E+06 9.817790E+05 6.168838E+05 3.784015E+05 2.313061E+05 
2.776599E+07 1.880692E+07 1.537114E+07 1.278022E+07 1.228889E+07 1.071329E+07 9.321892E+06 8.457062E+06 7.886945E+06 7.478859E+06 7.160500E+06 6.663384E+06 6.271835E+06 5.954085E+06 5.697743E+06 5.492670E+06 5.328248E+06 5.194010E+06 4.698496E+06 4.147640E+06 3.484905E+06 2.822266E+06 2.239942E+06 1.760757E+06 1.071326E+06 6.344005E+05 3.604479E+05 1.971350E+05 1.062703E+05 5.804341E+04 
4.670628E+07 3.324509E+07 2.717865E+07 2.110452E+07 2.015689E+07 1.912375E+07 1.740723E+07 1.614573E+07 1.525090E+07 1.458218E+07 1.404779E+07 1.320732E+07 1.256025E+07 1.205983E+07 1.168166E+07 1.140208E+07 1.119697E+07 1.104390E+07 1.050660E+07 9.684290E+06 8.485911E+06 7.165883E+06 5.929128E+06 4.859686E+06 3.225703E+06 2.102028E+06 1.325961E+06 8.074323E+05 4.820481E+05 2.883429E+05 
2.992747E+07 2.034591E+07 1.658641E+07 1.337840E+07 1.264242E+07 1.066333E+07 9.209643E+06 8.334017E+06 7.766217E+06 7.365979E+06 7.058679E+06 6.589470E+06 6.229934E+06 5.945532E+06 5.722045E+06 5.548201E+06 5.412811E+06 5.305220E+06 4.910191E+06 4.415967E+06 3.776149E+06 3.112236E+06 2.513806E+06 2.010646E+06 1.264624E+06 7.710738E+05 4.484098E+05 2.492577E+05 1.356606E+05 7.441382E+04 
2.834643E+07 1.925226E+07 1.573477E+07 1.301846E+07 1.248954E+07 1.085919E+07 9.446244E+06 8.569895E+06 7.992885E+06 7.580018E+06 7.257605E+06 6.752247E+06 6.351233E+06 6.022750E+06 5.754615E+06 5.536883E+06 5.359101E+06 5.210957E+06 4.644466E+06 4.039223E+06 3.352810E+06 2.693331E+06 2.130382E+06 1.677781E+06 1.042666E+06 6.459784E+05 3.920149E+05 2.317504E+05 1.352378E+05 7.945182E+04 
4.059900E+07 2.844457E+07 2.320594E+07 1.812441E+07 1.715012E+07 1.531755E+07 1.358389E+07 1.244053E+07 1.166454E+07 1.109966E+07 1.065535E+07 9.961718E+06 9.422572E+06 8.994257E+06 8.656806E+06 8.392709E+06 8.184431E+06 8.015612E+06 7.360145E+06 6.552554E+06 5.554926E+06 4.549935E+06 3.662230E+06 2.927994E+06 1.861062E+06 1.167411E+06 7.108923E+05 4.189840E+05 2.429207E+05 1.416620E+05 
3.959696E+07 2.762153E+07 2.252670E+07 1.782423E+07 1.707835E+07 1.576258E+07 1.412116E+07 1.299434E+07 1.221863E+07 1.165006E+07 1.120177E+07 1.050399E+07 9.967891E+06 9.549990E+06 9.229693E+06 8.988550E+06 8.807953E+06 8.670437E+06 8.189838E+06 7.514580E+06 6.562053E+06 5.527717E+06 4.567477E+06 3.742331E+06 2.487061E+06 1.623087E+06 1.023477E+06 6.214787E+05 3.692812E+05 2.196345E+05 
3.883993E+07 2.702531E+07 2.203243E+07 1.743818E+07 1.667599E+07 1.523246E+07 1.358345E+07 1.246866E+07 1.170521E+07 1.114665E+07 1.070613E+07 1.001814E+07 9.485168E+06 9.064568E+06 8.736588E+06 8.483749E+06 8.288439E+06 8.134132E+06 7.564197E+06 6.833433E+06 5.878048E+06 4.880050E+06 3.974943E+06 3.209593E+06 2.065547E+06 1.297206E+06 7.822219E+05 4.528493E+05 2.569097E+05 1.465658E+05 
2.640056E+07 1.782611E+07 1.459026E+07 1.233135E+07 1.195022E+07 1.054609E+07 9.200325E+06 8.356932E+06 7.799834E+06 7.400793E+06 7.089376E+06 6.602904E+06 6.219536E+06 5.908319E+06 5.657333E+06 5.456876E+06 5.296727E+06 5.166744E+06 4.698263E+06 4.185227E+06 3.561796E+06 2.931827E+06 2.373049E+06 1.908869E+06 1.228673E+06 7.793025E+05 4.782506E+05 2.829976E+05 1.642201E+05 9.565235E+04 
2.990166E+07 2.039073E+07 1.662183E+07 1.316033E+07 1.222396E+07 9.858245E+06 8.404044E+06 7.564984E+06 7.031852E+06 6.660881E+06 6.378067E+06 5.946598E+06 5.612930E+06 5.344591E+06 5.128825E+06 4.955761E+06 4.815610E+06 4.699037E+06 4.233366E+06 3.690043E+06 3.056440E+06 2.444061E+06 1.921270E+06 1.501914E+06 9.172681E+05 5.574408E+05 3.318305E+05 1.927567E+05 1.108217E+05 6.432276E+04 
3.944887E+07 2.749623E+07 2.242671E+07 1.786774E+07 1.724898E+07 1.627039E+07 1.467451E+07 1.354287E+07 1.275384E+07 1.217041E+07 1.170699E+07 1.097920E+07 1.041456E+07 9.970684E+06 9.627522E+06 9.366666E+06 9.169212E+06 9.017255E+06 8.486439E+06 7.776394E+06 6.794666E+06 5.735571E+06 4.754784E+06 3.912468E+06 2.628518E+06 1.737713E+06 1.110777E+06 6.832560E+05 4.105852E+05 2.464817E+05 
